[36mINFO[0m[2026-05-09 17:13:58] using config file: /Users/jonas.n/.stash/config.yml 
[36mINFO[0m[2026-05-09 17:13:59] stash version: v0.31.1-55-g545276fd - Unofficial Build - 2026-05-09 16:50:55 
[36mINFO[0m[2026-05-09 17:13:59] stash is listening on 0.0.0.0:9999           
[36mINFO[0m[2026-05-09 17:13:59] stash is running at http://localhost:9999/   
[31mERRO[0m[2026-05-09 17:13:59] http server error: listen tcp 0.0.0.0:9999: bind: address already in use 
http server error: listen tcp 0.0.0.0:9999: bind: address already in use
[36mINFO[0m[2026-05-09 17:13:59] New version available: v0.31.1-46-g01a75833 (01a75833) 
[36mINFO[0m[2026-05-09 17:14:00] [InitHWSupport] Supported HW codecs [1]:
	H264 VideoToolbox - h264_videotoolbox 
[36mINFO[0m[2026-05-09 17:14:01] Triggering Startup sequence (Scan & Identify)... 
[36mINFO[0m[2026-05-09 17:14:01] Triggering Cloud Sync pull on startup...     
[36mINFO[0m[2026-05-09 17:14:01] Startup sequence: Starting Scan...           
[36mINFO[0m[2026-05-09 17:14:01] Starting scan: 100 scanner workers (hashing), 1 generator workers (ffmpeg) 
[36mINFO[0m[2026-05-09 17:14:01] cloud pull: updated 624/624 performers       
[36mINFO[0m[2026-05-09 17:14:01] cloud pull: updated 155/155 studios          
[36mINFO[0m[2026-05-09 17:14:01] cloud pull: updated 442/442 tags             
[36mINFO[0m[2026-05-09 17:14:02] cloud pull: updated 1000/1000 scenes         
[36mINFO[0m[2026-05-09 17:14:02] cloud pull: applied 4 app settings           
[36mINFO[0m[2026-05-09 17:14:02] Cloud Sync pull complete: synced directly from Supabase tables 
[36mINFO[0m[2026-05-09 17:14:15] rescanning /Volumes/Expansion/all_mp4/000_IKG_colleagues/grey skirt/20260423_162138.mp4 
[36mINFO[0m[2026-05-09 17:14:15] Calculating fingerprints for /Volumes/Expansion/all_mp4/000_IKG_colleagues/grey skirt/20260423_162138.mp4 ... 
[36mINFO[0m[2026-05-09 17:14:15] rescanning /Volumes/Expansion/all_mp4/000_IKG_colleagues/grey skirt/20260423_164812.mp4 
[36mINFO[0m[2026-05-09 17:14:15] Calculating fingerprints for /Volumes/Expansion/all_mp4/000_IKG_colleagues/grey skirt/20260423_164812.mp4 ... 
[36mINFO[0m[2026-05-09 17:14:15] rescanning /Volumes/Expansion/all_mp4/000_IKG_colleagues/grey skirt/20260423_163806.mp4 
[36mINFO[0m[2026-05-09 17:14:15] Calculating fingerprints for /Volumes/Expansion/all_mp4/000_IKG_colleagues/grey skirt/20260423_163806.mp4 ... 
[36mINFO[0m[2026-05-09 17:14:15] rescanning /Volumes/Expansion/all_mp4/000_IKG_colleagues/ori_vids/20260429_173050.mp4 
[36mINFO[0m[2026-05-09 17:14:15] Calculating fingerprints for /Volumes/Expansion/all_mp4/000_IKG_colleagues/ori_vids/20260429_173050.mp4 ... 
[36mINFO[0m[2026-05-09 17:14:15] rescanning /Volumes/Expansion/all_mp4/000_IKG_colleagues/grey skirt/20260423_164826.mp4 
[36mINFO[0m[2026-05-09 17:14:15] Calculating fingerprints for /Volumes/Expansion/all_mp4/000_IKG_colleagues/grey skirt/20260423_164826.mp4 ... 
[36mINFO[0m[2026-05-09 17:14:15] rescanning /Volumes/Expansion/all_mp4/000_IKG_colleagues/ori_vids/20260429_112941.mp4 
[36mINFO[0m[2026-05-09 17:14:15] Calculating fingerprints for /Volumes/Expansion/all_mp4/000_IKG_colleagues/ori_vids/20260429_112941.mp4 ... 
[36mINFO[0m[2026-05-09 17:14:15] rescanning /Volumes/Expansion/all_mp4/000_IKG_colleagues/ori_vids/20260429_173220.mp4 
[36mINFO[0m[2026-05-09 17:14:15] Calculating fingerprints for /Volumes/Expansion/all_mp4/000_IKG_colleagues/ori_vids/20260429_173220.mp4 ... 
[36mINFO[0m[2026-05-09 17:14:15] rescanning /Volumes/Expansion/all_mp4/000_IKG_colleagues/ori_vids/20260429_160322.mp4 
[36mINFO[0m[2026-05-09 17:14:15] Calculating fingerprints for /Volumes/Expansion/all_mp4/000_IKG_colleagues/ori_vids/20260429_160322.mp4 ... 
[36mINFO[0m[2026-05-09 17:14:15] rescanning /Volumes/Expansion/all_mp4/000_IKG_colleagues/grey skirt/20260423_164634.mp4 
[36mINFO[0m[2026-05-09 17:14:15] Calculating fingerprints for /Volumes/Expansion/all_mp4/000_IKG_colleagues/grey skirt/20260423_164634.mp4 ... 
[36mINFO[0m[2026-05-09 17:14:15] rescanning /Volumes/Expansion/all_mp4/000_IKG_colleagues/ori_vids/20260429_112628.mp4 
[36mINFO[0m[2026-05-09 17:14:15] Calculating fingerprints for /Volumes/Expansion/all_mp4/000_IKG_colleagues/ori_vids/20260429_112628.mp4 ... 
[36mINFO[0m[2026-05-09 17:14:15] rescanning /Volumes/Expansion/all_mp4/000_IKG_colleagues/white fluffy skirt/IKG_colleague_white_fluffy.mp4 
[36mINFO[0m[2026-05-09 17:14:15] Calculating fingerprints for /Volumes/Expansion/all_mp4/000_IKG_colleagues/white fluffy skirt/IKG_colleague_white_fluffy.mp4 ... 
[36mINFO[0m[2026-05-09 17:14:15] rescanning /Volumes/Expansion/all_mp4/4k2.com@sone-526.mp4 
[36mINFO[0m[2026-05-09 17:14:15] Calculating fingerprints for /Volumes/Expansion/all_mp4/4k2.com@sone-526.mp4 ... 
[36mINFO[0m[2026-05-09 17:14:15] rescanning /Volumes/Expansion/all_mp4/476MLA-184.mp4 
[36mINFO[0m[2026-05-09 17:14:15] Calculating fingerprints for /Volumes/Expansion/all_mp4/476MLA-184.mp4 ... 
[36mINFO[0m[2026-05-09 17:14:15] rescanning /Volumes/Expansion/all_mp4/18+游戏大全(996gg.cc)-七龍珠H版-三國志H版-三國群淫傳等.mp4 
[36mINFO[0m[2026-05-09 17:14:15] Calculating fingerprints for /Volumes/Expansion/all_mp4/18+游戏大全(996gg.cc)-七龍珠H版-三國志H版-三國群淫傳等.mp4 ... 
[36mINFO[0m[2026-05-09 17:14:15] rescanning /Volumes/Expansion/all_mp4/230OREMO-270.mp4 
[36mINFO[0m[2026-05-09 17:14:15] Calculating fingerprints for /Volumes/Expansion/all_mp4/230OREMO-270.mp4 ... 
[36mINFO[0m[2026-05-09 17:14:15] rescanning /Volumes/Expansion/all_mp4/AARM-263.mp4 
[36mINFO[0m[2026-05-09 17:14:15] Calculating fingerprints for /Volumes/Expansion/all_mp4/AARM-263.mp4 ... 
[36mINFO[0m[2026-05-09 17:14:15] rescanning /Volumes/Expansion/all_mp4/ABF-174.mp4 
[36mINFO[0m[2026-05-09 17:14:15] Calculating fingerprints for /Volumes/Expansion/all_mp4/ABF-174.mp4 ... 
[36mINFO[0m[2026-05-09 17:14:15] rescanning /Volumes/Expansion/all_mp4/ABF-176.mp4 
[36mINFO[0m[2026-05-09 17:14:15] Calculating fingerprints for /Volumes/Expansion/all_mp4/ABF-176.mp4 ... 
[36mINFO[0m[2026-05-09 17:14:15] rescanning /Volumes/Expansion/all_mp4/ABF-175.mp4 
[36mINFO[0m[2026-05-09 17:14:15] Calculating fingerprints for /Volumes/Expansion/all_mp4/ABF-175.mp4 ... 
[36mINFO[0m[2026-05-09 17:14:16] rescanning /Volumes/Expansion/all_mp4/ABF-179.mp4 
[36mINFO[0m[2026-05-09 17:14:16] Calculating fingerprints for /Volumes/Expansion/all_mp4/ABF-179.mp4 ... 
[36mINFO[0m[2026-05-09 17:14:17] rescanning /Volumes/Expansion/all_mp4/ADN-576/hhd800.com@ADN-576.mp4 
[36mINFO[0m[2026-05-09 17:14:17] Calculating fingerprints for /Volumes/Expansion/all_mp4/ADN-576/hhd800.com@ADN-576.mp4 ... 
[36mINFO[0m[2026-05-09 17:14:17] rescanning /Volumes/Expansion/all_mp4/ADN-720.mp4 
[36mINFO[0m[2026-05-09 17:14:17] rescanning /Volumes/Expansion/all_mp4/ADN-672.mp4 
[36mINFO[0m[2026-05-09 17:14:17] Calculating fingerprints for /Volumes/Expansion/all_mp4/ADN-672.mp4 ... 
[36mINFO[0m[2026-05-09 17:14:17] Calculating fingerprints for /Volumes/Expansion/all_mp4/ADN-720.mp4 ... 
[36mINFO[0m[2026-05-09 17:14:17] rescanning /Volumes/Expansion/all_mp4/APAK-292.mp4 
[36mINFO[0m[2026-05-09 17:14:17] Calculating fingerprints for /Volumes/Expansion/all_mp4/APAK-292.mp4 ... 
[36mINFO[0m[2026-05-09 17:14:17] rescanning /Volumes/Expansion/all_mp4/AKDL-306.mp4 
[36mINFO[0m[2026-05-09 17:14:17] Calculating fingerprints for /Volumes/Expansion/all_mp4/AKDL-306.mp4 ... 
[36mINFO[0m[2026-05-09 17:14:17] rescanning /Volumes/Expansion/all_mp4/AMBI-124.mp4 
[36mINFO[0m[2026-05-09 17:14:17] Calculating fingerprints for /Volumes/Expansion/all_mp4/AMBI-124.mp4 ... 
[36mINFO[0m[2026-05-09 17:14:17] rescanning /Volumes/Expansion/all_mp4/ANNA TAKEUCHI - THE BEST DRAMAS TOUR (2024.12.15 Zepp Shinjuku -TOKYO-) 2025-08-08 1252 [TubeRipper.com].mp4 
[36mINFO[0m[2026-05-09 17:14:17] Calculating fingerprints for /Volumes/Expansion/all_mp4/ANNA TAKEUCHI - THE BEST DRAMAS TOUR (2024.12.15 Zepp Shinjuku -TOKYO-) 2025-08-08 1252 [TubeRipper.com].mp4 ... 
[36mINFO[0m[2026-05-09 17:14:17] rescanning /Volumes/Expansion/all_mp4/APNS-358.mp4 
[36mINFO[0m[2026-05-09 17:14:17] Calculating fingerprints for /Volumes/Expansion/all_mp4/APNS-358.mp4 ... 
[36mINFO[0m[2026-05-09 17:14:17] rescanning /Volumes/Expansion/all_mp4/ATID-646.mp4 
[36mINFO[0m[2026-05-09 17:14:17] Calculating fingerprints for /Volumes/Expansion/all_mp4/ATID-646.mp4 ... 
[36mINFO[0m[2026-05-09 17:14:17] rescanning /Volumes/Expansion/all_mp4/BF-620.mp4 
[36mINFO[0m[2026-05-09 17:14:17] Calculating fingerprints for /Volumes/Expansion/all_mp4/BF-620.mp4 ... 
[36mINFO[0m[2026-05-09 17:14:17] rescanning /Volumes/Expansion/all_mp4/CAWD-165.mp4 
[36mINFO[0m[2026-05-09 17:14:17] Calculating fingerprints for /Volumes/Expansion/all_mp4/CAWD-165.mp4 ... 
[36mINFO[0m[2026-05-09 17:14:17] rescanning /Volumes/Expansion/all_mp4/CAWD-605.mp4 
[36mINFO[0m[2026-05-09 17:14:17] Calculating fingerprints for /Volumes/Expansion/all_mp4/CAWD-605.mp4 ... 
[36mINFO[0m[2026-05-09 17:14:17] rescanning /Volumes/Expansion/all_mp4/CAWD-726.mp4 
[36mINFO[0m[2026-05-09 17:14:17] Calculating fingerprints for /Volumes/Expansion/all_mp4/CAWD-726.mp4 ... 
[36mINFO[0m[2026-05-09 17:14:17] rescanning /Volumes/Expansion/all_mp4/CAWD-743.mp4 
[36mINFO[0m[2026-05-09 17:14:17] Calculating fingerprints for /Volumes/Expansion/all_mp4/CAWD-743.mp4 ... 
[36mINFO[0m[2026-05-09 17:14:17] rescanning /Volumes/Expansion/all_mp4/CAWD-640/hhd800.com@CAWD-640.mp4 
[36mINFO[0m[2026-05-09 17:14:17] Calculating fingerprints for /Volumes/Expansion/all_mp4/CAWD-640/hhd800.com@CAWD-640.mp4 ... 
[36mINFO[0m[2026-05-09 17:14:17] rescanning /Volumes/Expansion/all_mp4/CAWD-758.mp4 
[36mINFO[0m[2026-05-09 17:14:17] Calculating fingerprints for /Volumes/Expansion/all_mp4/CAWD-758.mp4 ... 
[36mINFO[0m[2026-05-09 17:14:17] rescanning /Volumes/Expansion/all_mp4/CAWD-846.mp4 
[36mINFO[0m[2026-05-09 17:14:17] Calculating fingerprints for /Volumes/Expansion/all_mp4/CAWD-846.mp4 ... 
[36mINFO[0m[2026-05-09 17:14:18] rescanning /Volumes/Expansion/all_mp4/CAWD-883.mp4 
[36mINFO[0m[2026-05-09 17:14:18] Calculating fingerprints for /Volumes/Expansion/all_mp4/CAWD-883.mp4 ... 
[36mINFO[0m[2026-05-09 17:14:18] rescanning /Volumes/Expansion/all_mp4/CAWD-944/hhd800.com@CAWD-944.mp4 
[36mINFO[0m[2026-05-09 17:14:18] Calculating fingerprints for /Volumes/Expansion/all_mp4/CAWD-944/hhd800.com@CAWD-944.mp4 ... 
[36mINFO[0m[2026-05-09 17:14:18] rescanning /Volumes/Expansion/all_mp4/CAWD-944/18+游戏大全(996gg.cc)-七龍珠H版-三國志H版-三國群淫傳等.mp4 
[36mINFO[0m[2026-05-09 17:14:18] Calculating fingerprints for /Volumes/Expansion/all_mp4/CAWD-944/18+游戏大全(996gg.cc)-七龍珠H版-三國志H版-三國群淫傳等.mp4 ... 
[36mINFO[0m[2026-05-09 17:14:18] rescanning /Volumes/Expansion/all_mp4/DANDY-952.mp4 
[36mINFO[0m[2026-05-09 17:14:18] Calculating fingerprints for /Volumes/Expansion/all_mp4/DANDY-952.mp4 ... 
[36mINFO[0m[2026-05-09 17:14:18] rescanning /Volumes/Expansion/all_mp4/DANDYA-017/18+游戏大全(996gg.cc)-七龍珠H版-三國志H版-三國群淫傳等.mp4 
[36mINFO[0m[2026-05-09 17:14:18] Calculating fingerprints for /Volumes/Expansion/all_mp4/DANDYA-017/18+游戏大全(996gg.cc)-七龍珠H版-三國志H版-三國群淫傳等.mp4 ... 
[36mINFO[0m[2026-05-09 17:14:19] [generator] generating sprite image for /Volumes/Expansion/all_mp4/ANNA TAKEUCHI - THE BEST DRAMAS TOUR (2024.12.15 Zepp Shinjuku -TOKYO-) 2025-08-08 1252 [TubeRipper.com].mp4 
[36mINFO[0m[2026-05-09 17:14:20] rescanning /Volumes/Expansion/all_mp4/DASS-498.mp4 
[36mINFO[0m[2026-05-09 17:14:20] Calculating fingerprints for /Volumes/Expansion/all_mp4/DASS-498.mp4 ... 
[36mINFO[0m[2026-05-09 17:14:20] rescanning /Volumes/Expansion/all_mp4/DANDYA-017/hhd800.com@DANDYA-017.mp4 
[36mINFO[0m[2026-05-09 17:14:20] Calculating fingerprints for /Volumes/Expansion/all_mp4/DANDYA-017/hhd800.com@DANDYA-017.mp4 ... 
[36mINFO[0m[2026-05-09 17:14:20] rescanning /Volumes/Expansion/all_mp4/DASS-517.mp4 
[36mINFO[0m[2026-05-09 17:14:20] Calculating fingerprints for /Volumes/Expansion/all_mp4/DASS-517.mp4 ... 
[36mINFO[0m[2026-05-09 17:14:20] rescanning /Volumes/Expansion/all_mp4/DASS-645.mp4 
[36mINFO[0m[2026-05-09 17:14:20] Calculating fingerprints for /Volumes/Expansion/all_mp4/DASS-645.mp4 ... 
[36mINFO[0m[2026-05-09 17:14:20] rescanning /Volumes/Expansion/all_mp4/DASS-518.mp4 
[36mINFO[0m[2026-05-09 17:14:20] Calculating fingerprints for /Volumes/Expansion/all_mp4/DASS-518.mp4 ... 
[36mINFO[0m[2026-05-09 17:14:20] rescanning /Volumes/Expansion/all_mp4/DASS-798/18+游戏大全(996gg.cc)-七龍珠H版-三國志H版-三國群淫傳等.mp4 
[36mINFO[0m[2026-05-09 17:14:20] Calculating fingerprints for /Volumes/Expansion/all_mp4/DASS-798/18+游戏大全(996gg.cc)-七龍珠H版-三國志H版-三國群淫傳等.mp4 ... 
[36mINFO[0m[2026-05-09 17:14:20] rescanning /Volumes/Expansion/all_mp4/DASS-798/hhd800.com@DASS-798.mp4 
[36mINFO[0m[2026-05-09 17:14:20] Calculating fingerprints for /Volumes/Expansion/all_mp4/DASS-798/hhd800.com@DASS-798.mp4 ... 
[36mINFO[0m[2026-05-09 17:14:20] rescanning /Volumes/Expansion/all_mp4/DG-392.mp4 
[36mINFO[0m[2026-05-09 17:14:20] Calculating fingerprints for /Volumes/Expansion/all_mp4/DG-392.mp4 ... 
[36mINFO[0m[2026-05-09 17:14:20] rescanning /Volumes/Expansion/all_mp4/DFE-091.mp4 
[36mINFO[0m[2026-05-09 17:14:20] Calculating fingerprints for /Volumes/Expansion/all_mp4/DFE-091.mp4 ... 
[36mINFO[0m[2026-05-09 17:14:20] rescanning /Volumes/Expansion/all_mp4/DLDSS-421.mp4 
[36mINFO[0m[2026-05-09 17:14:20] Calculating fingerprints for /Volumes/Expansion/all_mp4/DLDSS-421.mp4 ... 
[36mINFO[0m[2026-05-09 17:14:20] rescanning /Volumes/Expansion/all_mp4/DRPT-075.mp4 
[36mINFO[0m[2026-05-09 17:14:20] Calculating fingerprints for /Volumes/Expansion/all_mp4/DRPT-075.mp4 ... 
[36mINFO[0m[2026-05-09 17:14:20] rescanning /Volumes/Expansion/all_mp4/DOCD-060.mp4 
[36mINFO[0m[2026-05-09 17:14:20] Calculating fingerprints for /Volumes/Expansion/all_mp4/DOCD-060.mp4 ... 
[36mINFO[0m[2026-05-09 17:14:20] rescanning /Volumes/Expansion/all_mp4/DLDSS-480.mp4 
[36mINFO[0m[2026-05-09 17:14:20] Calculating fingerprints for /Volumes/Expansion/all_mp4/DLDSS-480.mp4 ... 
[36mINFO[0m[2026-05-09 17:14:20] rescanning /Volumes/Expansion/all_mp4/DOCP-324 Temptation with stairs panchira! __ My senior messed up my erection and I got a raw erection on the.mp4 
[36mINFO[0m[2026-05-09 17:14:20] Calculating fingerprints for /Volumes/Expansion/all_mp4/DOCP-324 Temptation with stairs panchira! __ My senior messed up my erection and I got a raw erection on the.mp4 ... 
[36mINFO[0m[2026-05-09 17:14:20] rescanning /Volumes/Expansion/all_mp4/DRPT-070.mp4 
[36mINFO[0m[2026-05-09 17:14:20] Calculating fingerprints for /Volumes/Expansion/all_mp4/DRPT-070.mp4 ... 
[36mINFO[0m[2026-05-09 17:14:20] rescanning /Volumes/Expansion/all_mp4/DLDSS-405/hhd800.com@DLDSS-405.mp4 
[36mINFO[0m[2026-05-09 17:14:20] Calculating fingerprints for /Volumes/Expansion/all_mp4/DLDSS-405/hhd800.com@DLDSS-405.mp4 ... 
[36mINFO[0m[2026-05-09 17:14:20] rescanning /Volumes/Expansion/all_mp4/DVMM-246.mp4 
[36mINFO[0m[2026-05-09 17:14:20] Calculating fingerprints for /Volumes/Expansion/all_mp4/DVMM-246.mp4 ... 
[36mINFO[0m[2026-05-09 17:14:20] rescanning /Volumes/Expansion/all_mp4/DRPT-104.mp4 
[36mINFO[0m[2026-05-09 17:14:20] Calculating fingerprints for /Volumes/Expansion/all_mp4/DRPT-104.mp4 ... 
[36mINFO[0m[2026-05-09 17:14:20] rescanning /Volumes/Expansion/all_mp4/DVAJ-676.mp4 
[36mINFO[0m[2026-05-09 17:14:20] Calculating fingerprints for /Volumes/Expansion/all_mp4/DVAJ-676.mp4 ... 
[36mINFO[0m[2026-05-09 17:14:20] rescanning /Volumes/Expansion/all_mp4/DVAJ-678.mp4 
[36mINFO[0m[2026-05-09 17:14:20] Calculating fingerprints for /Volumes/Expansion/all_mp4/DVAJ-678.mp4 ... 
[36mINFO[0m[2026-05-09 17:14:21] rescanning /Volumes/Expansion/all_mp4/DVRT-070/hhd800.com@DVRT-070.mp4 
[36mINFO[0m[2026-05-09 17:14:21] Calculating fingerprints for /Volumes/Expansion/all_mp4/DVRT-070/hhd800.com@DVRT-070.mp4 ... 
[36mINFO[0m[2026-05-09 17:14:21] rescanning /Volumes/Expansion/all_mp4/DVRT-070/18+游戏大全(996gg.cc)-七龍珠H版-三國志H版-三國群淫傳等.mp4 
[36mINFO[0m[2026-05-09 17:14:21] Calculating fingerprints for /Volumes/Expansion/all_mp4/DVRT-070/18+游戏大全(996gg.cc)-七龍珠H版-三國志H版-三國群淫傳等.mp4 ... 
[36mINFO[0m[2026-05-09 17:14:21] rescanning /Volumes/Expansion/all_mp4/EBWH-166.mp4 
[36mINFO[0m[2026-05-09 17:14:21] rescanning /Volumes/Expansion/all_mp4/EBWH-164.mp4 
[36mINFO[0m[2026-05-09 17:14:21] Calculating fingerprints for /Volumes/Expansion/all_mp4/EBWH-164.mp4 ... 
[36mINFO[0m[2026-05-09 17:14:21] Calculating fingerprints for /Volumes/Expansion/all_mp4/EBWH-166.mp4 ... 
[36mINFO[0m[2026-05-09 17:14:21] rescanning /Volumes/Expansion/all_mp4/EBWH-224.mp4 
[36mINFO[0m[2026-05-09 17:14:21] Calculating fingerprints for /Volumes/Expansion/all_mp4/EBWH-224.mp4 ... 
[36mINFO[0m[2026-05-09 17:14:21] rescanning /Volumes/Expansion/all_mp4/EBWH-184.mp4 
[36mINFO[0m[2026-05-09 17:14:21] Calculating fingerprints for /Volumes/Expansion/all_mp4/EBWH-184.mp4 ... 
[36mINFO[0m[2026-05-09 17:14:21] rescanning /Volumes/Expansion/all_mp4/EBWH-319.mp4 
[36mINFO[0m[2026-05-09 17:14:21] Calculating fingerprints for /Volumes/Expansion/all_mp4/EBWH-319.mp4 ... 
[36mINFO[0m[2026-05-09 17:14:21] rescanning /Volumes/Expansion/all_mp4/EKDV-760.mp4 
[36mINFO[0m[2026-05-09 17:14:21] Calculating fingerprints for /Volumes/Expansion/all_mp4/EKDV-760.mp4 ... 
[36mINFO[0m[2026-05-09 17:14:21] rescanning /Volumes/Expansion/all_mp4/EINAV-006.mp4 
[36mINFO[0m[2026-05-09 17:14:21] Calculating fingerprints for /Volumes/Expansion/all_mp4/EINAV-006.mp4 ... 
[36mINFO[0m[2026-05-09 17:14:21] rescanning /Volumes/Expansion/all_mp4/EINAV-009.mp4 
[36mINFO[0m[2026-05-09 17:14:21] Calculating fingerprints for /Volumes/Expansion/all_mp4/EINAV-009.mp4 ... 
[36mINFO[0m[2026-05-09 17:14:21] rescanning /Volumes/Expansion/all_mp4/EKDV-761.mp4 
[36mINFO[0m[2026-05-09 17:14:21] Calculating fingerprints for /Volumes/Expansion/all_mp4/EKDV-761.mp4 ... 
[36mINFO[0m[2026-05-09 17:14:21] rescanning /Volumes/Expansion/all_mp4/EROFV-299.mp4 
[36mINFO[0m[2026-05-09 17:14:21] rescanning /Volumes/Expansion/all_mp4/FJIN-056.mp4 
[36mINFO[0m[2026-05-09 17:14:21] Calculating fingerprints for /Volumes/Expansion/all_mp4/FJIN-056.mp4 ... 
[36mINFO[0m[2026-05-09 17:14:21] Calculating fingerprints for /Volumes/Expansion/all_mp4/EROFV-299.mp4 ... 
[36mINFO[0m[2026-05-09 17:14:21] rescanning /Volumes/Expansion/all_mp4/FNS-011.mp4 
[36mINFO[0m[2026-05-09 17:14:21] Calculating fingerprints for /Volumes/Expansion/all_mp4/FNS-011.mp4 ... 
[36mINFO[0m[2026-05-09 17:14:24] rescanning /Volumes/Expansion/all_mp4/FNS-027.mp4 
[36mINFO[0m[2026-05-09 17:14:24] rescanning /Volumes/Expansion/all_mp4/FNS-043.mp4 
[36mINFO[0m[2026-05-09 17:14:24] Calculating fingerprints for /Volumes/Expansion/all_mp4/FNS-043.mp4 ... 
[36mINFO[0m[2026-05-09 17:14:24] rescanning /Volumes/Expansion/all_mp4/FNS-086.mp4 
[36mINFO[0m[2026-05-09 17:14:24] Calculating fingerprints for /Volumes/Expansion/all_mp4/FNS-086.mp4 ... 
[36mINFO[0m[2026-05-09 17:14:24] rescanning /Volumes/Expansion/all_mp4/FNS-032 (2).mp4 
[36mINFO[0m[2026-05-09 17:14:24] Calculating fingerprints for /Volumes/Expansion/all_mp4/FNS-032 (2).mp4 ... 
[36mINFO[0m[2026-05-09 17:14:24] Calculating fingerprints for /Volumes/Expansion/all_mp4/FNS-027.mp4 ... 
[36mINFO[0m[2026-05-09 17:14:24] rescanning /Volumes/Expansion/all_mp4/FNS-028.mp4 
[36mINFO[0m[2026-05-09 17:14:24] Calculating fingerprints for /Volumes/Expansion/all_mp4/FNS-028.mp4 ... 
[36mINFO[0m[2026-05-09 17:14:24] rescanning /Volumes/Expansion/all_mp4/FNS-047.mp4 
[36mINFO[0m[2026-05-09 17:14:24] Calculating fingerprints for /Volumes/Expansion/all_mp4/FNS-047.mp4 ... 
[36mINFO[0m[2026-05-09 17:14:24] rescanning /Volumes/Expansion/all_mp4/FNS-075.mp4 
[36mINFO[0m[2026-05-09 17:14:24] Calculating fingerprints for /Volumes/Expansion/all_mp4/FNS-075.mp4 ... 
[36mINFO[0m[2026-05-09 17:14:24] rescanning /Volumes/Expansion/all_mp4/FNS-153.mp4 
[36mINFO[0m[2026-05-09 17:14:24] Calculating fingerprints for /Volumes/Expansion/all_mp4/FNS-153.mp4 ... 
[36mINFO[0m[2026-05-09 17:14:25] rescanning /Volumes/Expansion/all_mp4/FNS-179.mp4 
[36mINFO[0m[2026-05-09 17:14:25] Calculating fingerprints for /Volumes/Expansion/all_mp4/FNS-179.mp4 ... 
[36mINFO[0m[2026-05-09 17:14:25] rescanning /Volumes/Expansion/all_mp4/FOCS-226.mp4 
[36mINFO[0m[2026-05-09 17:14:25] Calculating fingerprints for /Volumes/Expansion/all_mp4/FOCS-226.mp4 ... 
[36mINFO[0m[2026-05-09 17:14:25] rescanning /Volumes/Expansion/all_mp4/FNS-174/hhd800.com@FNS-174.mp4 
[36mINFO[0m[2026-05-09 17:14:25] Calculating fingerprints for /Volumes/Expansion/all_mp4/FNS-174/hhd800.com@FNS-174.mp4 ... 
[36mINFO[0m[2026-05-09 17:14:25] rescanning /Volumes/Expansion/all_mp4/FSBK-010.mp4 
[36mINFO[0m[2026-05-09 17:14:25] Calculating fingerprints for /Volumes/Expansion/all_mp4/FSBK-010.mp4 ... 
[36mINFO[0m[2026-05-09 17:14:25] rescanning /Volumes/Expansion/all_mp4/FNS-174/18+游戏大全(996gg.cc)-七龍珠H版-三國志H版-三國群淫傳等.mp4 
[36mINFO[0m[2026-05-09 17:14:25] Calculating fingerprints for /Volumes/Expansion/all_mp4/FNS-174/18+游戏大全(996gg.cc)-七龍珠H版-三國志H版-三國群淫傳等.mp4 ... 
[36mINFO[0m[2026-05-09 17:14:25] rescanning /Volumes/Expansion/all_mp4/FSDSS-393.mp4 
[36mINFO[0m[2026-05-09 17:14:25] Calculating fingerprints for /Volumes/Expansion/all_mp4/FSDSS-393.mp4 ... 
[36mINFO[0m[2026-05-09 17:14:25] rescanning /Volumes/Expansion/all_mp4/FSDSS-167.mp4 
[36mINFO[0m[2026-05-09 17:14:25] Calculating fingerprints for /Volumes/Expansion/all_mp4/FSDSS-167.mp4 ... 
[36mINFO[0m[2026-05-09 17:14:25] rescanning /Volumes/Expansion/all_mp4/FSDSS-832.mp4 
[36mINFO[0m[2026-05-09 17:14:25] Calculating fingerprints for /Volumes/Expansion/all_mp4/FSDSS-832.mp4 ... 
[36mINFO[0m[2026-05-09 17:14:25] rescanning /Volumes/Expansion/all_mp4/FSDSS-472.mp4 
[36mINFO[0m[2026-05-09 17:14:25] Calculating fingerprints for /Volumes/Expansion/all_mp4/FSDSS-472.mp4 ... 
[36mINFO[0m[2026-05-09 17:14:25] rescanning /Volumes/Expansion/all_mp4/FSDSS-866.mp4 
[36mINFO[0m[2026-05-09 17:14:25] Calculating fingerprints for /Volumes/Expansion/all_mp4/FSDSS-866.mp4 ... 
[36mINFO[0m[2026-05-09 17:14:25] rescanning /Volumes/Expansion/all_mp4/FSDSS-859.mp4 
[36mINFO[0m[2026-05-09 17:14:25] Calculating fingerprints for /Volumes/Expansion/all_mp4/FSDSS-859.mp4 ... 
[36mINFO[0m[2026-05-09 17:14:25] rescanning /Volumes/Expansion/all_mp4/FSDSS-893.mp4 
[36mINFO[0m[2026-05-09 17:14:25] Calculating fingerprints for /Volumes/Expansion/all_mp4/FSDSS-893.mp4 ... 
[36mINFO[0m[2026-05-09 17:14:25] rescanning /Volumes/Expansion/all_mp4/FSDSS-873.mp4 
[36mINFO[0m[2026-05-09 17:14:25] Calculating fingerprints for /Volumes/Expansion/all_mp4/FSDSS-873.mp4 ... 
[36mINFO[0m[2026-05-09 17:14:25] rescanning /Volumes/Expansion/all_mp4/FSDSS-874.mp4 
[36mINFO[0m[2026-05-09 17:14:25] Calculating fingerprints for /Volumes/Expansion/all_mp4/FSDSS-874.mp4 ... 
[36mINFO[0m[2026-05-09 17:14:25] rescanning /Volumes/Expansion/all_mp4/FSDSS-907.mp4 
[36mINFO[0m[2026-05-09 17:14:25] Calculating fingerprints for /Volumes/Expansion/all_mp4/FSDSS-907.mp4 ... 
[36mINFO[0m[2026-05-09 17:14:25] rescanning /Volumes/Expansion/all_mp4/FSDSS-934.mp4 
[36mINFO[0m[2026-05-09 17:14:25] Calculating fingerprints for /Volumes/Expansion/all_mp4/FSDSS-934.mp4 ... 
[36mINFO[0m[2026-05-09 17:14:25] rescanning /Volumes/Expansion/all_mp4/FSDSS-902.mp4 
[36mINFO[0m[2026-05-09 17:14:25] rescanning /Volumes/Expansion/all_mp4/FSDSS-918.mp4 
[36mINFO[0m[2026-05-09 17:14:25] Calculating fingerprints for /Volumes/Expansion/all_mp4/FSDSS-918.mp4 ... 
[36mINFO[0m[2026-05-09 17:14:25] Calculating fingerprints for /Volumes/Expansion/all_mp4/FSDSS-902.mp4 ... 
[36mINFO[0m[2026-05-09 17:14:25] rescanning /Volumes/Expansion/all_mp4/FSDSS-916.mp4 
[36mINFO[0m[2026-05-09 17:14:25] Calculating fingerprints for /Volumes/Expansion/all_mp4/FSDSS-916.mp4 ... 
[36mINFO[0m[2026-05-09 17:14:25] rescanning /Volumes/Expansion/all_mp4/FSDSS-926.mp4 
[36mINFO[0m[2026-05-09 17:14:25] Calculating fingerprints for /Volumes/Expansion/all_mp4/FSDSS-926.mp4 ... 
[36mINFO[0m[2026-05-09 17:14:25] rescanning /Volumes/Expansion/all_mp4/FSDSS-939.mp4 
[36mINFO[0m[2026-05-09 17:14:25] Calculating fingerprints for /Volumes/Expansion/all_mp4/FSDSS-939.mp4 ... 
[36mINFO[0m[2026-05-09 17:14:25] rescanning /Volumes/Expansion/all_mp4/FSDSS-940.mp4 
[36mINFO[0m[2026-05-09 17:14:25] Calculating fingerprints for /Volumes/Expansion/all_mp4/FSDSS-940.mp4 ... 
[36mINFO[0m[2026-05-09 17:14:25] rescanning /Volumes/Expansion/all_mp4/FSDSS-943.mp4 
[36mINFO[0m[2026-05-09 17:14:25] Calculating fingerprints for /Volumes/Expansion/all_mp4/FSDSS-943.mp4 ... 
[36mINFO[0m[2026-05-09 17:14:25] rescanning /Volumes/Expansion/all_mp4/FSDSS-946.mp4 
[36mINFO[0m[2026-05-09 17:14:25] Calculating fingerprints for /Volumes/Expansion/all_mp4/FSDSS-946.mp4 ... 
[36mINFO[0m[2026-05-09 17:14:25] rescanning /Volumes/Expansion/all_mp4/FSDSS-944.mp4 
[36mINFO[0m[2026-05-09 17:14:25] rescanning /Volumes/Expansion/all_mp4/FSDSS-954.mp4 
[36mINFO[0m[2026-05-09 17:14:25] Calculating fingerprints for /Volumes/Expansion/all_mp4/FSDSS-954.mp4 ... 
[36mINFO[0m[2026-05-09 17:14:25] Calculating fingerprints for /Volumes/Expansion/all_mp4/FSDSS-944.mp4 ... 
[36mINFO[0m[2026-05-09 17:14:25] rescanning /Volumes/Expansion/all_mp4/FSDSS-950.mp4 
[36mINFO[0m[2026-05-09 17:14:25] Calculating fingerprints for /Volumes/Expansion/all_mp4/FSDSS-950.mp4 ... 
[36mINFO[0m[2026-05-09 17:14:25] rescanning /Volumes/Expansion/all_mp4/FSDSS-971.mp4 
[36mINFO[0m[2026-05-09 17:14:25] Calculating fingerprints for /Volumes/Expansion/all_mp4/FSDSS-971.mp4 ... 
[36mINFO[0m[2026-05-09 17:14:25] rescanning /Volumes/Expansion/all_mp4/FSDSS-968.mp4 
[36mINFO[0m[2026-05-09 17:14:25] Calculating fingerprints for /Volumes/Expansion/all_mp4/FSDSS-968.mp4 ... 
[36mINFO[0m[2026-05-09 17:14:25] rescanning /Volumes/Expansion/all_mp4/FSDSS-958.mp4 
[36mINFO[0m[2026-05-09 17:14:25] Calculating fingerprints for /Volumes/Expansion/all_mp4/FSDSS-958.mp4 ... 
[36mINFO[0m[2026-05-09 17:14:25] rescanning /Volumes/Expansion/all_mp4/FSDSS-972.mp4 
[36mINFO[0m[2026-05-09 17:14:25] Calculating fingerprints for /Volumes/Expansion/all_mp4/FSDSS-972.mp4 ... 
[36mINFO[0m[2026-05-09 17:14:25] rescanning /Volumes/Expansion/all_mp4/GVH-705.mp4 
[36mINFO[0m[2026-05-09 17:14:25] Calculating fingerprints for /Volumes/Expansion/all_mp4/GVH-705.mp4 ... 
[36mINFO[0m[2026-05-09 17:14:25] rescanning /Volumes/Expansion/all_mp4/GVH-704.mp4 
[36mINFO[0m[2026-05-09 17:14:25] rescanning /Volumes/Expansion/all_mp4/GVH-720.mp4 
[36mINFO[0m[2026-05-09 17:14:25] Calculating fingerprints for /Volumes/Expansion/all_mp4/GVH-720.mp4 ... 
[36mINFO[0m[2026-05-09 17:14:25] Calculating fingerprints for /Volumes/Expansion/all_mp4/GVH-704.mp4 ... 
[36mINFO[0m[2026-05-09 17:14:25] rescanning /Volumes/Expansion/all_mp4/GVH-718.mp4 
[36mINFO[0m[2026-05-09 17:14:25] Calculating fingerprints for /Volumes/Expansion/all_mp4/GVH-718.mp4 ... 
[36mINFO[0m[2026-05-09 17:14:25] rescanning /Volumes/Expansion/all_mp4/HAME-048.mp4 
[36mINFO[0m[2026-05-09 17:14:25] Calculating fingerprints for /Volumes/Expansion/all_mp4/HAME-048.mp4 ... 
[36mINFO[0m[2026-05-09 17:14:33] rescanning /Volumes/Expansion/all_mp4/HMRK-033.mp4 
[36mINFO[0m[2026-05-09 17:14:33] Calculating fingerprints for /Volumes/Expansion/all_mp4/HMRK-033.mp4 ... 
[36mINFO[0m[2026-05-09 17:14:33] rescanning /Volumes/Expansion/all_mp4/HMN-635.mp4 
[36mINFO[0m[2026-05-09 17:14:33] Calculating fingerprints for /Volumes/Expansion/all_mp4/HMN-635.mp4 ... 
[36mINFO[0m[2026-05-09 17:14:33] rescanning /Volumes/Expansion/all_mp4/HMN-647.mp4 
[36mINFO[0m[2026-05-09 17:14:33] rescanning /Volumes/Expansion/all_mp4/HODV-21918.mp4 
[36mINFO[0m[2026-05-09 17:14:33] Calculating fingerprints for /Volumes/Expansion/all_mp4/HODV-21918.mp4 ... 
[36mINFO[0m[2026-05-09 17:14:33] rescanning /Volumes/Expansion/all_mp4/HMN-670.mp4 
[36mINFO[0m[2026-05-09 17:14:33] Calculating fingerprints for /Volumes/Expansion/all_mp4/HMN-670.mp4 ... 
[36mINFO[0m[2026-05-09 17:14:33] Calculating fingerprints for /Volumes/Expansion/all_mp4/HMN-647.mp4 ... 
[36mINFO[0m[2026-05-09 17:14:33] rescanning /Volumes/Expansion/all_mp4/HNDS-080.mp4 
[36mINFO[0m[2026-05-09 17:14:33] rescanning /Volumes/Expansion/all_mp4/HODV-21927.mp4 
[36mINFO[0m[2026-05-09 17:14:33] Calculating fingerprints for /Volumes/Expansion/all_mp4/HNDS-080.mp4 ... 
[36mINFO[0m[2026-05-09 17:14:33] rescanning /Volumes/Expansion/all_mp4/HMN-335/hhd800.com@HMN-335.mp4 
[36mINFO[0m[2026-05-09 17:14:33] Calculating fingerprints for /Volumes/Expansion/all_mp4/HODV-21927.mp4 ... 
[36mINFO[0m[2026-05-09 17:14:33] Calculating fingerprints for /Volumes/Expansion/all_mp4/HMN-335/hhd800.com@HMN-335.mp4 ... 
[36mINFO[0m[2026-05-09 17:14:34] rescanning /Volumes/Expansion/all_mp4/HRSM-074.mp4 
[36mINFO[0m[2026-05-09 17:14:34] Calculating fingerprints for /Volumes/Expansion/all_mp4/HRSM-074.mp4 ... 
[36mINFO[0m[2026-05-09 17:14:34] rescanning /Volumes/Expansion/all_mp4/HRSM-076.mp4 
[36mINFO[0m[2026-05-09 17:14:34] Calculating fingerprints for /Volumes/Expansion/all_mp4/HRSM-076.mp4 ... 
[36mINFO[0m[2026-05-09 17:14:34] rescanning /Volumes/Expansion/all_mp4/HODV-22019/18+游戏大全(996gg.cc)-七龍珠H版-三國志H版-三國群淫傳等.mp4 
[36mINFO[0m[2026-05-09 17:14:34] Calculating fingerprints for /Volumes/Expansion/all_mp4/HODV-22019/18+游戏大全(996gg.cc)-七龍珠H版-三國志H版-三國群淫傳等.mp4 ... 
[36mINFO[0m[2026-05-09 17:14:34] rescanning /Volumes/Expansion/all_mp4/HODV-22019/hhd800.com@HODV-22019.mp4 
[36mINFO[0m[2026-05-09 17:14:34] Calculating fingerprints for /Volumes/Expansion/all_mp4/HODV-22019/hhd800.com@HODV-22019.mp4 ... 
[36mINFO[0m[2026-05-09 17:14:34] rescanning /Volumes/Expansion/all_mp4/HSODA-086/18+游戏大全(996gg.cc)-七龍珠H版-三國志H版-三國群淫傳等.mp4 
[36mINFO[0m[2026-05-09 17:14:34] Calculating fingerprints for /Volumes/Expansion/all_mp4/HSODA-086/18+游戏大全(996gg.cc)-七龍珠H版-三國志H版-三國群淫傳等.mp4 ... 
[36mINFO[0m[2026-05-09 17:14:34] rescanning /Volumes/Expansion/all_mp4/HSODA-086/hhd800.com@HSODA-086.mp4 
[36mINFO[0m[2026-05-09 17:14:34] Calculating fingerprints for /Volumes/Expansion/all_mp4/HSODA-086/hhd800.com@HSODA-086.mp4 ... 
[36mINFO[0m[2026-05-09 17:14:34] rescanning /Volumes/Expansion/all_mp4/HSODA-098/18+游戏大全(996gg.cc)-七龍珠H版-三國志H版-三國群淫傳等.mp4 
[36mINFO[0m[2026-05-09 17:14:34] rescanning /Volumes/Expansion/all_mp4/HSODA-098/hhd800.com@HSODA-098.mp4 
[36mINFO[0m[2026-05-09 17:14:34] Calculating fingerprints for /Volumes/Expansion/all_mp4/HSODA-098/hhd800.com@HSODA-098.mp4 ... 
[36mINFO[0m[2026-05-09 17:14:34] Calculating fingerprints for /Volumes/Expansion/all_mp4/HSODA-098/18+游戏大全(996gg.cc)-七龍珠H版-三國志H版-三國群淫傳等.mp4 ... 
[36mINFO[0m[2026-05-09 17:14:34] rescanning /Volumes/Expansion/all_mp4/HUNTC-027.mp4 
[36mINFO[0m[2026-05-09 17:14:34] Calculating fingerprints for /Volumes/Expansion/all_mp4/HUNTC-027.mp4 ... 
[36mINFO[0m[2026-05-09 17:14:34] rescanning /Volumes/Expansion/all_mp4/HUNTB-152/hhd800.com@HUNTB-152.mp4 
[36mINFO[0m[2026-05-09 17:14:34] Calculating fingerprints for /Volumes/Expansion/all_mp4/HUNTB-152/hhd800.com@HUNTB-152.mp4 ... 
[36mINFO[0m[2026-05-09 17:14:35] rescanning /Volumes/Expansion/all_mp4/HUNTC-256.mp4 
[36mINFO[0m[2026-05-09 17:14:35] Calculating fingerprints for /Volumes/Expansion/all_mp4/HUNTC-256.mp4 ... 
[36mINFO[0m[2026-05-09 17:14:36] rescanning /Volumes/Expansion/all_mp4/HUNTC-273/hhd800.com@HUNTC-273.mp4 
[36mINFO[0m[2026-05-09 17:14:36] Calculating fingerprints for /Volumes/Expansion/all_mp4/HUNTC-273/hhd800.com@HUNTC-273.mp4 ... 
[36mINFO[0m[2026-05-09 17:14:36] rescanning /Volumes/Expansion/all_mp4/HUNTC-416.mp4 
[36mINFO[0m[2026-05-09 17:14:36] Calculating fingerprints for /Volumes/Expansion/all_mp4/HUNTC-416.mp4 ... 
[36mINFO[0m[2026-05-09 17:14:36] rescanning /Volumes/Expansion/all_mp4/HUNTC-311.mp4 
[36mINFO[0m[2026-05-09 17:14:36] Calculating fingerprints for /Volumes/Expansion/all_mp4/HUNTC-311.mp4 ... 
[36mINFO[0m[2026-05-09 17:14:36] rescanning /Volumes/Expansion/all_mp4/HUNTC-427/18+游戏大全(996gg.cc)-七龍珠H版-三國志H版-三國群淫傳等.mp4 
[36mINFO[0m[2026-05-09 17:14:36] Calculating fingerprints for /Volumes/Expansion/all_mp4/HUNTC-427/18+游戏大全(996gg.cc)-七龍珠H版-三國志H版-三國群淫傳等.mp4 ... 
[36mINFO[0m[2026-05-09 17:14:36] rescanning /Volumes/Expansion/all_mp4/HUNTC-427/hhd800.com@HUNTC-427.mp4 
[36mINFO[0m[2026-05-09 17:14:36] Calculating fingerprints for /Volumes/Expansion/all_mp4/HUNTC-427/hhd800.com@HUNTC-427.mp4 ... 
[36mINFO[0m[2026-05-09 17:14:36] rescanning /Volumes/Expansion/all_mp4/HUNTC-476/18+游戏大全(996gg.cc)-七龍珠H版-三國志H版-三國群淫傳等.mp4 
[36mINFO[0m[2026-05-09 17:14:36] Calculating fingerprints for /Volumes/Expansion/all_mp4/HUNTC-476/18+游戏大全(996gg.cc)-七龍珠H版-三國志H版-三國群淫傳等.mp4 ... 
[36mINFO[0m[2026-05-09 17:14:36] rescanning /Volumes/Expansion/all_mp4/HUNTC-476/hhd800.com@HUNTC-476.mp4 
[36mINFO[0m[2026-05-09 17:14:36] Calculating fingerprints for /Volumes/Expansion/all_mp4/HUNTC-476/hhd800.com@HUNTC-476.mp4 ... 
[36mINFO[0m[2026-05-09 17:14:37] rescanning /Volumes/Expansion/all_mp4/HUNTC-485/18+游戏大全(996gg.cc)-七龍珠H版-三國志H版-三國群淫傳等.mp4 
[36mINFO[0m[2026-05-09 17:14:37] Calculating fingerprints for /Volumes/Expansion/all_mp4/HUNTC-485/18+游戏大全(996gg.cc)-七龍珠H版-三國志H版-三國群淫傳等.mp4 ... 
[36mINFO[0m[2026-05-09 17:14:37] rescanning /Volumes/Expansion/all_mp4/HUNTC-485/hhd800.com@HUNTC-485.mp4 
[36mINFO[0m[2026-05-09 17:14:37] Calculating fingerprints for /Volumes/Expansion/all_mp4/HUNTC-485/hhd800.com@HUNTC-485.mp4 ... 
[36mINFO[0m[2026-05-09 17:14:37] rescanning /Volumes/Expansion/all_mp4/INSTV-646.mp4 
[36mINFO[0m[2026-05-09 17:14:37] Calculating fingerprints for /Volumes/Expansion/all_mp4/INSTV-646.mp4 ... 
[36mINFO[0m[2026-05-09 17:14:37] rescanning /Volumes/Expansion/all_mp4/HUNTC-500/18+游戏大全(996gg.cc)-七龍珠H版-三國志H版-三國群淫傳等.mp4 
[36mINFO[0m[2026-05-09 17:14:37] Calculating fingerprints for /Volumes/Expansion/all_mp4/HUNTC-500/18+游戏大全(996gg.cc)-七龍珠H版-三國志H版-三國群淫傳等.mp4 ... 
[36mINFO[0m[2026-05-09 17:14:37] rescanning /Volumes/Expansion/all_mp4/IPX-607.mp4 
[36mINFO[0m[2026-05-09 17:14:37] Calculating fingerprints for /Volumes/Expansion/all_mp4/IPX-607.mp4 ... 
[36mINFO[0m[2026-05-09 17:14:37] rescanning /Volumes/Expansion/all_mp4/HUNTC-500/hhd800.com@HUNTC-500.mp4 
[36mINFO[0m[2026-05-09 17:14:37] Calculating fingerprints for /Volumes/Expansion/all_mp4/HUNTC-500/hhd800.com@HUNTC-500.mp4 ... 
[36mINFO[0m[2026-05-09 17:14:37] rescanning /Volumes/Expansion/all_mp4/IPX-990/hhd800.com@IPX-990.mp4 
[36mINFO[0m[2026-05-09 17:14:37] Calculating fingerprints for /Volumes/Expansion/all_mp4/IPX-990/hhd800.com@IPX-990.mp4 ... 
[36mINFO[0m[2026-05-09 17:14:37] rescanning /Volumes/Expansion/all_mp4/IPZZ-305.mp4 
[36mINFO[0m[2026-05-09 17:14:37] Calculating fingerprints for /Volumes/Expansion/all_mp4/IPZZ-305.mp4 ... 
[36mINFO[0m[2026-05-09 17:14:37] rescanning /Volumes/Expansion/all_mp4/IPZZ-308.mp4 
[36mINFO[0m[2026-05-09 17:14:37] Calculating fingerprints for /Volumes/Expansion/all_mp4/IPZZ-308.mp4 ... 
[36mINFO[0m[2026-05-09 17:14:37] rescanning /Volumes/Expansion/all_mp4/IPZZ-375.mp4 
[36mINFO[0m[2026-05-09 17:14:37] Calculating fingerprints for /Volumes/Expansion/all_mp4/IPZZ-375.mp4 ... 
[36mINFO[0m[2026-05-09 17:14:38] rescanning /Volumes/Expansion/all_mp4/IPZZ-383 (2).mp4 
[36mINFO[0m[2026-05-09 17:14:38] Calculating fingerprints for /Volumes/Expansion/all_mp4/IPZZ-383 (2).mp4 ... 
[36mINFO[0m[2026-05-09 17:14:38] rescanning /Volumes/Expansion/all_mp4/IPZZ-391.mp4 
[36mINFO[0m[2026-05-09 17:14:38] Calculating fingerprints for /Volumes/Expansion/all_mp4/IPZZ-391.mp4 ... 
[36mINFO[0m[2026-05-09 17:14:38] rescanning /Volumes/Expansion/all_mp4/IPZZ-395.mp4 
[36mINFO[0m[2026-05-09 17:14:38] rescanning /Volumes/Expansion/all_mp4/IPZZ-403.mp4 
[36mINFO[0m[2026-05-09 17:14:38] Calculating fingerprints for /Volumes/Expansion/all_mp4/IPZZ-403.mp4 ... 
[36mINFO[0m[2026-05-09 17:14:38] rescanning /Volumes/Expansion/all_mp4/IPZZ-433.mp4 
[36mINFO[0m[2026-05-09 17:14:38] Calculating fingerprints for /Volumes/Expansion/all_mp4/IPZZ-433.mp4 ... 
[36mINFO[0m[2026-05-09 17:14:38] rescanning /Volumes/Expansion/all_mp4/IPZZ-430.mp4 
[36mINFO[0m[2026-05-09 17:14:38] Calculating fingerprints for /Volumes/Expansion/all_mp4/IPZZ-430.mp4 ... 
[36mINFO[0m[2026-05-09 17:14:38] rescanning /Volumes/Expansion/all_mp4/IPZZ-424.mp4 
[36mINFO[0m[2026-05-09 17:14:38] rescanning /Volumes/Expansion/all_mp4/IPZZ-524.mp4 
[36mINFO[0m[2026-05-09 17:14:38] Calculating fingerprints for /Volumes/Expansion/all_mp4/IPZZ-524.mp4 ... 
[36mINFO[0m[2026-05-09 17:14:38] rescanning /Volumes/Expansion/all_mp4/IPZZ-436.mp4 
[36mINFO[0m[2026-05-09 17:14:38] Calculating fingerprints for /Volumes/Expansion/all_mp4/IPZZ-436.mp4 ... 
[36mINFO[0m[2026-05-09 17:14:38] rescanning /Volumes/Expansion/all_mp4/IPZZ-547.mp4 
[36mINFO[0m[2026-05-09 17:14:38] Calculating fingerprints for /Volumes/Expansion/all_mp4/IPZZ-547.mp4 ... 
[36mINFO[0m[2026-05-09 17:14:38] Calculating fingerprints for /Volumes/Expansion/all_mp4/IPZZ-395.mp4 ... 
[36mINFO[0m[2026-05-09 17:14:38] Calculating fingerprints for /Volumes/Expansion/all_mp4/IPZZ-424.mp4 ... 
[36mINFO[0m[2026-05-09 17:14:38] rescanning /Volumes/Expansion/all_mp4/IPZZ-423.mp4 
[36mINFO[0m[2026-05-09 17:14:38] Calculating fingerprints for /Volumes/Expansion/all_mp4/IPZZ-423.mp4 ... 
[36mINFO[0m[2026-05-09 17:14:38] rescanning /Volumes/Expansion/all_mp4/IPZZ-527.mp4 
[36mINFO[0m[2026-05-09 17:14:38] Calculating fingerprints for /Volumes/Expansion/all_mp4/IPZZ-527.mp4 ... 
[36mINFO[0m[2026-05-09 17:14:38] rescanning /Volumes/Expansion/all_mp4/IPZZ-556/hhd800.com@IPZZ-556.mp4 
[36mINFO[0m[2026-05-09 17:14:38] rescanning /Volumes/Expansion/all_mp4/IPZZ-570.mp4 
[36mINFO[0m[2026-05-09 17:14:38] Calculating fingerprints for /Volumes/Expansion/all_mp4/IPZZ-570.mp4 ... 
[36mINFO[0m[2026-05-09 17:14:38] rescanning /Volumes/Expansion/all_mp4/IPZZ-604.mp4 
[36mINFO[0m[2026-05-09 17:14:38] Calculating fingerprints for /Volumes/Expansion/all_mp4/IPZZ-604.mp4 ... 
[36mINFO[0m[2026-05-09 17:14:38] Calculating fingerprints for /Volumes/Expansion/all_mp4/IPZZ-556/hhd800.com@IPZZ-556.mp4 ... 
[36mINFO[0m[2026-05-09 17:14:38] rescanning /Volumes/Expansion/all_mp4/JKSR-661.mp4 
[36mINFO[0m[2026-05-09 17:14:38] Calculating fingerprints for /Volumes/Expansion/all_mp4/JKSR-661.mp4 ... 
[36mINFO[0m[2026-05-09 17:14:38] rescanning /Volumes/Expansion/all_mp4/KING-257.mp4 
[36mINFO[0m[2026-05-09 17:14:38] Calculating fingerprints for /Volumes/Expansion/all_mp4/KING-257.mp4 ... 
[36mINFO[0m[2026-05-09 17:14:38] rescanning /Volumes/Expansion/all_mp4/JUR-112.mp4 
[36mINFO[0m[2026-05-09 17:14:38] Calculating fingerprints for /Volumes/Expansion/all_mp4/JUR-112.mp4 ... 
[36mINFO[0m[2026-05-09 17:14:38] rescanning /Volumes/Expansion/all_mp4/KING-282.mp4 
[36mINFO[0m[2026-05-09 17:14:38] Calculating fingerprints for /Volumes/Expansion/all_mp4/KING-282.mp4 ... 
[36mINFO[0m[2026-05-09 17:14:38] rescanning /Volumes/Expansion/all_mp4/KING-281.mp4 
[36mINFO[0m[2026-05-09 17:14:38] Calculating fingerprints for /Volumes/Expansion/all_mp4/KING-281.mp4 ... 
[36mINFO[0m[2026-05-09 17:14:38] rescanning /Volumes/Expansion/all_mp4/JUQ-973.mp4 
[36mINFO[0m[2026-05-09 17:14:38] Calculating fingerprints for /Volumes/Expansion/all_mp4/JUQ-973.mp4 ... 
[36mINFO[0m[2026-05-09 17:14:38] rescanning /Volumes/Expansion/all_mp4/KNSM-016.mp4 
[36mINFO[0m[2026-05-09 17:14:38] Calculating fingerprints for /Volumes/Expansion/all_mp4/KNSM-016.mp4 ... 
[36mINFO[0m[2026-05-09 17:14:38] rescanning /Volumes/Expansion/all_mp4/MADV-569.mp4 
[36mINFO[0m[2026-05-09 17:14:38] Calculating fingerprints for /Volumes/Expansion/all_mp4/MADV-569.mp4 ... 
[36mINFO[0m[2026-05-09 17:14:38] rescanning /Volumes/Expansion/all_mp4/MFCT-013.mp4 
[36mINFO[0m[2026-05-09 17:14:38] Calculating fingerprints for /Volumes/Expansion/all_mp4/MFCT-013.mp4 ... 
[36mINFO[0m[2026-05-09 17:14:38] rescanning /Volumes/Expansion/all_mp4/LOL-240.mp4 
[36mINFO[0m[2026-05-09 17:14:38] Calculating fingerprints for /Volumes/Expansion/all_mp4/LOL-240.mp4 ... 
[36mINFO[0m[2026-05-09 17:14:38] rescanning /Volumes/Expansion/all_mp4/KPIE-006.mp4 
[36mINFO[0m[2026-05-09 17:14:38] Calculating fingerprints for /Volumes/Expansion/all_mp4/KPIE-006.mp4 ... 
[36mINFO[0m[2026-05-09 17:14:38] rescanning /Volumes/Expansion/all_mp4/KING-283.mp4 
[36mINFO[0m[2026-05-09 17:14:38] Calculating fingerprints for /Volumes/Expansion/all_mp4/KING-283.mp4 ... 
[36mINFO[0m[2026-05-09 17:14:38] rescanning /Volumes/Expansion/all_mp4/MAAN-1040.mp4 
[36mINFO[0m[2026-05-09 17:14:38] Calculating fingerprints for /Volumes/Expansion/all_mp4/MAAN-1040.mp4 ... 
[36mINFO[0m[2026-05-09 17:14:38] rescanning /Volumes/Expansion/all_mp4/MIAB-361.mp4 
[36mINFO[0m[2026-05-09 17:14:38] Calculating fingerprints for /Volumes/Expansion/all_mp4/MIAB-361.mp4 ... 
[36mINFO[0m[2026-05-09 17:14:38] rescanning /Volumes/Expansion/all_mp4/MEYD-955.mp4 
[36mINFO[0m[2026-05-09 17:14:38] Calculating fingerprints for /Volumes/Expansion/all_mp4/MEYD-955.mp4 ... 
[36mINFO[0m[2026-05-09 17:14:38] rescanning /Volumes/Expansion/all_mp4/LULU-381.mp4 
[36mINFO[0m[2026-05-09 17:14:38] rescanning /Volumes/Expansion/all_mp4/MDBK-351.mp4 
[36mINFO[0m[2026-05-09 17:14:38] Calculating fingerprints for /Volumes/Expansion/all_mp4/LULU-381.mp4 ... 
[36mINFO[0m[2026-05-09 17:14:38] Calculating fingerprints for /Volumes/Expansion/all_mp4/MDBK-351.mp4 ... 
[36mINFO[0m[2026-05-09 17:14:38] rescanning /Volumes/Expansion/all_mp4/KING-270.mp4 
[36mINFO[0m[2026-05-09 17:14:38] Calculating fingerprints for /Volumes/Expansion/all_mp4/KING-270.mp4 ... 
[36mINFO[0m[2026-05-09 17:14:38] rescanning /Volumes/Expansion/all_mp4/KIT_SmartTrolley_Demo_GIF.mp4 
[36mINFO[0m[2026-05-09 17:14:38] Calculating fingerprints for /Volumes/Expansion/all_mp4/KIT_SmartTrolley_Demo_GIF.mp4 ... 
[36mINFO[0m[2026-05-09 17:14:38] rescanning /Volumes/Expansion/all_mp4/MAAN-1042.mp4 
[36mINFO[0m[2026-05-09 17:14:38] Calculating fingerprints for /Volumes/Expansion/all_mp4/MAAN-1042.mp4 ... 
[36mINFO[0m[2026-05-09 17:14:38] rescanning /Volumes/Expansion/all_mp4/MGOLD-058.mp4 
[36mINFO[0m[2026-05-09 17:14:38] Calculating fingerprints for /Volumes/Expansion/all_mp4/MGOLD-058.mp4 ... 
[36mINFO[0m[2026-05-09 17:14:38] rescanning /Volumes/Expansion/all_mp4/MIAB-360.mp4 
[36mINFO[0m[2026-05-09 17:14:38] Calculating fingerprints for /Volumes/Expansion/all_mp4/MIAB-360.mp4 ... 
[36mINFO[0m[2026-05-09 17:14:38] rescanning /Volumes/Expansion/all_mp4/MIAA-408.mp4 
[36mINFO[0m[2026-05-09 17:14:38] Calculating fingerprints for /Volumes/Expansion/all_mp4/MIAA-408.mp4 ... 
[36mINFO[0m[2026-05-09 17:14:38] rescanning /Volumes/Expansion/all_mp4/MIDA-094.mp4 
[36mINFO[0m[2026-05-09 17:14:38] Calculating fingerprints for /Volumes/Expansion/all_mp4/MIDA-094.mp4 ... 
[36mINFO[0m[2026-05-09 17:14:38] rescanning /Volumes/Expansion/all_mp4/MIAB-376.mp4 
[36mINFO[0m[2026-05-09 17:14:38] Calculating fingerprints for /Volumes/Expansion/all_mp4/MIAB-376.mp4 ... 
[36mINFO[0m[2026-05-09 17:14:38] rescanning /Volumes/Expansion/all_mp4/MFOD-042.mp4 
[36mINFO[0m[2026-05-09 17:14:38] Calculating fingerprints for /Volumes/Expansion/all_mp4/MFOD-042.mp4 ... 
[36mINFO[0m[2026-05-09 17:14:38] rescanning /Volumes/Expansion/all_mp4/LOL-239.mp4 
[36mINFO[0m[2026-05-09 17:14:38] Calculating fingerprints for /Volumes/Expansion/all_mp4/LOL-239.mp4 ... 
[36mINFO[0m[2026-05-09 17:14:38] rescanning /Volumes/Expansion/all_mp4/MEYD-948.mp4 
[36mINFO[0m[2026-05-09 17:14:38] Calculating fingerprints for /Volumes/Expansion/all_mp4/MEYD-948.mp4 ... 
[36mINFO[0m[2026-05-09 17:14:43] rescanning /Volumes/Expansion/all_mp4/MIDA-126.mp4 
[36mINFO[0m[2026-05-09 17:14:43] Calculating fingerprints for /Volumes/Expansion/all_mp4/MIDA-126.mp4 ... 
[36mINFO[0m[2026-05-09 17:14:44] rescanning /Volumes/Expansion/all_mp4/MIDA-139.mp4 
[36mINFO[0m[2026-05-09 17:14:44] Calculating fingerprints for /Volumes/Expansion/all_mp4/MIDA-139.mp4 ... 
[36mINFO[0m[2026-05-09 17:14:45] rescanning /Volumes/Expansion/all_mp4/MIDA-141/hhd800.com@MIDA-141.mp4 
[36mINFO[0m[2026-05-09 17:14:45] Calculating fingerprints for /Volumes/Expansion/all_mp4/MIDA-141/hhd800.com@MIDA-141.mp4 ... 
[36mINFO[0m[2026-05-09 17:14:45] rescanning /Volumes/Expansion/all_mp4/MIDA-175.mp4 
[36mINFO[0m[2026-05-09 17:14:45] Calculating fingerprints for /Volumes/Expansion/all_mp4/MIDA-175.mp4 ... 
[36mINFO[0m[2026-05-09 17:14:45] rescanning /Volumes/Expansion/all_mp4/MIDA-185.mp4 
[36mINFO[0m[2026-05-09 17:14:45] Calculating fingerprints for /Volumes/Expansion/all_mp4/MIDA-185.mp4 ... 
[36mINFO[0m[2026-05-09 17:14:45] rescanning /Volumes/Expansion/all_mp4/MIDA-167.mp4 
[36mINFO[0m[2026-05-09 17:14:45] Calculating fingerprints for /Volumes/Expansion/all_mp4/MIDA-167.mp4 ... 
[36mINFO[0m[2026-05-09 17:14:46] rescanning /Volumes/Expansion/all_mp4/MIDA-212.mp4 
[36mINFO[0m[2026-05-09 17:14:46] Calculating fingerprints for /Volumes/Expansion/all_mp4/MIDA-212.mp4 ... 
[36mINFO[0m[2026-05-09 17:14:46] rescanning /Volumes/Expansion/all_mp4/MIDA-214.mp4 
[36mINFO[0m[2026-05-09 17:14:46] Calculating fingerprints for /Volumes/Expansion/all_mp4/MIDA-214.mp4 ... 
[36mINFO[0m[2026-05-09 17:14:46] rescanning /Volumes/Expansion/all_mp4/MIDA-303.mp4 
[36mINFO[0m[2026-05-09 17:14:46] Calculating fingerprints for /Volumes/Expansion/all_mp4/MIDA-303.mp4 ... 
[36mINFO[0m[2026-05-09 17:14:46] rescanning /Volumes/Expansion/all_mp4/MIDA-326/hhd800.com@MIDA-326.mp4 
[36mINFO[0m[2026-05-09 17:14:46] Calculating fingerprints for /Volumes/Expansion/all_mp4/MIDA-326/hhd800.com@MIDA-326.mp4 ... 
[36mINFO[0m[2026-05-09 17:14:46] rescanning /Volumes/Expansion/all_mp4/MIDA-368/18+游戏大全(996gg.cc)-七龍珠H版-三國志H版-三國群淫傳等.mp4 
[36mINFO[0m[2026-05-09 17:14:46] Calculating fingerprints for /Volumes/Expansion/all_mp4/MIDA-368/18+游戏大全(996gg.cc)-七龍珠H版-三國志H版-三國群淫傳等.mp4 ... 
[36mINFO[0m[2026-05-09 17:14:46] rescanning /Volumes/Expansion/all_mp4/MIDA-368/hhd800.com@MIDA-368.mp4 
[36mINFO[0m[2026-05-09 17:14:46] Calculating fingerprints for /Volumes/Expansion/all_mp4/MIDA-368/hhd800.com@MIDA-368.mp4 ... 
[36mINFO[0m[2026-05-09 17:14:46] rescanning /Volumes/Expansion/all_mp4/MIDA-372/18+游戏大全(996gg.cc)-七龍珠H版-三國志H版-三國群淫傳等.mp4 
[36mINFO[0m[2026-05-09 17:14:46] Calculating fingerprints for /Volumes/Expansion/all_mp4/MIDA-372/18+游戏大全(996gg.cc)-七龍珠H版-三國志H版-三國群淫傳等.mp4 ... 
[36mINFO[0m[2026-05-09 17:14:46] rescanning /Volumes/Expansion/all_mp4/MIDA-372/hhd800.com@MIDA-372.mp4 
[36mINFO[0m[2026-05-09 17:14:46] Calculating fingerprints for /Volumes/Expansion/all_mp4/MIDA-372/hhd800.com@MIDA-372.mp4 ... 
[36mINFO[0m[2026-05-09 17:14:46] rescanning /Volumes/Expansion/all_mp4/MIDA-391/hhd800.com@MIDA-391.mp4 
[36mINFO[0m[2026-05-09 17:14:46] Calculating fingerprints for /Volumes/Expansion/all_mp4/MIDA-391/hhd800.com@MIDA-391.mp4 ... 
[36mINFO[0m[2026-05-09 17:14:46] rescanning /Volumes/Expansion/all_mp4/MIDA-391/18+游戏大全(996gg.cc)-七龍珠H版-三國志H版-三國群淫傳等.mp4 
[36mINFO[0m[2026-05-09 17:14:46] Calculating fingerprints for /Volumes/Expansion/all_mp4/MIDA-391/18+游戏大全(996gg.cc)-七龍珠H版-三國志H版-三國群淫傳等.mp4 ... 
[36mINFO[0m[2026-05-09 17:14:46] rescanning /Volumes/Expansion/all_mp4/MIDA-458/18+游戏大全(996gg.cc)-七龍珠H版-三國志H版-三國群淫傳等.mp4 
[36mINFO[0m[2026-05-09 17:14:46] Calculating fingerprints for /Volumes/Expansion/all_mp4/MIDA-458/18+游戏大全(996gg.cc)-七龍珠H版-三國志H版-三國群淫傳等.mp4 ... 
[36mINFO[0m[2026-05-09 17:14:46] rescanning /Volumes/Expansion/all_mp4/MIDA-458/hhd800.com@MIDA-458.mp4 
[36mINFO[0m[2026-05-09 17:14:46] Calculating fingerprints for /Volumes/Expansion/all_mp4/MIDA-458/hhd800.com@MIDA-458.mp4 ... 
[36mINFO[0m[2026-05-09 17:14:46] rescanning /Volumes/Expansion/all_mp4/MIDA-468/hhd800.com@MIDA-468.mp4 
[36mINFO[0m[2026-05-09 17:14:46] Calculating fingerprints for /Volumes/Expansion/all_mp4/MIDA-468/hhd800.com@MIDA-468.mp4 ... 
[36mINFO[0m[2026-05-09 17:14:46] rescanning /Volumes/Expansion/all_mp4/MIDA-468/18+游戏大全(996gg.cc)-七龍珠H版-三國志H版-三國群淫傳等.mp4 
[36mINFO[0m[2026-05-09 17:14:46] Calculating fingerprints for /Volumes/Expansion/all_mp4/MIDA-468/18+游戏大全(996gg.cc)-七龍珠H版-三國志H版-三國群淫傳等.mp4 ... 
[36mINFO[0m[2026-05-09 17:14:47] rescanning /Volumes/Expansion/all_mp4/MIDA-482.mp4 
[36mINFO[0m[2026-05-09 17:14:47] Calculating fingerprints for /Volumes/Expansion/all_mp4/MIDA-482.mp4 ... 
[36mINFO[0m[2026-05-09 17:14:47] rescanning /Volumes/Expansion/all_mp4/MIDA-494.mp4 
[36mINFO[0m[2026-05-09 17:14:47] Calculating fingerprints for /Volumes/Expansion/all_mp4/MIDA-494.mp4 ... 
[36mINFO[0m[2026-05-09 17:14:47] rescanning /Volumes/Expansion/all_mp4/MIDE-647.mp4 
[36mINFO[0m[2026-05-09 17:14:47] Calculating fingerprints for /Volumes/Expansion/all_mp4/MIDE-647.mp4 ... 
[36mINFO[0m[2026-05-09 17:14:47] rescanning /Volumes/Expansion/all_mp4/MIDE-954.mp4 
[36mINFO[0m[2026-05-09 17:14:47] Calculating fingerprints for /Volumes/Expansion/all_mp4/MIDE-954.mp4 ... 
[36mINFO[0m[2026-05-09 17:14:47] rescanning /Volumes/Expansion/all_mp4/MIDA-612/18+游戏大全(996gg.cc)-七龍珠H版-三國志H版-三國群淫傳等.mp4 
[36mINFO[0m[2026-05-09 17:14:47] Calculating fingerprints for /Volumes/Expansion/all_mp4/MIDA-612/18+游戏大全(996gg.cc)-七龍珠H版-三國志H版-三國群淫傳等.mp4 ... 
[36mINFO[0m[2026-05-09 17:14:47] rescanning /Volumes/Expansion/all_mp4/MIDE-991.mp4 
[36mINFO[0m[2026-05-09 17:14:47] Calculating fingerprints for /Volumes/Expansion/all_mp4/MIDE-991.mp4 ... 
[36mINFO[0m[2026-05-09 17:14:47] rescanning /Volumes/Expansion/all_mp4/MIDA-612/hhd800.com@MIDA-612.mp4 
[36mINFO[0m[2026-05-09 17:14:47] Calculating fingerprints for /Volumes/Expansion/all_mp4/MIDA-612/hhd800.com@MIDA-612.mp4 ... 
[36mINFO[0m[2026-05-09 17:14:47] rescanning /Volumes/Expansion/all_mp4/MIDV-012.mp4 
[36mINFO[0m[2026-05-09 17:14:47] Calculating fingerprints for /Volumes/Expansion/all_mp4/MIDV-012.mp4 ... 
[36mINFO[0m[2026-05-09 17:14:48] rescanning /Volumes/Expansion/all_mp4/MIDV-300/hhd800.com@MIDV-300.mp4 
[36mINFO[0m[2026-05-09 17:14:48] Calculating fingerprints for /Volumes/Expansion/all_mp4/MIDV-300/hhd800.com@MIDV-300.mp4 ... 
[36mINFO[0m[2026-05-09 17:14:48] rescanning /Volumes/Expansion/all_mp4/MIDV-585.mp4 
[36mINFO[0m[2026-05-09 17:14:48] Calculating fingerprints for /Volumes/Expansion/all_mp4/MIDV-585.mp4 ... 
[36mINFO[0m[2026-05-09 17:14:48] rescanning /Volumes/Expansion/all_mp4/MIDV-870.mp4 
[36mINFO[0m[2026-05-09 17:14:48] Calculating fingerprints for /Volumes/Expansion/all_mp4/MIDV-870.mp4 ... 
[36mINFO[0m[2026-05-09 17:14:48] rescanning /Volumes/Expansion/all_mp4/MIDV-778.mp4 
[36mINFO[0m[2026-05-09 17:14:48] Calculating fingerprints for /Volumes/Expansion/all_mp4/MIDV-778.mp4 ... 
[36mINFO[0m[2026-05-09 17:14:48] rescanning /Volumes/Expansion/all_mp4/MIDV-871.mp4 
[36mINFO[0m[2026-05-09 17:14:48] Calculating fingerprints for /Volumes/Expansion/all_mp4/MIDV-871.mp4 ... 
[36mINFO[0m[2026-05-09 17:14:48] rescanning /Volumes/Expansion/all_mp4/MIDV-883.mp4 
[36mINFO[0m[2026-05-09 17:14:48] Calculating fingerprints for /Volumes/Expansion/all_mp4/MIDV-883.mp4 ... 
[36mINFO[0m[2026-05-09 17:14:48] rescanning /Volumes/Expansion/all_mp4/MIDV-915.mp4 
[36mINFO[0m[2026-05-09 17:14:48] Calculating fingerprints for /Volumes/Expansion/all_mp4/MIDV-915.mp4 ... 
[36mINFO[0m[2026-05-09 17:14:48] rescanning /Volumes/Expansion/all_mp4/MIDV-893.mp4 
[36mINFO[0m[2026-05-09 17:14:48] Calculating fingerprints for /Volumes/Expansion/all_mp4/MIDV-893.mp4 ... 
[36mINFO[0m[2026-05-09 17:14:48] rescanning /Volumes/Expansion/all_mp4/MIDV-923.mp4 
[36mINFO[0m[2026-05-09 17:14:48] Calculating fingerprints for /Volumes/Expansion/all_mp4/MIDV-923.mp4 ... 
[36mINFO[0m[2026-05-09 17:14:48] rescanning /Volumes/Expansion/all_mp4/MIDV-925.mp4 
[36mINFO[0m[2026-05-09 17:14:48] Calculating fingerprints for /Volumes/Expansion/all_mp4/MIDV-925.mp4 ... 
[36mINFO[0m[2026-05-09 17:14:48] rescanning /Volumes/Expansion/all_mp4/MIDV-927.mp4 
[36mINFO[0m[2026-05-09 17:14:48] Calculating fingerprints for /Volumes/Expansion/all_mp4/MIDV-927.mp4 ... 
[36mINFO[0m[2026-05-09 17:14:48] rescanning /Volumes/Expansion/all_mp4/MIDV-934.mp4 
[36mINFO[0m[2026-05-09 17:14:48] Calculating fingerprints for /Volumes/Expansion/all_mp4/MIDV-934.mp4 ... 
[36mINFO[0m[2026-05-09 17:14:48] rescanning /Volumes/Expansion/all_mp4/MIDV-944.mp4 
[36mINFO[0m[2026-05-09 17:14:48] Calculating fingerprints for /Volumes/Expansion/all_mp4/MIDV-944.mp4 ... 
[36mINFO[0m[2026-05-09 17:14:49] rescanning /Volumes/Expansion/all_mp4/MIDV-956.mp4 
[36mINFO[0m[2026-05-09 17:14:49] Calculating fingerprints for /Volumes/Expansion/all_mp4/MIDV-956.mp4 ... 
[36mINFO[0m[2026-05-09 17:14:49] rescanning /Volumes/Expansion/all_mp4/MIDV-969.mp4 
[36mINFO[0m[2026-05-09 17:14:49] Calculating fingerprints for /Volumes/Expansion/all_mp4/MIDV-969.mp4 ... 
[36mINFO[0m[2026-05-09 17:14:49] rescanning /Volumes/Expansion/all_mp4/MIDV-972.mp4 
[36mINFO[0m[2026-05-09 17:14:49] Calculating fingerprints for /Volumes/Expansion/all_mp4/MIDV-972.mp4 ... 
[36mINFO[0m[2026-05-09 17:14:49] rescanning /Volumes/Expansion/all_mp4/MIFD-544.mp4 
[36mINFO[0m[2026-05-09 17:14:49] Calculating fingerprints for /Volumes/Expansion/all_mp4/MIFD-544.mp4 ... 
[36mINFO[0m[2026-05-09 17:14:49] rescanning /Volumes/Expansion/all_mp4/MIFD-555.mp4 
[36mINFO[0m[2026-05-09 17:14:49] Calculating fingerprints for /Volumes/Expansion/all_mp4/MIFD-555.mp4 ... 
[36mINFO[0m[2026-05-09 17:14:49] rescanning /Volumes/Expansion/all_mp4/MIH-012.mp4 
[36mINFO[0m[2026-05-09 17:14:49] Calculating fingerprints for /Volumes/Expansion/all_mp4/MIH-012.mp4 ... 
[36mINFO[0m[2026-05-09 17:14:49] rescanning /Volumes/Expansion/all_mp4/MIKR-015.mp4 
[36mINFO[0m[2026-05-09 17:14:49] Calculating fingerprints for /Volumes/Expansion/all_mp4/MIKR-015.mp4 ... 
[36mINFO[0m[2026-05-09 17:14:50] rescanning /Volumes/Expansion/all_mp4/MIKR-039.mp4 
[36mINFO[0m[2026-05-09 17:14:50] rescanning /Volumes/Expansion/all_mp4/MIMK-165.mp4 
[36mINFO[0m[2026-05-09 17:14:50] Calculating fingerprints for /Volumes/Expansion/all_mp4/MIMK-165.mp4 ... 
[36mINFO[0m[2026-05-09 17:14:50] Calculating fingerprints for /Volumes/Expansion/all_mp4/MIKR-039.mp4 ... 
[36mINFO[0m[2026-05-09 17:14:50] rescanning /Volumes/Expansion/all_mp4/MIMK-186.mp4 
[36mINFO[0m[2026-05-09 17:14:50] Calculating fingerprints for /Volumes/Expansion/all_mp4/MIMK-186.mp4 ... 
[36mINFO[0m[2026-05-09 17:14:52] rescanning /Volumes/Expansion/all_mp4/MIMK-259/hhd800.com@MIMK-259.mp4 
[36mINFO[0m[2026-05-09 17:14:52] Calculating fingerprints for /Volumes/Expansion/all_mp4/MIMK-259/hhd800.com@MIMK-259.mp4 ... 
[36mINFO[0m[2026-05-09 17:14:52] rescanning /Volumes/Expansion/all_mp4/MISM-359.mp4 
[36mINFO[0m[2026-05-09 17:14:52] Calculating fingerprints for /Volumes/Expansion/all_mp4/MISM-359.mp4 ... 
[36mINFO[0m[2026-05-09 17:14:52] rescanning /Volumes/Expansion/all_mp4/MKMP-598.mp4 
[36mINFO[0m[2026-05-09 17:14:52] rescanning /Volumes/Expansion/all_mp4/MIMK-259/18+游戏大全(996gg.cc)-七龍珠H版-三國志H版-三國群淫傳等.mp4 
[36mINFO[0m[2026-05-09 17:14:52] Calculating fingerprints for /Volumes/Expansion/all_mp4/MIMK-259/18+游戏大全(996gg.cc)-七龍珠H版-三國志H版-三國群淫傳等.mp4 ... 
[36mINFO[0m[2026-05-09 17:14:52] rescanning /Volumes/Expansion/all_mp4/MKMP-583.mp4 
[36mINFO[0m[2026-05-09 17:14:52] rescanning /Volumes/Expansion/all_mp4/MISM-357.mp4 
[36mINFO[0m[2026-05-09 17:14:52] Calculating fingerprints for /Volumes/Expansion/all_mp4/MISM-357.mp4 ... 
[36mINFO[0m[2026-05-09 17:14:52] Calculating fingerprints for /Volumes/Expansion/all_mp4/MKMP-583.mp4 ... 
[36mINFO[0m[2026-05-09 17:14:52] Calculating fingerprints for /Volumes/Expansion/all_mp4/MKMP-598.mp4 ... 
[36mINFO[0m[2026-05-09 17:14:52] rescanning /Volumes/Expansion/all_mp4/MKMP-600.mp4 
[36mINFO[0m[2026-05-09 17:14:52] Calculating fingerprints for /Volumes/Expansion/all_mp4/MKMP-600.mp4 ... 
[36mINFO[0m[2026-05-09 17:14:52] rescanning /Volumes/Expansion/all_mp4/MKON-103/hhd800.com@MKON-103.mp4 
[36mINFO[0m[2026-05-09 17:14:52] Calculating fingerprints for /Volumes/Expansion/all_mp4/MKON-103/hhd800.com@MKON-103.mp4 ... 
[36mINFO[0m[2026-05-09 17:14:54] rescanning /Volumes/Expansion/all_mp4/MKON-104/hhd800.com@MKON-104.mp4 
[36mINFO[0m[2026-05-09 17:14:54] rescanning /Volumes/Expansion/all_mp4/MKON-111.mp4 
[36mINFO[0m[2026-05-09 17:14:54] Calculating fingerprints for /Volumes/Expansion/all_mp4/MKON-111.mp4 ... 
[36mINFO[0m[2026-05-09 17:14:54] Calculating fingerprints for /Volumes/Expansion/all_mp4/MKON-104/hhd800.com@MKON-104.mp4 ... 
[36mINFO[0m[2026-05-09 17:14:54] rescanning /Volumes/Expansion/all_mp4/MOON-056.mp4 
[36mINFO[0m[2026-05-09 17:14:54] Calculating fingerprints for /Volumes/Expansion/all_mp4/MOON-056.mp4 ... 
[36mINFO[0m[2026-05-09 17:14:54] rescanning /Volumes/Expansion/all_mp4/MOSAIC-ARCHIVE-nhdtb-191.mp4 
[36mINFO[0m[2026-05-09 17:14:54] Calculating fingerprints for /Volumes/Expansion/all_mp4/MOSAIC-ARCHIVE-nhdtb-191.mp4 ... 
[36mINFO[0m[2026-05-09 17:14:54] rescanning /Volumes/Expansion/all_mp4/MMB-388-2/jav20s8.com@MMB-388.mp4 
[36mINFO[0m[2026-05-09 17:14:54] Calculating fingerprints for /Volumes/Expansion/all_mp4/MMB-388-2/jav20s8.com@MMB-388.mp4 ... 
[36mINFO[0m[2026-05-09 17:14:54] rescanning /Volumes/Expansion/all_mp4/MUDR-153.mp4 
[36mINFO[0m[2026-05-09 17:14:54] Calculating fingerprints for /Volumes/Expansion/all_mp4/MUDR-153.mp4 ... 
[36mINFO[0m[2026-05-09 17:14:54] rescanning /Volumes/Expansion/all_mp4/MUDR-257/hhd800.com@MUDR-257.mp4 
[36mINFO[0m[2026-05-09 17:14:54] Calculating fingerprints for /Volumes/Expansion/all_mp4/MUDR-257/hhd800.com@MUDR-257.mp4 ... 
[36mINFO[0m[2026-05-09 17:14:54] rescanning /Volumes/Expansion/all_mp4/MUDR-287.mp4 
[36mINFO[0m[2026-05-09 17:14:54] Calculating fingerprints for /Volumes/Expansion/all_mp4/MUDR-287.mp4 ... 
[36mINFO[0m[2026-05-09 17:14:54] rescanning /Volumes/Expansion/all_mp4/MUDR-289.mp4 
[36mINFO[0m[2026-05-09 17:14:54] Calculating fingerprints for /Volumes/Expansion/all_mp4/MUDR-289.mp4 ... 
[36mINFO[0m[2026-05-09 17:14:54] rescanning /Volumes/Expansion/all_mp4/MUDR-292.mp4 
[36mINFO[0m[2026-05-09 17:14:54] Calculating fingerprints for /Volumes/Expansion/all_mp4/MUDR-292.mp4 ... 
[36mINFO[0m[2026-05-09 17:14:54] rescanning /Volumes/Expansion/all_mp4/MUDR-316.mp4 
[36mINFO[0m[2026-05-09 17:14:54] Calculating fingerprints for /Volumes/Expansion/all_mp4/MUDR-316.mp4 ... 
[36mINFO[0m[2026-05-09 17:14:54] rescanning /Volumes/Expansion/all_mp4/MUKC-083.mp4 
[36mINFO[0m[2026-05-09 17:14:54] Calculating fingerprints for /Volumes/Expansion/all_mp4/MUKC-083.mp4 ... 
[36mINFO[0m[2026-05-09 17:14:54] rescanning /Volumes/Expansion/all_mp4/MUKD-516.mp4 
[36mINFO[0m[2026-05-09 17:14:54] Calculating fingerprints for /Volumes/Expansion/all_mp4/MUKD-516.mp4 ... 
[36mINFO[0m[2026-05-09 17:14:54] rescanning /Volumes/Expansion/all_mp4/MUKD-517.mp4 
[36mINFO[0m[2026-05-09 17:14:54] Calculating fingerprints for /Volumes/Expansion/all_mp4/MUKD-517.mp4 ... 
[36mINFO[0m[2026-05-09 17:14:54] rescanning /Volumes/Expansion/all_mp4/MUKD-544.mp4 
[36mINFO[0m[2026-05-09 17:14:54] Calculating fingerprints for /Volumes/Expansion/all_mp4/MUKD-544.mp4 ... 
[36mINFO[0m[2026-05-09 17:14:54] rescanning /Volumes/Expansion/all_mp4/MURIKURI-003.mp4 
[36mINFO[0m[2026-05-09 17:14:54] Calculating fingerprints for /Volumes/Expansion/all_mp4/MURIKURI-003.mp4 ... 
[36mINFO[0m[2026-05-09 17:14:56] rescanning /Volumes/Expansion/all_mp4/MURIKURI-004.mp4 
[36mINFO[0m[2026-05-09 17:14:56] Calculating fingerprints for /Volumes/Expansion/all_mp4/MURIKURI-004.mp4 ... 
[36mINFO[0m[2026-05-09 17:14:56] rescanning /Volumes/Expansion/all_mp4/MVSD-661/hhd800.com@MVSD-661.mp4 
[36mINFO[0m[2026-05-09 17:14:56] Calculating fingerprints for /Volumes/Expansion/all_mp4/MVSD-661/hhd800.com@MVSD-661.mp4 ... 
[36mINFO[0m[2026-05-09 17:14:57] rescanning /Volumes/Expansion/all_mp4/MVSD-663/hhd800.com@MVSD-663.mp4 
[36mINFO[0m[2026-05-09 17:14:57] Calculating fingerprints for /Volumes/Expansion/all_mp4/MVSD-663/hhd800.com@MVSD-663.mp4 ... 
[36mINFO[0m[2026-05-09 17:14:57] rescanning /Volumes/Expansion/all_mp4/MXGS-1357.mp4 
[36mINFO[0m[2026-05-09 17:14:57] Calculating fingerprints for /Volumes/Expansion/all_mp4/MXGS-1357.mp4 ... 
[36mINFO[0m[2026-05-09 17:14:57] rescanning /Volumes/Expansion/all_mp4/MVSD-663/18+游戏大全(996gg.cc)-七龍珠H版-三國志H版-三國群淫傳等.mp4 
[36mINFO[0m[2026-05-09 17:14:57] Calculating fingerprints for /Volumes/Expansion/all_mp4/MVSD-663/18+游戏大全(996gg.cc)-七龍珠H版-三國志H版-三國群淫傳等.mp4 ... 
[36mINFO[0m[2026-05-09 17:14:57] rescanning /Volumes/Expansion/all_mp4/MXGS-1359.mp4 
[36mINFO[0m[2026-05-09 17:14:57] Calculating fingerprints for /Volumes/Expansion/all_mp4/MXGS-1359.mp4 ... 
[36mINFO[0m[2026-05-09 17:14:57] rescanning /Volumes/Expansion/all_mp4/MXGS-1361.mp4 
[36mINFO[0m[2026-05-09 17:14:57] Calculating fingerprints for /Volumes/Expansion/all_mp4/MXGS-1361.mp4 ... 
[36mINFO[0m[2026-05-09 17:14:57] rescanning /Volumes/Expansion/all_mp4/NACR-883.mp4 
[36mINFO[0m[2026-05-09 17:14:57] Calculating fingerprints for /Volumes/Expansion/all_mp4/NACR-883.mp4 ... 
[36mINFO[0m[2026-05-09 17:14:57] rescanning /Volumes/Expansion/all_mp4/MXGS-1360.mp4 
[36mINFO[0m[2026-05-09 17:14:57] Calculating fingerprints for /Volumes/Expansion/all_mp4/MXGS-1360.mp4 ... 
[36mINFO[0m[2026-05-09 17:14:57] rescanning /Volumes/Expansion/all_mp4/NACR-884.mp4 
[36mINFO[0m[2026-05-09 17:14:57] Calculating fingerprints for /Volumes/Expansion/all_mp4/NACR-884.mp4 ... 
[36mINFO[0m[2026-05-09 17:14:57] rescanning /Volumes/Expansion/all_mp4/MXGS-1363.mp4 
[36mINFO[0m[2026-05-09 17:14:57] Calculating fingerprints for /Volumes/Expansion/all_mp4/MXGS-1363.mp4 ... 
[36mINFO[0m[2026-05-09 17:14:57] rescanning /Volumes/Expansion/all_mp4/NACR-885.mp4 
[36mINFO[0m[2026-05-09 17:14:57] rescanning /Volumes/Expansion/all_mp4/NACR-882.mp4 
[36mINFO[0m[2026-05-09 17:14:57] Calculating fingerprints for /Volumes/Expansion/all_mp4/NACR-882.mp4 ... 
[36mINFO[0m[2026-05-09 17:14:57] rescanning /Volumes/Expansion/all_mp4/NACR-913.mp4 
[36mINFO[0m[2026-05-09 17:14:57] Calculating fingerprints for /Volumes/Expansion/all_mp4/NACR-913.mp4 ... 
[36mINFO[0m[2026-05-09 17:14:57] Calculating fingerprints for /Volumes/Expansion/all_mp4/NACR-885.mp4 ... 
[36mINFO[0m[2026-05-09 17:14:57] rescanning /Volumes/Expansion/all_mp4/NHDTB-285.mp4 
[36mINFO[0m[2026-05-09 17:14:57] Calculating fingerprints for /Volumes/Expansion/all_mp4/NHDTB-285.mp4 ... 
[36mINFO[0m[2026-05-09 17:14:57] rescanning /Volumes/Expansion/all_mp4/NHDTB-227.mp4 
[36mINFO[0m[2026-05-09 17:14:57] rescanning /Volumes/Expansion/all_mp4/NACR-887.mp4 
[36mINFO[0m[2026-05-09 17:14:57] Calculating fingerprints for /Volumes/Expansion/all_mp4/NHDTB-227.mp4 ... 
[36mINFO[0m[2026-05-09 17:14:57] Calculating fingerprints for /Volumes/Expansion/all_mp4/NACR-887.mp4 ... 
[36mINFO[0m[2026-05-09 17:14:57] rescanning /Volumes/Expansion/all_mp4/NHDTB-388.mp4 
[36mINFO[0m[2026-05-09 17:14:57] Calculating fingerprints for /Volumes/Expansion/all_mp4/NHDTB-388.mp4 ... 
[36mINFO[0m[2026-05-09 17:14:57] rescanning /Volumes/Expansion/all_mp4/NACT-112.mp4 
[36mINFO[0m[2026-05-09 17:14:57] Calculating fingerprints for /Volumes/Expansion/all_mp4/NACT-112.mp4 ... 
[36mINFO[0m[2026-05-09 17:14:57] rescanning /Volumes/Expansion/all_mp4/NHDTB-376.mp4 
[36mINFO[0m[2026-05-09 17:14:57] Calculating fingerprints for /Volumes/Expansion/all_mp4/NHDTB-376.mp4 ... 
[36mINFO[0m[2026-05-09 17:14:59] rescanning /Volumes/Expansion/all_mp4/NHDTB-394.mp4 
[36mINFO[0m[2026-05-09 17:14:59] Calculating fingerprints for /Volumes/Expansion/all_mp4/NHDTB-394.mp4 ... 
[36mINFO[0m[2026-05-09 17:14:59] rescanning /Volumes/Expansion/all_mp4/NHDTB-395.mp4 
[36mINFO[0m[2026-05-09 17:14:59] Calculating fingerprints for /Volumes/Expansion/all_mp4/NHDTB-395.mp4 ... 
[36mINFO[0m[2026-05-09 17:15:00] rescanning /Volumes/Expansion/all_mp4/NHDTB-432/NHDTB-432-B.mp4 
[36mINFO[0m[2026-05-09 17:15:00] Calculating fingerprints for /Volumes/Expansion/all_mp4/NHDTB-432/NHDTB-432-B.mp4 ... 
[36mINFO[0m[2026-05-09 17:15:00] rescanning /Volumes/Expansion/all_mp4/NHDTB-432/NHDTB-432-A.mp4 
[36mINFO[0m[2026-05-09 17:15:00] Calculating fingerprints for /Volumes/Expansion/all_mp4/NHDTB-432/NHDTB-432-A.mp4 ... 
[36mINFO[0m[2026-05-09 17:15:01] rescanning /Volumes/Expansion/all_mp4/NHDTB-609/hhd800.com@NHDTB-609.mp4 
[36mINFO[0m[2026-05-09 17:15:01] Calculating fingerprints for /Volumes/Expansion/all_mp4/NHDTB-609/hhd800.com@NHDTB-609.mp4 ... 
[36mINFO[0m[2026-05-09 17:15:01] rescanning /Volumes/Expansion/all_mp4/NHDTB-618 ナチュラルハイ新春スペシャル 敏感乳首いじり痴2022 完 - BestJavPorn.mp4 
[36mINFO[0m[2026-05-09 17:15:01] Calculating fingerprints for /Volumes/Expansion/all_mp4/NHDTB-618 ナチュラルハイ新春スペシャル 敏感乳首いじり痴2022 完 - BestJavPorn.mp4 ... 
[36mINFO[0m[2026-05-09 17:15:01] rescanning /Volumes/Expansion/all_mp4/NHDTB-618 ナチュラルハイ新春スペシャル 敏感乳首いじり痴2022 完 - BestJavPorn (1).mp4 
[36mINFO[0m[2026-05-09 17:15:01] rescanning /Volumes/Expansion/all_mp4/NHDTB-618 Natural High New Years Special Sensitive Nipple Tweaki.mp4 
[36mINFO[0m[2026-05-09 17:15:01] Calculating fingerprints for /Volumes/Expansion/all_mp4/NHDTB-618 Natural High New Years Special Sensitive Nipple Tweaki.mp4 ... 
[36mINFO[0m[2026-05-09 17:15:01] Calculating fingerprints for /Volumes/Expansion/all_mp4/NHDTB-618 ナチュラルハイ新春スペシャル 敏感乳首いじり痴2022 完 - BestJavPorn (1).mp4 ... 
[36mINFO[0m[2026-05-09 17:15:01] rescanning /Volumes/Expansion/all_mp4/NHDTB-736/hhd800.com@NHDTB-736.mp4 
[36mINFO[0m[2026-05-09 17:15:01] Calculating fingerprints for /Volumes/Expansion/all_mp4/NHDTB-736/hhd800.com@NHDTB-736.mp4 ... 
[36mINFO[0m[2026-05-09 17:15:02] rescanning /Volumes/Expansion/all_mp4/NHDTB-752/hhd800.com@NHDTB-752.mp4 
[36mINFO[0m[2026-05-09 17:15:02] Calculating fingerprints for /Volumes/Expansion/all_mp4/NHDTB-752/hhd800.com@NHDTB-752.mp4 ... 
[36mINFO[0m[2026-05-09 17:15:02] rescanning /Volumes/Expansion/all_mp4/NHDTB-763/hhd800.com@NHDTB-763.mp4 
[36mINFO[0m[2026-05-09 17:15:02] Calculating fingerprints for /Volumes/Expansion/all_mp4/NHDTB-763/hhd800.com@NHDTB-763.mp4 ... 
[36mINFO[0m[2026-05-09 17:15:02] rescanning /Volumes/Expansion/all_mp4/NHDTB-868/hhd800.com@NHDTB-868.mp4 
[36mINFO[0m[2026-05-09 17:15:02] Calculating fingerprints for /Volumes/Expansion/all_mp4/NHDTB-868/hhd800.com@NHDTB-868.mp4 ... 
[36mINFO[0m[2026-05-09 17:15:02] rescanning /Volumes/Expansion/all_mp4/NHDTB-902.mp4 
[36mINFO[0m[2026-05-09 17:15:02] Calculating fingerprints for /Volumes/Expansion/all_mp4/NHDTB-902.mp4 ... 
[36mINFO[0m[2026-05-09 17:15:02] rescanning /Volumes/Expansion/all_mp4/NHDTB-904.mp4 
[36mINFO[0m[2026-05-09 17:15:02] Calculating fingerprints for /Volumes/Expansion/all_mp4/NHDTB-904.mp4 ... 
[36mINFO[0m[2026-05-09 17:15:02] rescanning /Volumes/Expansion/all_mp4/NHDTB-907.mp4 
[36mINFO[0m[2026-05-09 17:15:02] Calculating fingerprints for /Volumes/Expansion/all_mp4/NHDTB-907.mp4 ... 
[36mINFO[0m[2026-05-09 17:15:02] rescanning /Volumes/Expansion/all_mp4/NHDTB-908.mp4 
[36mINFO[0m[2026-05-09 17:15:02] Calculating fingerprints for /Volumes/Expansion/all_mp4/NHDTB-908.mp4 ... 
[36mINFO[0m[2026-05-09 17:15:02] rescanning /Volumes/Expansion/all_mp4/NHDTB-931.mp4 
[36mINFO[0m[2026-05-09 17:15:02] Calculating fingerprints for /Volumes/Expansion/all_mp4/NHDTB-931.mp4 ... 
[36mINFO[0m[2026-05-09 17:15:02] rescanning /Volumes/Expansion/all_mp4/NHDTB-935.mp4 
[36mINFO[0m[2026-05-09 17:15:02] Calculating fingerprints for /Volumes/Expansion/all_mp4/NHDTB-935.mp4 ... 
[36mINFO[0m[2026-05-09 17:15:02] rescanning /Volumes/Expansion/all_mp4/NHDTB-944.mp4 
[36mINFO[0m[2026-05-09 17:15:02] Calculating fingerprints for /Volumes/Expansion/all_mp4/NHDTB-944.mp4 ... 
[36mINFO[0m[2026-05-09 17:15:02] rescanning /Volumes/Expansion/all_mp4/NHDTB-958.mp4 
[36mINFO[0m[2026-05-09 17:15:02] Calculating fingerprints for /Volumes/Expansion/all_mp4/NHDTB-958.mp4 ... 
[36mINFO[0m[2026-05-09 17:15:02] rescanning /Volumes/Expansion/all_mp4/NHDTB-955.mp4 
[36mINFO[0m[2026-05-09 17:15:02] Calculating fingerprints for /Volumes/Expansion/all_mp4/NHDTB-955.mp4 ... 
[36mINFO[0m[2026-05-09 17:15:02] rescanning /Volumes/Expansion/all_mp4/NHDTB-988.mp4 
[36mINFO[0m[2026-05-09 17:15:02] Calculating fingerprints for /Volumes/Expansion/all_mp4/NHDTB-988.mp4 ... 
[36mINFO[0m[2026-05-09 17:15:02] rescanning /Volumes/Expansion/all_mp4/NHDTB-979.mp4 
[36mINFO[0m[2026-05-09 17:15:02] Calculating fingerprints for /Volumes/Expansion/all_mp4/NHDTB-979.mp4 ... 
[36mINFO[0m[2026-05-09 17:15:02] rescanning /Volumes/Expansion/all_mp4/NHDTB-98901.mp4 
[36mINFO[0m[2026-05-09 17:15:02] Calculating fingerprints for /Volumes/Expansion/all_mp4/NHDTB-98901.mp4 ... 
[36mINFO[0m[2026-05-09 17:15:02] rescanning /Volumes/Expansion/all_mp4/NHDTB-98903.mp4 
[36mINFO[0m[2026-05-09 17:15:02] Calculating fingerprints for /Volumes/Expansion/all_mp4/NHDTB-98903.mp4 ... 
[36mINFO[0m[2026-05-09 17:15:02] rescanning /Volumes/Expansion/all_mp4/NHDTB-98902.mp4 
[36mINFO[0m[2026-05-09 17:15:02] Calculating fingerprints for /Volumes/Expansion/all_mp4/NHDTB-98902.mp4 ... 
[36mINFO[0m[2026-05-09 17:15:02] rescanning /Volumes/Expansion/all_mp4/NHDTB-98904.mp4 
[36mINFO[0m[2026-05-09 17:15:02] Calculating fingerprints for /Volumes/Expansion/all_mp4/NHDTB-98904.mp4 ... 
[36mINFO[0m[2026-05-09 17:15:02] rescanning /Volumes/Expansion/all_mp4/NHDTB-992.mp4 
[36mINFO[0m[2026-05-09 17:15:02] Calculating fingerprints for /Volumes/Expansion/all_mp4/NHDTB-992.mp4 ... 
[36mINFO[0m[2026-05-09 17:15:02] rescanning /Volumes/Expansion/all_mp4/NHDTB-998.mp4 
[36mINFO[0m[2026-05-09 17:15:02] Calculating fingerprints for /Volumes/Expansion/all_mp4/NHDTB-998.mp4 ... 
[36mINFO[0m[2026-05-09 17:15:02] rescanning /Volumes/Expansion/all_mp4/NHDTB-996.mp4 
[36mINFO[0m[2026-05-09 17:15:02] Calculating fingerprints for /Volumes/Expansion/all_mp4/NHDTB-996.mp4 ... 
[36mINFO[0m[2026-05-09 17:15:02] rescanning /Volumes/Expansion/all_mp4/NHDTB-995.mp4 
[36mINFO[0m[2026-05-09 17:15:02] Calculating fingerprints for /Volumes/Expansion/all_mp4/NHDTB-995.mp4 ... 
[36mINFO[0m[2026-05-09 17:15:02] rescanning /Volumes/Expansion/all_mp4/NHDTC-003.mp4 
[36mINFO[0m[2026-05-09 17:15:02] Calculating fingerprints for /Volumes/Expansion/all_mp4/NHDTC-003.mp4 ... 
[36mINFO[0m[2026-05-09 17:15:02] rescanning /Volumes/Expansion/all_mp4/NHDTC-004.mp4 
[36mINFO[0m[2026-05-09 17:15:02] Calculating fingerprints for /Volumes/Expansion/all_mp4/NHDTC-004.mp4 ... 
[36mINFO[0m[2026-05-09 17:15:02] rescanning /Volumes/Expansion/all_mp4/NHDTC-011.mp4 
[36mINFO[0m[2026-05-09 17:15:02] Calculating fingerprints for /Volumes/Expansion/all_mp4/NHDTC-011.mp4 ... 
[36mINFO[0m[2026-05-09 17:15:02] rescanning /Volumes/Expansion/all_mp4/NHDTC-005.mp4 
[36mINFO[0m[2026-05-09 17:15:02] Calculating fingerprints for /Volumes/Expansion/all_mp4/NHDTC-005.mp4 ... 
[36mINFO[0m[2026-05-09 17:15:02] rescanning /Volumes/Expansion/all_mp4/NHDTC-023.mp4 
[36mINFO[0m[2026-05-09 17:15:02] Calculating fingerprints for /Volumes/Expansion/all_mp4/NHDTC-023.mp4 ... 
[36mINFO[0m[2026-05-09 17:15:02] rescanning /Volumes/Expansion/all_mp4/NHDTC-02401.mp4 
[36mINFO[0m[2026-05-09 17:15:02] Calculating fingerprints for /Volumes/Expansion/all_mp4/NHDTC-02401.mp4 ... 
[36mINFO[0m[2026-05-09 17:15:03] rescanning /Volumes/Expansion/all_mp4/NHDTC-02402.mp4 
[36mINFO[0m[2026-05-09 17:15:03] Calculating fingerprints for /Volumes/Expansion/all_mp4/NHDTC-02402.mp4 ... 
[36mINFO[0m[2026-05-09 17:15:03] rescanning /Volumes/Expansion/all_mp4/NHDTC-02403.mp4 
[36mINFO[0m[2026-05-09 17:15:03] Calculating fingerprints for /Volumes/Expansion/all_mp4/NHDTC-02403.mp4 ... 
[36mINFO[0m[2026-05-09 17:15:03] rescanning /Volumes/Expansion/all_mp4/NHDTC-038.mp4 
[36mINFO[0m[2026-05-09 17:15:03] Calculating fingerprints for /Volumes/Expansion/all_mp4/NHDTC-038.mp4 ... 
[36mINFO[0m[2026-05-09 17:15:07] rescanning /Volumes/Expansion/all_mp4/NHDTC-058.mp4 
[36mINFO[0m[2026-05-09 17:15:07] rescanning /Volumes/Expansion/all_mp4/NHDTC-0603.mp4 
[36mINFO[0m[2026-05-09 17:15:07] Calculating fingerprints for /Volumes/Expansion/all_mp4/NHDTC-0603.mp4 ... 
[36mINFO[0m[2026-05-09 17:15:07] rescanning /Volumes/Expansion/all_mp4/NHDTC-052/hhd800.com@NHDTC-052.mp4 
[36mINFO[0m[2026-05-09 17:15:07] Calculating fingerprints for /Volumes/Expansion/all_mp4/NHDTC-052/hhd800.com@NHDTC-052.mp4 ... 
[36mINFO[0m[2026-05-09 17:15:07] Calculating fingerprints for /Volumes/Expansion/all_mp4/NHDTC-058.mp4 ... 
[36mINFO[0m[2026-05-09 17:15:07] rescanning /Volumes/Expansion/all_mp4/NHDTC-06302.mp4 
[36mINFO[0m[2026-05-09 17:15:07] Calculating fingerprints for /Volumes/Expansion/all_mp4/NHDTC-06302.mp4 ... 
[36mINFO[0m[2026-05-09 17:15:07] rescanning /Volumes/Expansion/all_mp4/NHDTC-071.mp4 
[36mINFO[0m[2026-05-09 17:15:07] Calculating fingerprints for /Volumes/Expansion/all_mp4/NHDTC-071.mp4 ... 
[36mINFO[0m[2026-05-09 17:15:07] rescanning /Volumes/Expansion/all_mp4/NHDTC-080.mp4 
[36mINFO[0m[2026-05-09 17:15:07] Calculating fingerprints for /Volumes/Expansion/all_mp4/NHDTC-080.mp4 ... 
[36mINFO[0m[2026-05-09 17:15:07] rescanning /Volumes/Expansion/all_mp4/NHDTC-08601.mp4 
[36mINFO[0m[2026-05-09 17:15:07] Calculating fingerprints for /Volumes/Expansion/all_mp4/NHDTC-08601.mp4 ... 
[36mINFO[0m[2026-05-09 17:15:08] rescanning /Volumes/Expansion/all_mp4/NHDTC-08602.mp4 
[36mINFO[0m[2026-05-09 17:15:08] Calculating fingerprints for /Volumes/Expansion/all_mp4/NHDTC-08602.mp4 ... 
[36mINFO[0m[2026-05-09 17:15:08] rescanning /Volumes/Expansion/all_mp4/NHDTC-091.mp4 
[36mINFO[0m[2026-05-09 17:15:08] Calculating fingerprints for /Volumes/Expansion/all_mp4/NHDTC-091.mp4 ... 
[36mINFO[0m[2026-05-09 17:15:08] rescanning /Volumes/Expansion/all_mp4/NHDTC-113.mp4 
[36mINFO[0m[2026-05-09 17:15:08] Calculating fingerprints for /Volumes/Expansion/all_mp4/NHDTC-113.mp4 ... 
[36mINFO[0m[2026-05-09 17:15:08] rescanning /Volumes/Expansion/all_mp4/NHDTC-094/hhd800.com@NHDTC-094.mp4 
[36mINFO[0m[2026-05-09 17:15:08] Calculating fingerprints for /Volumes/Expansion/all_mp4/NHDTC-094/hhd800.com@NHDTC-094.mp4 ... 
[36mINFO[0m[2026-05-09 17:15:08] rescanning /Volumes/Expansion/all_mp4/NHDTC-123.mp4 
[36mINFO[0m[2026-05-09 17:15:08] Calculating fingerprints for /Volumes/Expansion/all_mp4/NHDTC-123.mp4 ... 
[36mINFO[0m[2026-05-09 17:15:08] rescanning /Volumes/Expansion/all_mp4/NHDTC-127/hhd800.com@NHDTC-127.mp4 
[36mINFO[0m[2026-05-09 17:15:08] Calculating fingerprints for /Volumes/Expansion/all_mp4/NHDTC-127/hhd800.com@NHDTC-127.mp4 ... 
[36mINFO[0m[2026-05-09 17:15:08] rescanning /Volumes/Expansion/all_mp4/NHDTC-127/18+游戏大全(996gg.cc)-七龍珠H版-三國志H版-三國群淫傳等.mp4 
[36mINFO[0m[2026-05-09 17:15:08] Calculating fingerprints for /Volumes/Expansion/all_mp4/NHDTC-127/18+游戏大全(996gg.cc)-七龍珠H版-三國志H版-三國群淫傳等.mp4 ... 
[36mINFO[0m[2026-05-09 17:15:09] rescanning /Volumes/Expansion/all_mp4/NHDTC-13102/NHDTC-13102.mp4 
[36mINFO[0m[2026-05-09 17:15:09] Calculating fingerprints for /Volumes/Expansion/all_mp4/NHDTC-13102/NHDTC-13102.mp4 ... 
[36mINFO[0m[2026-05-09 17:15:09] rescanning /Volumes/Expansion/all_mp4/NHDTC-133/hhd800.com@NHDTC-133.mp4 
[36mINFO[0m[2026-05-09 17:15:09] Calculating fingerprints for /Volumes/Expansion/all_mp4/NHDTC-133/hhd800.com@NHDTC-133.mp4 ... 
[36mINFO[0m[2026-05-09 17:15:09] rescanning /Volumes/Expansion/all_mp4/NHDTC-133/18+游戏大全(996gg.cc)-七龍珠H版-三國志H版-三國群淫傳等.mp4 
[36mINFO[0m[2026-05-09 17:15:09] Calculating fingerprints for /Volumes/Expansion/all_mp4/NHDTC-133/18+游戏大全(996gg.cc)-七龍珠H版-三國志H版-三國群淫傳等.mp4 ... 
[36mINFO[0m[2026-05-09 17:15:09] rescanning /Volumes/Expansion/all_mp4/NHDTC-135/18+游戏大全(996gg.cc)-七龍珠H版-三國志H版-三國群淫傳等.mp4 
[36mINFO[0m[2026-05-09 17:15:09] rescanning /Volumes/Expansion/all_mp4/NHDTC-135/hhd800.com@NHDTC-135.mp4 
[36mINFO[0m[2026-05-09 17:15:09] Calculating fingerprints for /Volumes/Expansion/all_mp4/NHDTC-135/hhd800.com@NHDTC-135.mp4 ... 
[36mINFO[0m[2026-05-09 17:15:09] Calculating fingerprints for /Volumes/Expansion/all_mp4/NHDTC-135/18+游戏大全(996gg.cc)-七龍珠H版-三國志H版-三國群淫傳等.mp4 ... 
[36mINFO[0m[2026-05-09 17:15:09] rescanning /Volumes/Expansion/all_mp4/NHDTC-137/hhd800.com@NHDTC-137.mp4 
[36mINFO[0m[2026-05-09 17:15:09] Calculating fingerprints for /Volumes/Expansion/all_mp4/NHDTC-137/hhd800.com@NHDTC-137.mp4 ... 
[36mINFO[0m[2026-05-09 17:15:09] rescanning /Volumes/Expansion/all_mp4/NHDTC-139/hhd800.com@NHDTC-139.mp4 
[36mINFO[0m[2026-05-09 17:15:09] Calculating fingerprints for /Volumes/Expansion/all_mp4/NHDTC-139/hhd800.com@NHDTC-139.mp4 ... 
[36mINFO[0m[2026-05-09 17:15:09] rescanning /Volumes/Expansion/all_mp4/NHDTC-139/18+游戏大全(996gg.cc)-七龍珠H版-三國志H版-三國群淫傳等.mp4 
[36mINFO[0m[2026-05-09 17:15:09] Calculating fingerprints for /Volumes/Expansion/all_mp4/NHDTC-139/18+游戏大全(996gg.cc)-七龍珠H版-三國志H版-三國群淫傳等.mp4 ... 
[36mINFO[0m[2026-05-09 17:15:09] rescanning /Volumes/Expansion/all_mp4/NHDTC-143/18+游戏大全(996gg.cc)-七龍珠H版-三國志H版-三國群淫傳等.mp4 
[36mINFO[0m[2026-05-09 17:15:09] Calculating fingerprints for /Volumes/Expansion/all_mp4/NHDTC-143/18+游戏大全(996gg.cc)-七龍珠H版-三國志H版-三國群淫傳等.mp4 ... 
[36mINFO[0m[2026-05-09 17:15:09] rescanning /Volumes/Expansion/all_mp4/NHDTC-143/hhd800.com@NHDTC-143.mp4 
[36mINFO[0m[2026-05-09 17:15:09] Calculating fingerprints for /Volumes/Expansion/all_mp4/NHDTC-143/hhd800.com@NHDTC-143.mp4 ... 
[36mINFO[0m[2026-05-09 17:15:12] rescanning /Volumes/Expansion/all_mp4/NHDTC-145.mp4 
[36mINFO[0m[2026-05-09 17:15:12] Calculating fingerprints for /Volumes/Expansion/all_mp4/NHDTC-145.mp4 ... 
[36mINFO[0m[2026-05-09 17:15:12] rescanning /Volumes/Expansion/all_mp4/NHDTC-144.mp4 
[36mINFO[0m[2026-05-09 17:15:12] Calculating fingerprints for /Volumes/Expansion/all_mp4/NHDTC-144.mp4 ... 
[36mINFO[0m[2026-05-09 17:15:12] rescanning /Volumes/Expansion/all_mp4/NHDTC-1501.mp4 
[36mINFO[0m[2026-05-09 17:15:12] Calculating fingerprints for /Volumes/Expansion/all_mp4/NHDTC-1501.mp4 ... 
[36mINFO[0m[2026-05-09 17:15:12] rescanning /Volumes/Expansion/all_mp4/NHDTC-1502.mp4 
[36mINFO[0m[2026-05-09 17:15:12] Calculating fingerprints for /Volumes/Expansion/all_mp4/NHDTC-1502.mp4 ... 
[36mINFO[0m[2026-05-09 17:15:12] rescanning /Volumes/Expansion/all_mp4/NHDTC-1503.mp4 
[36mINFO[0m[2026-05-09 17:15:12] Calculating fingerprints for /Volumes/Expansion/all_mp4/NHDTC-1503.mp4 ... 
[36mINFO[0m[2026-05-09 17:15:12] rescanning /Volumes/Expansion/all_mp4/NHDTC-158/18+游戏大全(996gg.cc)-七龍珠H版-三國志H版-三國群淫傳等.mp4 
[36mINFO[0m[2026-05-09 17:15:12] Calculating fingerprints for /Volumes/Expansion/all_mp4/NHDTC-158/18+游戏大全(996gg.cc)-七龍珠H版-三國志H版-三國群淫傳等.mp4 ... 
[36mINFO[0m[2026-05-09 17:15:12] rescanning /Volumes/Expansion/all_mp4/NHDTC-158/hhd800.com@NHDTC-158.mp4 
[36mINFO[0m[2026-05-09 17:15:12] Calculating fingerprints for /Volumes/Expansion/all_mp4/NHDTC-158/hhd800.com@NHDTC-158.mp4 ... 
[36mINFO[0m[2026-05-09 17:15:12] rescanning /Volumes/Expansion/all_mp4/NHDTC-163/18+游戏大全(996gg.cc)-七龍珠H版-三國志H版-三國群淫傳等.mp4 
[36mINFO[0m[2026-05-09 17:15:12] Calculating fingerprints for /Volumes/Expansion/all_mp4/NHDTC-163/18+游戏大全(996gg.cc)-七龍珠H版-三國志H版-三國群淫傳等.mp4 ... 
[36mINFO[0m[2026-05-09 17:15:12] rescanning /Volumes/Expansion/all_mp4/NHDTC-163/hhd800.com@NHDTC-163.mp4 
[36mINFO[0m[2026-05-09 17:15:12] rescanning /Volumes/Expansion/all_mp4/NHDTC-172.mp4 
[36mINFO[0m[2026-05-09 17:15:12] Calculating fingerprints for /Volumes/Expansion/all_mp4/NHDTC-163/hhd800.com@NHDTC-163.mp4 ... 
[36mINFO[0m[2026-05-09 17:15:12] Calculating fingerprints for /Volumes/Expansion/all_mp4/NHDTC-172.mp4 ... 
[36mINFO[0m[2026-05-09 17:15:12] rescanning /Volumes/Expansion/all_mp4/NHDTC-184/18+游戏大全(996gg.cc)-七龍珠H版-三國志H版-三國群淫傳等.mp4 
[36mINFO[0m[2026-05-09 17:15:12] Calculating fingerprints for /Volumes/Expansion/all_mp4/NHDTC-184/18+游戏大全(996gg.cc)-七龍珠H版-三國志H版-三國群淫傳等.mp4 ... 
[36mINFO[0m[2026-05-09 17:15:12] rescanning /Volumes/Expansion/all_mp4/NHDTC-184/hhd800.com@NHDTC-184.mp4 
[36mINFO[0m[2026-05-09 17:15:12] Calculating fingerprints for /Volumes/Expansion/all_mp4/NHDTC-184/hhd800.com@NHDTC-184.mp4 ... 
[36mINFO[0m[2026-05-09 17:15:12] rescanning /Volumes/Expansion/all_mp4/NHDTC-185/18+游戏大全(996gg.cc)-七龍珠H版-三國志H版-三國群淫傳等.mp4 
[36mINFO[0m[2026-05-09 17:15:12] Calculating fingerprints for /Volumes/Expansion/all_mp4/NHDTC-185/18+游戏大全(996gg.cc)-七龍珠H版-三國志H版-三國群淫傳等.mp4 ... 
[36mINFO[0m[2026-05-09 17:15:12] rescanning /Volumes/Expansion/all_mp4/NHDTC-185/hhd800.com@NHDTC-185.mp4 
[36mINFO[0m[2026-05-09 17:15:12] Calculating fingerprints for /Volumes/Expansion/all_mp4/NHDTC-185/hhd800.com@NHDTC-185.mp4 ... 
[36mINFO[0m[2026-05-09 17:15:12] rescanning /Volumes/Expansion/all_mp4/NHDTC-186/18+游戏大全(996gg.cc)-七龍珠H版-三國志H版-三國群淫傳等.mp4 
[36mINFO[0m[2026-05-09 17:15:12] Calculating fingerprints for /Volumes/Expansion/all_mp4/NHDTC-186/18+游戏大全(996gg.cc)-七龍珠H版-三國志H版-三國群淫傳等.mp4 ... 
[36mINFO[0m[2026-05-09 17:15:12] rescanning /Volumes/Expansion/all_mp4/NHDTC-186/hhd800.com@NHDTC-186.mp4 
[36mINFO[0m[2026-05-09 17:15:12] Calculating fingerprints for /Volumes/Expansion/all_mp4/NHDTC-186/hhd800.com@NHDTC-186.mp4 ... 
[36mINFO[0m[2026-05-09 17:15:12] rescanning /Volumes/Expansion/all_mp4/NHDTC-201.mp4 
[36mINFO[0m[2026-05-09 17:15:12] Calculating fingerprints for /Volumes/Expansion/all_mp4/NHDTC-201.mp4 ... 
[36mINFO[0m[2026-05-09 17:15:13] rescanning /Volumes/Expansion/all_mp4/OFTR-006.mp4 
[36mINFO[0m[2026-05-09 17:15:13] Calculating fingerprints for /Volumes/Expansion/all_mp4/OFTR-006.mp4 ... 
[36mINFO[0m[2026-05-09 17:15:13] rescanning /Volumes/Expansion/all_mp4/NPJS-177.mp4 
[36mINFO[0m[2026-05-09 17:15:13] Calculating fingerprints for /Volumes/Expansion/all_mp4/NPJS-177.mp4 ... 
[36mINFO[0m[2026-05-09 17:15:13] rescanning /Volumes/Expansion/all_mp4/OLM-131E.mp4 
[36mINFO[0m[2026-05-09 17:15:13] Calculating fingerprints for /Volumes/Expansion/all_mp4/OLM-131E.mp4 ... 
[36mINFO[0m[2026-05-09 17:15:13] rescanning /Volumes/Expansion/all_mp4/NMSL-001/hhd800.com@NMSL-001.mp4 
[36mINFO[0m[2026-05-09 17:15:13] rescanning /Volumes/Expansion/all_mp4/ONFT-001.mp4 
[36mINFO[0m[2026-05-09 17:15:13] Calculating fingerprints for /Volumes/Expansion/all_mp4/ONFT-001.mp4 ... 
[36mINFO[0m[2026-05-09 17:15:13] Calculating fingerprints for /Volumes/Expansion/all_mp4/NMSL-001/hhd800.com@NMSL-001.mp4 ... 
[36mINFO[0m[2026-05-09 17:15:13] rescanning /Volumes/Expansion/all_mp4/PARATHD-4097.mp4 
[36mINFO[0m[2026-05-09 17:15:13] Calculating fingerprints for /Volumes/Expansion/all_mp4/PARATHD-4097.mp4 ... 
[36mINFO[0m[2026-05-09 17:15:14] rescanning /Volumes/Expansion/all_mp4/PIYO-178/hhd800.com@PIYO-178.mp4 
[36mINFO[0m[2026-05-09 17:15:14] Calculating fingerprints for /Volumes/Expansion/all_mp4/PIYO-178/hhd800.com@PIYO-178.mp4 ... 
[36mINFO[0m[2026-05-09 17:15:14] rescanning /Volumes/Expansion/all_mp4/PIYO-185/hhd800.com@PIYO-185.mp4 
[36mINFO[0m[2026-05-09 17:15:14] Calculating fingerprints for /Volumes/Expansion/all_mp4/PIYO-185/hhd800.com@PIYO-185.mp4 ... 
[36mINFO[0m[2026-05-09 17:15:14] rescanning /Volumes/Expansion/all_mp4/PIYO-211.mp4 
[36mINFO[0m[2026-05-09 17:15:14] Calculating fingerprints for /Volumes/Expansion/all_mp4/PIYO-211.mp4 ... 
[36mINFO[0m[2026-05-09 17:15:14] rescanning /Volumes/Expansion/all_mp4/PIYO-221.mp4 
[36mINFO[0m[2026-05-09 17:15:14] Calculating fingerprints for /Volumes/Expansion/all_mp4/PIYO-221.mp4 ... 
[36mINFO[0m[2026-05-09 17:15:15] rescanning /Volumes/Expansion/all_mp4/PIYO-229/18+游戏大全(996gg.cc)-七龍珠H版-三國志H版-三國群淫傳等.mp4 
[36mINFO[0m[2026-05-09 17:15:15] Calculating fingerprints for /Volumes/Expansion/all_mp4/PIYO-229/18+游戏大全(996gg.cc)-七龍珠H版-三國志H版-三國群淫傳等.mp4 ... 
[36mINFO[0m[2026-05-09 17:15:15] rescanning /Volumes/Expansion/all_mp4/PIYO-229/hhd800.com@PIYO-229.mp4 
[36mINFO[0m[2026-05-09 17:15:15] Calculating fingerprints for /Volumes/Expansion/all_mp4/PIYO-229/hhd800.com@PIYO-229.mp4 ... 
[36mINFO[0m[2026-05-09 17:15:15] rescanning /Volumes/Expansion/all_mp4/PRED-720.mp4 
[36mINFO[0m[2026-05-09 17:15:15] Calculating fingerprints for /Volumes/Expansion/all_mp4/PRED-720.mp4 ... 
[36mINFO[0m[2026-05-09 17:15:15] rescanning /Volumes/Expansion/all_mp4/PRED-723.mp4 
[36mINFO[0m[2026-05-09 17:15:15] Calculating fingerprints for /Volumes/Expansion/all_mp4/PRED-723.mp4 ... 
[36mINFO[0m[2026-05-09 17:15:15] rescanning /Volumes/Expansion/all_mp4/PRED-724.mp4 
[36mINFO[0m[2026-05-09 17:15:15] Calculating fingerprints for /Volumes/Expansion/all_mp4/PRED-724.mp4 ... 
[36mINFO[0m[2026-05-09 17:15:15] rescanning /Volumes/Expansion/all_mp4/PRED-727.mp4 
[36mINFO[0m[2026-05-09 17:15:15] Calculating fingerprints for /Volumes/Expansion/all_mp4/PRED-727.mp4 ... 
[36mINFO[0m[2026-05-09 17:15:15] rescanning /Volumes/Expansion/all_mp4/PRED-765.mp4 
[36mINFO[0m[2026-05-09 17:15:15] Calculating fingerprints for /Volumes/Expansion/all_mp4/PRED-765.mp4 ... 
[36mINFO[0m[2026-05-09 17:15:15] rescanning /Volumes/Expansion/all_mp4/REAL-866.mp4 
[36mINFO[0m[2026-05-09 17:15:15] Calculating fingerprints for /Volumes/Expansion/all_mp4/REAL-866.mp4 ... 
[36mINFO[0m[2026-05-09 17:15:15] rescanning /Volumes/Expansion/all_mp4/REAL-879.mp4 
[36mINFO[0m[2026-05-09 17:15:15] Calculating fingerprints for /Volumes/Expansion/all_mp4/REAL-879.mp4 ... 
[36mINFO[0m[2026-05-09 17:15:15] rescanning /Volumes/Expansion/all_mp4/REAL-916.mp4 
[36mINFO[0m[2026-05-09 17:15:15] Calculating fingerprints for /Volumes/Expansion/all_mp4/REAL-916.mp4 ... 
[36mINFO[0m[2026-05-09 17:15:15] rescanning /Volumes/Expansion/all_mp4/REAL-881.mp4 
[36mINFO[0m[2026-05-09 17:15:15] Calculating fingerprints for /Volumes/Expansion/all_mp4/REAL-881.mp4 ... 
[36mINFO[0m[2026-05-09 17:15:15] rescanning /Volumes/Expansion/all_mp4/REAL-882.mp4 
[36mINFO[0m[2026-05-09 17:15:15] Calculating fingerprints for /Volumes/Expansion/all_mp4/REAL-882.mp4 ... 
[36mINFO[0m[2026-05-09 17:15:15] rescanning /Volumes/Expansion/all_mp4/REAL-965/18+游戏大全(996gg.cc)-七龍珠H版-三國志H版-三國群淫傳等.mp4 
[36mINFO[0m[2026-05-09 17:15:15] Calculating fingerprints for /Volumes/Expansion/all_mp4/REAL-965/18+游戏大全(996gg.cc)-七龍珠H版-三國志H版-三國群淫傳等.mp4 ... 
[36mINFO[0m[2026-05-09 17:15:15] rescanning /Volumes/Expansion/all_mp4/REAL-965/hhd800.com@REAL-965.mp4 
[36mINFO[0m[2026-05-09 17:15:15] rescanning /Volumes/Expansion/all_mp4/ROYD-216.mp4 
[36mINFO[0m[2026-05-09 17:15:15] Calculating fingerprints for /Volumes/Expansion/all_mp4/ROYD-216.mp4 ... 
[36mINFO[0m[2026-05-09 17:15:15] Calculating fingerprints for /Volumes/Expansion/all_mp4/REAL-965/hhd800.com@REAL-965.mp4 ... 
[36mINFO[0m[2026-05-09 17:15:15] rescanning /Volumes/Expansion/all_mp4/ROYD-216_copy.mp4 
[36mINFO[0m[2026-05-09 17:15:15] Calculating fingerprints for /Volumes/Expansion/all_mp4/ROYD-216_copy.mp4 ... 
[36mINFO[0m[2026-05-09 17:15:15] rescanning /Volumes/Expansion/all_mp4/ROYD-270/18+游戏大全(996gg.cc)-七龍珠H版-三國志H版-三國群淫傳等.mp4 
[36mINFO[0m[2026-05-09 17:15:15] Calculating fingerprints for /Volumes/Expansion/all_mp4/ROYD-270/18+游戏大全(996gg.cc)-七龍珠H版-三國志H版-三國群淫傳等.mp4 ... 
[36mINFO[0m[2026-05-09 17:15:18] rescanning /Volumes/Expansion/all_mp4/ROYD-270/hhd800.com@ROYD-270.mp4 
[36mINFO[0m[2026-05-09 17:15:18] Calculating fingerprints for /Volumes/Expansion/all_mp4/ROYD-270/hhd800.com@ROYD-270.mp4 ... 
[36mINFO[0m[2026-05-09 17:15:19] rescanning /Volumes/Expansion/all_mp4/RVG-229.mp4 
[36mINFO[0m[2026-05-09 17:15:19] Calculating fingerprints for /Volumes/Expansion/all_mp4/RVG-229.mp4 ... 
[36mINFO[0m[2026-05-09 17:15:19] rescanning /Volumes/Expansion/all_mp4/Reducing MosaicNHDTB-440 Drooling Saliva Kissing Molester 4 - Sl.mp4 
[36mINFO[0m[2026-05-09 17:15:19] Calculating fingerprints for /Volumes/Expansion/all_mp4/Reducing MosaicNHDTB-440 Drooling Saliva Kissing Molester 4 - Sl.mp4 ... 
[36mINFO[0m[2026-05-09 17:15:19] rescanning /Volumes/Expansion/all_mp4/SAME-093/hhd800.com@SAME-093.mp4 
[36mINFO[0m[2026-05-09 17:15:19] Calculating fingerprints for /Volumes/Expansion/all_mp4/SAME-093/hhd800.com@SAME-093.mp4 ... 
[36mINFO[0m[2026-05-09 17:15:20] rescanning /Volumes/Expansion/all_mp4/SAME-137.mp4 
[36mINFO[0m[2026-05-09 17:15:20] Calculating fingerprints for /Volumes/Expansion/all_mp4/SAME-137.mp4 ... 
[36mINFO[0m[2026-05-09 17:15:20] rescanning /Volumes/Expansion/all_mp4/SAME-178.mp4 
[36mINFO[0m[2026-05-09 17:15:20] Calculating fingerprints for /Volumes/Expansion/all_mp4/SAME-178.mp4 ... 
[36mINFO[0m[2026-05-09 17:15:20] rescanning /Volumes/Expansion/all_mp4/SCOP-858.mp4 
[36mINFO[0m[2026-05-09 17:15:20] Calculating fingerprints for /Volumes/Expansion/all_mp4/SCOP-858.mp4 ... 
[36mINFO[0m[2026-05-09 17:15:20] rescanning /Volumes/Expansion/all_mp4/SCR-343/18+游戏大全(996gg.cc)-七龍珠H版-三國志H版-三國群淫傳等.mp4 
[36mINFO[0m[2026-05-09 17:15:20] Calculating fingerprints for /Volumes/Expansion/all_mp4/SCR-343/18+游戏大全(996gg.cc)-七龍珠H版-三國志H版-三國群淫傳等.mp4 ... 
[36mINFO[0m[2026-05-09 17:15:20] rescanning /Volumes/Expansion/all_mp4/SCR-343/hhd800.com@SCR-343.mp4 
[36mINFO[0m[2026-05-09 17:15:20] Calculating fingerprints for /Volumes/Expansion/all_mp4/SCR-343/hhd800.com@SCR-343.mp4 ... 
[36mINFO[0m[2026-05-09 17:15:20] rescanning /Volumes/Expansion/all_mp4/SDJS-267.mp4 
[36mINFO[0m[2026-05-09 17:15:20] Calculating fingerprints for /Volumes/Expansion/all_mp4/SDJS-267.mp4 ... 
[36mINFO[0m[2026-05-09 17:15:20] rescanning /Volumes/Expansion/all_mp4/SDJS-350v/SDJS-350v.mp4 
[36mINFO[0m[2026-05-09 17:15:20] Calculating fingerprints for /Volumes/Expansion/all_mp4/SDJS-350v/SDJS-350v.mp4 ... 
[36mINFO[0m[2026-05-09 17:15:20] rescanning /Volumes/Expansion/all_mp4/SDJS-350v/manko.fun.mp4 
[36mINFO[0m[2026-05-09 17:15:20] Calculating fingerprints for /Volumes/Expansion/all_mp4/SDJS-350v/manko.fun.mp4 ... 
[36mINFO[0m[2026-05-09 17:15:20] rescanning /Volumes/Expansion/all_mp4/SDMM-14001.mp4 
[36mINFO[0m[2026-05-09 17:15:20] Calculating fingerprints for /Volumes/Expansion/all_mp4/SDMM-14001.mp4 ... 
[36mINFO[0m[2026-05-09 17:15:20] rescanning /Volumes/Expansion/all_mp4/SDMM-14003.mp4 
[36mINFO[0m[2026-05-09 17:15:20] Calculating fingerprints for /Volumes/Expansion/all_mp4/SDMM-14003.mp4 ... 
[36mINFO[0m[2026-05-09 17:15:20] rescanning /Volumes/Expansion/all_mp4/SDMM-14004.mp4 
[36mINFO[0m[2026-05-09 17:15:20] Calculating fingerprints for /Volumes/Expansion/all_mp4/SDMM-14004.mp4 ... 
[36mINFO[0m[2026-05-09 17:15:20] rescanning /Volumes/Expansion/all_mp4/SDMM-14005.mp4 
[36mINFO[0m[2026-05-09 17:15:20] Calculating fingerprints for /Volumes/Expansion/all_mp4/SDMM-14005.mp4 ... 
[36mINFO[0m[2026-05-09 17:15:20] rescanning /Volumes/Expansion/all_mp4/SDMM-170/hhd800.com@SDMM-170.mp4 
[36mINFO[0m[2026-05-09 17:15:20] Calculating fingerprints for /Volumes/Expansion/all_mp4/SDMM-170/hhd800.com@SDMM-170.mp4 ... 
[36mINFO[0m[2026-05-09 17:15:20] rescanning /Volumes/Expansion/all_mp4/SDMM-201.mp4 
[36mINFO[0m[2026-05-09 17:15:20] Calculating fingerprints for /Volumes/Expansion/all_mp4/SDMM-201.mp4 ... 
[36mINFO[0m[2026-05-09 17:15:20] rescanning /Volumes/Expansion/all_mp4/SHKD-921.mp4 
[36mINFO[0m[2026-05-09 17:15:20] Calculating fingerprints for /Volumes/Expansion/all_mp4/SHKD-921.mp4 ... 
[36mINFO[0m[2026-05-09 17:15:20] rescanning /Volumes/Expansion/all_mp4/SHKD-989/hhd800.com@SHKD-989.mp4 
[36mINFO[0m[2026-05-09 17:15:20] Calculating fingerprints for /Volumes/Expansion/all_mp4/SHKD-989/hhd800.com@SHKD-989.mp4 ... 
[36mINFO[0m[2026-05-09 17:15:21] rescanning /Volumes/Expansion/all_mp4/SNIS-887-C.mp4 
[36mINFO[0m[2026-05-09 17:15:21] Calculating fingerprints for /Volumes/Expansion/all_mp4/SNIS-887-C.mp4 ... 
[36mINFO[0m[2026-05-09 17:15:21] rescanning /Volumes/Expansion/all_mp4/SHKD-996/hhd800.com@SHKD-996.mp4 
[36mINFO[0m[2026-05-09 17:15:21] Calculating fingerprints for /Volumes/Expansion/all_mp4/SHKD-996/hhd800.com@SHKD-996.mp4 ... 
[36mINFO[0m[2026-05-09 17:15:21] rescanning /Volumes/Expansion/all_mp4/SNOS-036/hhd800.com@SNOS-036.mp4 
[36mINFO[0m[2026-05-09 17:15:21] Calculating fingerprints for /Volumes/Expansion/all_mp4/SNOS-036/hhd800.com@SNOS-036.mp4 ... 
[36mINFO[0m[2026-05-09 17:15:21] rescanning /Volumes/Expansion/all_mp4/SNOS-036/18+游戏大全(996gg.cc)-七龍珠H版-三國志H版-三國群淫傳等.mp4 
[36mINFO[0m[2026-05-09 17:15:21] Calculating fingerprints for /Volumes/Expansion/all_mp4/SNOS-036/18+游戏大全(996gg.cc)-七龍珠H版-三國志H版-三國群淫傳等.mp4 ... 
[36mINFO[0m[2026-05-09 17:15:21] rescanning /Volumes/Expansion/all_mp4/SNOS-043/18+游戏大全(996gg.cc)-七龍珠H版-三國志H版-三國群淫傳等.mp4 
[36mINFO[0m[2026-05-09 17:15:21] Calculating fingerprints for /Volumes/Expansion/all_mp4/SNOS-043/18+游戏大全(996gg.cc)-七龍珠H版-三國志H版-三國群淫傳等.mp4 ... 
[36mINFO[0m[2026-05-09 17:15:21] rescanning /Volumes/Expansion/all_mp4/SNOS-043/hhd800.com@SNOS-043.mp4 
[36mINFO[0m[2026-05-09 17:15:21] Calculating fingerprints for /Volumes/Expansion/all_mp4/SNOS-043/hhd800.com@SNOS-043.mp4 ... 
[36mINFO[0m[2026-05-09 17:15:22] rescanning /Volumes/Expansion/all_mp4/SNOS-193.mp4 
[36mINFO[0m[2026-05-09 17:15:22] Calculating fingerprints for /Volumes/Expansion/all_mp4/SNOS-193.mp4 ... 
[36mINFO[0m[2026-05-09 17:15:22] rescanning /Volumes/Expansion/all_mp4/SONE-259.mp4 
[36mINFO[0m[2026-05-09 17:15:22] Calculating fingerprints for /Volumes/Expansion/all_mp4/SONE-259.mp4 ... 
[36mINFO[0m[2026-05-09 17:15:22] rescanning /Volumes/Expansion/all_mp4/SONE-302.mp4 
[36mINFO[0m[2026-05-09 17:15:22] Calculating fingerprints for /Volumes/Expansion/all_mp4/SONE-302.mp4 ... 
[36mINFO[0m[2026-05-09 17:15:22] rescanning /Volumes/Expansion/all_mp4/SONE-316.mp4 
[36mINFO[0m[2026-05-09 17:15:22] Calculating fingerprints for /Volumes/Expansion/all_mp4/SONE-316.mp4 ... 
[36mINFO[0m[2026-05-09 17:15:22] rescanning /Volumes/Expansion/all_mp4/SONE-347.mp4 
[36mINFO[0m[2026-05-09 17:15:22] Calculating fingerprints for /Volumes/Expansion/all_mp4/SONE-347.mp4 ... 
[36mINFO[0m[2026-05-09 17:15:22] rescanning /Volumes/Expansion/all_mp4/SONE-351.mp4 
[36mINFO[0m[2026-05-09 17:15:22] Calculating fingerprints for /Volumes/Expansion/all_mp4/SONE-351.mp4 ... 
[36mINFO[0m[2026-05-09 17:15:22] rescanning /Volumes/Expansion/all_mp4/SONE-393.mp4 
[36mINFO[0m[2026-05-09 17:15:22] Calculating fingerprints for /Volumes/Expansion/all_mp4/SONE-393.mp4 ... 
[36mINFO[0m[2026-05-09 17:15:22] rescanning /Volumes/Expansion/all_mp4/SONE-398.mp4 
[36mINFO[0m[2026-05-09 17:15:22] Calculating fingerprints for /Volumes/Expansion/all_mp4/SONE-398.mp4 ... 
[36mINFO[0m[2026-05-09 17:15:22] rescanning /Volumes/Expansion/all_mp4/SONE-411.mp4 
[36mINFO[0m[2026-05-09 17:15:22] Calculating fingerprints for /Volumes/Expansion/all_mp4/SONE-411.mp4 ... 
[36mINFO[0m[2026-05-09 17:15:22] rescanning /Volumes/Expansion/all_mp4/SONE-405.mp4 
[36mINFO[0m[2026-05-09 17:15:22] Calculating fingerprints for /Volumes/Expansion/all_mp4/SONE-405.mp4 ... 
[36mINFO[0m[2026-05-09 17:15:22] rescanning /Volumes/Expansion/all_mp4/SONE-416.mp4 
[36mINFO[0m[2026-05-09 17:15:22] Calculating fingerprints for /Volumes/Expansion/all_mp4/SONE-416.mp4 ... 
[36mINFO[0m[2026-05-09 17:15:22] rescanning /Volumes/Expansion/all_mp4/SONE-420.mp4 
[36mINFO[0m[2026-05-09 17:15:22] Calculating fingerprints for /Volumes/Expansion/all_mp4/SONE-420.mp4 ... 
[36mINFO[0m[2026-05-09 17:15:22] rescanning /Volumes/Expansion/all_mp4/SONE-441.mp4 
[36mINFO[0m[2026-05-09 17:15:22] Calculating fingerprints for /Volumes/Expansion/all_mp4/SONE-441.mp4 ... 
[36mINFO[0m[2026-05-09 17:15:22] rescanning /Volumes/Expansion/all_mp4/SONE-447.mp4 
[36mINFO[0m[2026-05-09 17:15:22] Calculating fingerprints for /Volumes/Expansion/all_mp4/SONE-447.mp4 ... 
[36mINFO[0m[2026-05-09 17:15:22] rescanning /Volumes/Expansion/all_mp4/SONE-449.mp4 
[36mINFO[0m[2026-05-09 17:15:22] Calculating fingerprints for /Volumes/Expansion/all_mp4/SONE-449.mp4 ... 
[36mINFO[0m[2026-05-09 17:15:22] rescanning /Volumes/Expansion/all_mp4/SONE-443.mp4 
[36mINFO[0m[2026-05-09 17:15:22] Calculating fingerprints for /Volumes/Expansion/all_mp4/SONE-443.mp4 ... 
[36mINFO[0m[2026-05-09 17:15:23] rescanning /Volumes/Expansion/all_mp4/SONE-463.mp4 
[36mINFO[0m[2026-05-09 17:15:23] Calculating fingerprints for /Volumes/Expansion/all_mp4/SONE-463.mp4 ... 
[36mINFO[0m[2026-05-09 17:15:23] rescanning /Volumes/Expansion/all_mp4/SONE-460.mp4 
[36mINFO[0m[2026-05-09 17:15:23] Calculating fingerprints for /Volumes/Expansion/all_mp4/SONE-460.mp4 ... 
[36mINFO[0m[2026-05-09 17:15:26] rescanning /Volumes/Expansion/all_mp4/SONE-483.mp4 
[36mINFO[0m[2026-05-09 17:15:26] Calculating fingerprints for /Volumes/Expansion/all_mp4/SONE-483.mp4 ... 
[36mINFO[0m[2026-05-09 17:15:26] rescanning /Volumes/Expansion/all_mp4/SONE-482.mp4 
[36mINFO[0m[2026-05-09 17:15:26] Calculating fingerprints for /Volumes/Expansion/all_mp4/SONE-482.mp4 ... 
[36mINFO[0m[2026-05-09 17:15:26] rescanning /Volumes/Expansion/all_mp4/SONE-480.mp4 
[36mINFO[0m[2026-05-09 17:15:26] Calculating fingerprints for /Volumes/Expansion/all_mp4/SONE-480.mp4 ... 
[36mINFO[0m[2026-05-09 17:15:26] rescanning /Volumes/Expansion/all_mp4/SONE-484.mp4 
[36mINFO[0m[2026-05-09 17:15:26] Calculating fingerprints for /Volumes/Expansion/all_mp4/SONE-484.mp4 ... 
[36mINFO[0m[2026-05-09 17:15:26] rescanning /Volumes/Expansion/all_mp4/SONE-485.mp4 
[36mINFO[0m[2026-05-09 17:15:26] Calculating fingerprints for /Volumes/Expansion/all_mp4/SONE-485.mp4 ... 
[36mINFO[0m[2026-05-09 17:15:26] rescanning /Volumes/Expansion/all_mp4/SONE-486.mp4 
[36mINFO[0m[2026-05-09 17:15:26] Calculating fingerprints for /Volumes/Expansion/all_mp4/SONE-486.mp4 ... 
[36mINFO[0m[2026-05-09 17:15:26] rescanning /Volumes/Expansion/all_mp4/SONE-488.mp4 
[36mINFO[0m[2026-05-09 17:15:26] Calculating fingerprints for /Volumes/Expansion/all_mp4/SONE-488.mp4 ... 
[36mINFO[0m[2026-05-09 17:15:26] rescanning /Volumes/Expansion/all_mp4/SONE-489.mp4 
[36mINFO[0m[2026-05-09 17:15:26] Calculating fingerprints for /Volumes/Expansion/all_mp4/SONE-489.mp4 ... 
[36mINFO[0m[2026-05-09 17:15:26] rescanning /Volumes/Expansion/all_mp4/SONE-492.mp4 
[36mINFO[0m[2026-05-09 17:15:26] Calculating fingerprints for /Volumes/Expansion/all_mp4/SONE-492.mp4 ... 
[36mINFO[0m[2026-05-09 17:15:28] rescanning /Volumes/Expansion/all_mp4/SONE-514.mp4 
[36mINFO[0m[2026-05-09 17:15:28] Calculating fingerprints for /Volumes/Expansion/all_mp4/SONE-514.mp4 ... 
[36mINFO[0m[2026-05-09 17:15:28] rescanning /Volumes/Expansion/all_mp4/SONE-495.mp4 
[36mINFO[0m[2026-05-09 17:15:28] rescanning /Volumes/Expansion/all_mp4/SONE-552.mp4 
[36mINFO[0m[2026-05-09 17:15:28] Calculating fingerprints for /Volumes/Expansion/all_mp4/SONE-552.mp4 ... 
[36mINFO[0m[2026-05-09 17:15:28] rescanning /Volumes/Expansion/all_mp4/SONE-515.mp4 
[36mINFO[0m[2026-05-09 17:15:28] Calculating fingerprints for /Volumes/Expansion/all_mp4/SONE-515.mp4 ... 
[36mINFO[0m[2026-05-09 17:15:28] rescanning /Volumes/Expansion/all_mp4/SONE-520.mp4 
[36mINFO[0m[2026-05-09 17:15:28] Calculating fingerprints for /Volumes/Expansion/all_mp4/SONE-520.mp4 ... 
[36mINFO[0m[2026-05-09 17:15:28] Calculating fingerprints for /Volumes/Expansion/all_mp4/SONE-495.mp4 ... 
[36mINFO[0m[2026-05-09 17:15:28] rescanning /Volumes/Expansion/all_mp4/SONE-544.mp4 
[36mINFO[0m[2026-05-09 17:15:28] Calculating fingerprints for /Volumes/Expansion/all_mp4/SONE-544.mp4 ... 
[36mINFO[0m[2026-05-09 17:15:28] rescanning /Volumes/Expansion/all_mp4/SONE-551.mp4 
[36mINFO[0m[2026-05-09 17:15:28] Calculating fingerprints for /Volumes/Expansion/all_mp4/SONE-551.mp4 ... 
[36mINFO[0m[2026-05-09 17:15:28] rescanning /Volumes/Expansion/all_mp4/SONE-603.mp4 
[36mINFO[0m[2026-05-09 17:15:28] Calculating fingerprints for /Volumes/Expansion/all_mp4/SONE-603.mp4 ... 
[36mINFO[0m[2026-05-09 17:15:29] rescanning /Volumes/Expansion/all_mp4/SONE-655.mp4 
[36mINFO[0m[2026-05-09 17:15:29] Calculating fingerprints for /Volumes/Expansion/all_mp4/SONE-655.mp4 ... 
[36mINFO[0m[2026-05-09 17:15:29] rescanning /Volumes/Expansion/all_mp4/SONE-673.mp4 
[36mINFO[0m[2026-05-09 17:15:29] Calculating fingerprints for /Volumes/Expansion/all_mp4/SONE-673.mp4 ... 
[36mINFO[0m[2026-05-09 17:15:30] rescanning /Volumes/Expansion/all_mp4/SONE-679.mp4 
[36mINFO[0m[2026-05-09 17:15:30] Calculating fingerprints for /Volumes/Expansion/all_mp4/SONE-679.mp4 ... 
[36mINFO[0m[2026-05-09 17:15:30] rescanning /Volumes/Expansion/all_mp4/SONE-709/hhd800.com@SONE-709.mp4 
[36mINFO[0m[2026-05-09 17:15:30] Calculating fingerprints for /Volumes/Expansion/all_mp4/SONE-709/hhd800.com@SONE-709.mp4 ... 
[36mINFO[0m[2026-05-09 17:15:30] rescanning /Volumes/Expansion/all_mp4/SONE-712.mp4 
[36mINFO[0m[2026-05-09 17:15:30] Calculating fingerprints for /Volumes/Expansion/all_mp4/SONE-712.mp4 ... 
[36mINFO[0m[2026-05-09 17:15:30] rescanning /Volumes/Expansion/all_mp4/SONE-714/hhd800.com@SONE-714.mp4 
[36mINFO[0m[2026-05-09 17:15:30] Calculating fingerprints for /Volumes/Expansion/all_mp4/SONE-714/hhd800.com@SONE-714.mp4 ... 
[36mINFO[0m[2026-05-09 17:15:30] rescanning /Volumes/Expansion/all_mp4/SONE-718.mp4 
[36mINFO[0m[2026-05-09 17:15:30] Calculating fingerprints for /Volumes/Expansion/all_mp4/SONE-718.mp4 ... 
[36mINFO[0m[2026-05-09 17:15:31] rescanning /Volumes/Expansion/all_mp4/SONE-771/hhd800.com@SONE-771.mp4 
[36mINFO[0m[2026-05-09 17:15:31] Calculating fingerprints for /Volumes/Expansion/all_mp4/SONE-771/hhd800.com@SONE-771.mp4 ... 
[36mINFO[0m[2026-05-09 17:15:31] rescanning /Volumes/Expansion/all_mp4/SONE-784.mp4 
[36mINFO[0m[2026-05-09 17:15:31] Calculating fingerprints for /Volumes/Expansion/all_mp4/SONE-784.mp4 ... 
[36mINFO[0m[2026-05-09 17:15:31] rescanning /Volumes/Expansion/all_mp4/SONE-804/hhd800.com@SONE-804.mp4 
[36mINFO[0m[2026-05-09 17:15:31] Calculating fingerprints for /Volumes/Expansion/all_mp4/SONE-804/hhd800.com@SONE-804.mp4 ... 
[36mINFO[0m[2026-05-09 17:15:31] rescanning /Volumes/Expansion/all_mp4/SONE-821.mp4 
[36mINFO[0m[2026-05-09 17:15:31] Calculating fingerprints for /Volumes/Expansion/all_mp4/SONE-821.mp4 ... 
[36mINFO[0m[2026-05-09 17:15:32] rescanning /Volumes/Expansion/all_mp4/SONE-836/hhd800.com@SONE-836.mp4 
[36mINFO[0m[2026-05-09 17:15:32] Calculating fingerprints for /Volumes/Expansion/all_mp4/SONE-836/hhd800.com@SONE-836.mp4 ... 
[36mINFO[0m[2026-05-09 17:15:32] rescanning /Volumes/Expansion/all_mp4/SONE-958/hhd800.com@SONE-958.mp4 
[36mINFO[0m[2026-05-09 17:15:32] Calculating fingerprints for /Volumes/Expansion/all_mp4/SONE-958/hhd800.com@SONE-958.mp4 ... 
[36mINFO[0m[2026-05-09 17:15:32] rescanning /Volumes/Expansion/all_mp4/SORA-586.mp4 
[36mINFO[0m[2026-05-09 17:15:32] Calculating fingerprints for /Volumes/Expansion/all_mp4/SORA-586.mp4 ... 
[36mINFO[0m[2026-05-09 17:15:32] rescanning /Volumes/Expansion/all_mp4/SSNI-766_hhd000.com_免翻_墙免费访问全球最大情_色网站P_ornhub_可看收费内容.mp4 
[36mINFO[0m[2026-05-09 17:15:32] Calculating fingerprints for /Volumes/Expansion/all_mp4/SSNI-766_hhd000.com_免翻_墙免费访问全球最大情_色网站P_ornhub_可看收费内容.mp4 ... 
[36mINFO[0m[2026-05-09 17:15:32] rescanning /Volumes/Expansion/all_mp4/SORA-571.mp4 
[36mINFO[0m[2026-05-09 17:15:32] Calculating fingerprints for /Volumes/Expansion/all_mp4/SORA-571.mp4 ... 
[36mINFO[0m[2026-05-09 17:15:32] rescanning /Volumes/Expansion/all_mp4/SSNI-923.mp4 
[36mINFO[0m[2026-05-09 17:15:32] Calculating fingerprints for /Volumes/Expansion/all_mp4/SSNI-923.mp4 ... 
[36mINFO[0m[2026-05-09 17:15:32] rescanning /Volumes/Expansion/all_mp4/SONE-958/18+游戏大全(996gg.cc)-七龍珠H版-三國志H版-三國群淫傳等.mp4 
[36mINFO[0m[2026-05-09 17:15:32] Calculating fingerprints for /Volumes/Expansion/all_mp4/SONE-958/18+游戏大全(996gg.cc)-七龍珠H版-三國志H版-三國群淫傳等.mp4 ... 
[36mINFO[0m[2026-05-09 17:15:33] rescanning /Volumes/Expansion/all_mp4/START-025/hhd800.com@START-025.mp4 
[36mINFO[0m[2026-05-09 17:15:33] Calculating fingerprints for /Volumes/Expansion/all_mp4/START-025/hhd800.com@START-025.mp4 ... 
[36mINFO[0m[2026-05-09 17:15:33] rescanning /Volumes/Expansion/all_mp4/START-167.mp4 
[36mINFO[0m[2026-05-09 17:15:33] Calculating fingerprints for /Volumes/Expansion/all_mp4/START-167.mp4 ... 
[36mINFO[0m[2026-05-09 17:15:33] rescanning /Volumes/Expansion/all_mp4/START-176.mp4 
[36mINFO[0m[2026-05-09 17:15:33] Calculating fingerprints for /Volumes/Expansion/all_mp4/START-176.mp4 ... 
[36mINFO[0m[2026-05-09 17:15:33] rescanning /Volumes/Expansion/all_mp4/START-194.mp4 
[36mINFO[0m[2026-05-09 17:15:33] Calculating fingerprints for /Volumes/Expansion/all_mp4/START-194.mp4 ... 
[36mINFO[0m[2026-05-09 17:15:33] rescanning /Volumes/Expansion/all_mp4/START-183.mp4 
[36mINFO[0m[2026-05-09 17:15:33] Calculating fingerprints for /Volumes/Expansion/all_mp4/START-183.mp4 ... 
[36mINFO[0m[2026-05-09 17:15:33] rescanning /Volumes/Expansion/all_mp4/START-199.mp4 
[36mINFO[0m[2026-05-09 17:15:33] Calculating fingerprints for /Volumes/Expansion/all_mp4/START-199.mp4 ... 
[36mINFO[0m[2026-05-09 17:15:33] rescanning /Volumes/Expansion/all_mp4/START-223.mp4 
[36mINFO[0m[2026-05-09 17:15:33] rescanning /Volumes/Expansion/all_mp4/START-249.mp4 
[36mINFO[0m[2026-05-09 17:15:33] Calculating fingerprints for /Volumes/Expansion/all_mp4/START-249.mp4 ... 
[36mINFO[0m[2026-05-09 17:15:33] Calculating fingerprints for /Volumes/Expansion/all_mp4/START-223.mp4 ... 
[36mINFO[0m[2026-05-09 17:15:33] rescanning /Volumes/Expansion/all_mp4/START-256.mp4 
[36mINFO[0m[2026-05-09 17:15:33] Calculating fingerprints for /Volumes/Expansion/all_mp4/START-256.mp4 ... 
[36mINFO[0m[2026-05-09 17:15:33] rescanning /Volumes/Expansion/all_mp4/START-257.mp4 
[36mINFO[0m[2026-05-09 17:15:33] Calculating fingerprints for /Volumes/Expansion/all_mp4/START-257.mp4 ... 
[36mINFO[0m[2026-05-09 17:15:33] rescanning /Volumes/Expansion/all_mp4/START-268.mp4 
[36mINFO[0m[2026-05-09 17:15:33] Calculating fingerprints for /Volumes/Expansion/all_mp4/START-268.mp4 ... 
[36mINFO[0m[2026-05-09 17:15:33] rescanning /Volumes/Expansion/all_mp4/START-290.mp4 
[36mINFO[0m[2026-05-09 17:15:33] Calculating fingerprints for /Volumes/Expansion/all_mp4/START-290.mp4 ... 
[36mINFO[0m[2026-05-09 17:15:33] rescanning /Volumes/Expansion/all_mp4/START-564.mp4 
[36mINFO[0m[2026-05-09 17:15:33] Calculating fingerprints for /Volumes/Expansion/all_mp4/START-564.mp4 ... 
[36mINFO[0m[2026-05-09 17:15:33] rescanning /Volumes/Expansion/all_mp4/START-427.mp4 
[36mINFO[0m[2026-05-09 17:15:33] Calculating fingerprints for /Volumes/Expansion/all_mp4/START-427.mp4 ... 
[36mINFO[0m[2026-05-09 17:15:33] rescanning /Volumes/Expansion/all_mp4/SVCAO-012.mp4 
[36mINFO[0m[2026-05-09 17:15:33] Calculating fingerprints for /Volumes/Expansion/all_mp4/SVCAO-012.mp4 ... 
[36mINFO[0m[2026-05-09 17:15:33] rescanning /Volumes/Expansion/all_mp4/START-490.mp4 
[36mINFO[0m[2026-05-09 17:15:33] rescanning /Volumes/Expansion/all_mp4/STSK-152.mp4 
[36mINFO[0m[2026-05-09 17:15:33] Calculating fingerprints for /Volumes/Expansion/all_mp4/STSK-152.mp4 ... 
[36mINFO[0m[2026-05-09 17:15:33] Calculating fingerprints for /Volumes/Expansion/all_mp4/START-490.mp4 ... 
[36mINFO[0m[2026-05-09 17:15:33] rescanning /Volumes/Expansion/all_mp4/SUJI-260.mp4 
[36mINFO[0m[2026-05-09 17:15:33] Calculating fingerprints for /Volumes/Expansion/all_mp4/SUJI-260.mp4 ... 
[36mINFO[0m[2026-05-09 17:15:33] rescanning /Volumes/Expansion/all_mp4/STSK-208.mp4 
[36mINFO[0m[2026-05-09 17:15:33] Calculating fingerprints for /Volumes/Expansion/all_mp4/STSK-208.mp4 ... 
[36mINFO[0m[2026-05-09 17:15:33] rescanning /Volumes/Expansion/all_mp4/SUJI-258.mp4 
[36mINFO[0m[2026-05-09 17:15:33] Calculating fingerprints for /Volumes/Expansion/all_mp4/SUJI-258.mp4 ... 
[36mINFO[0m[2026-05-09 17:15:33] rescanning /Volumes/Expansion/all_mp4/STSK-151.mp4 
[36mINFO[0m[2026-05-09 17:15:33] Calculating fingerprints for /Volumes/Expansion/all_mp4/STSK-151.mp4 ... 
[36mINFO[0m[2026-05-09 17:15:33] rescanning /Volumes/Expansion/all_mp4/SVCAO-021.mp4 
[36mINFO[0m[2026-05-09 17:15:33] Calculating fingerprints for /Volumes/Expansion/all_mp4/SVCAO-021.mp4 ... 
[36mINFO[0m[2026-05-09 17:15:36] rescanning /Volumes/Expansion/all_mp4/SVDVD-956.mp4 
[36mINFO[0m[2026-05-09 17:15:36] Calculating fingerprints for /Volumes/Expansion/all_mp4/SVDVD-956.mp4 ... 
[36mINFO[0m[2026-05-09 17:15:36] rescanning /Volumes/Expansion/all_mp4/SVMGM-036.mp4 
[36mINFO[0m[2026-05-09 17:15:36] Calculating fingerprints for /Volumes/Expansion/all_mp4/SVMGM-036.mp4 ... 
[36mINFO[0m[2026-05-09 17:15:36] rescanning /Volumes/Expansion/all_mp4/SVMGM-043/18+游戏大全(996gg.cc)-七龍珠H版-三國志H版-三國群淫傳等.mp4 
[36mINFO[0m[2026-05-09 17:15:36] Calculating fingerprints for /Volumes/Expansion/all_mp4/SVMGM-043/18+游戏大全(996gg.cc)-七龍珠H版-三國志H版-三國群淫傳等.mp4 ... 
[36mINFO[0m[2026-05-09 17:15:36] rescanning /Volumes/Expansion/all_mp4/SVMGM-043/hhd800.com@SVMGM-043.mp4 
[36mINFO[0m[2026-05-09 17:15:36] Calculating fingerprints for /Volumes/Expansion/all_mp4/SVMGM-043/hhd800.com@SVMGM-043.mp4 ... 
[36mINFO[0m[2026-05-09 17:15:36] rescanning /Volumes/Expansion/all_mp4/SVVRT-048.mp4 
[36mINFO[0m[2026-05-09 17:15:36] Calculating fingerprints for /Volumes/Expansion/all_mp4/SVVRT-048.mp4 ... 
[36mINFO[0m[2026-05-09 17:15:36] rescanning /Volumes/Expansion/all_mp4/SW-883.mp4 
[36mINFO[0m[2026-05-09 17:15:36] Calculating fingerprints for /Volumes/Expansion/all_mp4/SW-883.mp4 ... 
[36mINFO[0m[2026-05-09 17:15:36] rescanning /Volumes/Expansion/all_mp4/T-38033.mp4 
[36mINFO[0m[2026-05-09 17:15:36] Calculating fingerprints for /Volumes/Expansion/all_mp4/T-38033.mp4 ... 
[36mINFO[0m[2026-05-09 17:15:37] rescanning /Volumes/Expansion/all_mp4/T38-045/18+游戏大全(996gg.cc)-七龍珠H版-三國志H版-三國群淫傳等.mp4 
[36mINFO[0m[2026-05-09 17:15:37] Calculating fingerprints for /Volumes/Expansion/all_mp4/T38-045/18+游戏大全(996gg.cc)-七龍珠H版-三國志H版-三國群淫傳等.mp4 ... 
[36mINFO[0m[2026-05-09 17:15:38] rescanning /Volumes/Expansion/all_mp4/TOTTE-211.mp4 
[36mINFO[0m[2026-05-09 17:15:38] Calculating fingerprints for /Volumes/Expansion/all_mp4/TOTTE-211.mp4 ... 
[36mINFO[0m[2026-05-09 17:15:38] rescanning /Volumes/Expansion/all_mp4/T38-045/hhd800.com@T38-045.mp4 
[36mINFO[0m[2026-05-09 17:15:38] Calculating fingerprints for /Volumes/Expansion/all_mp4/T38-045/hhd800.com@T38-045.mp4 ... 
[36mINFO[0m[2026-05-09 17:15:38] rescanning /Volumes/Expansion/all_mp4/T38-060.mp4 
[36mINFO[0m[2026-05-09 17:15:38] Calculating fingerprints for /Volumes/Expansion/all_mp4/T38-060.mp4 ... 
[36mINFO[0m[2026-05-09 17:15:38] rescanning /Volumes/Expansion/all_mp4/TOTTE-212.mp4 
[36mINFO[0m[2026-05-09 17:15:38] Calculating fingerprints for /Volumes/Expansion/all_mp4/TOTTE-212.mp4 ... 
[36mINFO[0m[2026-05-09 17:15:38] rescanning /Volumes/Expansion/all_mp4/TOTTE-214.mp4 
[36mINFO[0m[2026-05-09 17:15:38] Calculating fingerprints for /Volumes/Expansion/all_mp4/TOTTE-214.mp4 ... 
[36mINFO[0m[2026-05-09 17:15:38] rescanning /Volumes/Expansion/all_mp4/TOTTE-215.mp4 
[36mINFO[0m[2026-05-09 17:15:38] Calculating fingerprints for /Volumes/Expansion/all_mp4/TOTTE-215.mp4 ... 
[36mINFO[0m[2026-05-09 17:15:38] rescanning /Volumes/Expansion/all_mp4/TPIN-090.mp4 
[36mINFO[0m[2026-05-09 17:15:38] Calculating fingerprints for /Volumes/Expansion/all_mp4/TPIN-090.mp4 ... 
[36mINFO[0m[2026-05-09 17:15:38] rescanning /Volumes/Expansion/all_mp4/UMSO-577.mp4 
[36mINFO[0m[2026-05-09 17:15:38] Calculating fingerprints for /Volumes/Expansion/all_mp4/UMSO-577.mp4 ... 
[36mINFO[0m[2026-05-09 17:15:38] rescanning /Volumes/Expansion/all_mp4/URKK-108.mp4 
[36mINFO[0m[2026-05-09 17:15:38] Calculating fingerprints for /Volumes/Expansion/all_mp4/URKK-108.mp4 ... 
[36mINFO[0m[2026-05-09 17:15:38] rescanning /Volumes/Expansion/all_mp4/UZU-019.mp4 
[36mINFO[0m[2026-05-09 17:15:38] Calculating fingerprints for /Volumes/Expansion/all_mp4/UZU-019.mp4 ... 
[36mINFO[0m[2026-05-09 17:15:39] rescanning /Volumes/Expansion/all_mp4/UZU-033/hhd800.com@UZU-033.mp4 
[36mINFO[0m[2026-05-09 17:15:39] Calculating fingerprints for /Volumes/Expansion/all_mp4/UZU-033/hhd800.com@UZU-033.mp4 ... 
[36mINFO[0m[2026-05-09 17:15:39] rescanning /Volumes/Expansion/all_mp4/VAGU-280.mp4 
[36mINFO[0m[2026-05-09 17:15:39] Calculating fingerprints for /Volumes/Expansion/all_mp4/VAGU-280.mp4 ... 
[36mINFO[0m[2026-05-09 17:15:39] rescanning /Volumes/Expansion/all_mp4/WAAA-447.mp4 
[36mINFO[0m[2026-05-09 17:15:39] Calculating fingerprints for /Volumes/Expansion/all_mp4/WAAA-447.mp4 ... 
[36mINFO[0m[2026-05-09 17:15:39] rescanning /Volumes/Expansion/all_mp4/UZU-033/18+游戏大全(996gg.cc)-七龍珠H版-三國志H版-三國群淫傳等.mp4 
[36mINFO[0m[2026-05-09 17:15:39] rescanning /Volumes/Expansion/all_mp4/XVSR-787.mp4 
[36mINFO[0m[2026-05-09 17:15:39] Calculating fingerprints for /Volumes/Expansion/all_mp4/XVSR-787.mp4 ... 
[36mINFO[0m[2026-05-09 17:15:39] Calculating fingerprints for /Volumes/Expansion/all_mp4/UZU-033/18+游戏大全(996gg.cc)-七龍珠H版-三國志H版-三國群淫傳等.mp4 ... 
[36mINFO[0m[2026-05-09 17:15:39] rescanning /Volumes/Expansion/all_mp4/WAAA-512.mp4 
[36mINFO[0m[2026-05-09 17:15:39] Calculating fingerprints for /Volumes/Expansion/all_mp4/WAAA-512.mp4 ... 
[36mINFO[0m[2026-05-09 17:15:39] rescanning /Volumes/Expansion/all_mp4/XVSR-785.mp4 
[36mINFO[0m[2026-05-09 17:15:39] Calculating fingerprints for /Volumes/Expansion/all_mp4/XVSR-785.mp4 ... 
[36mINFO[0m[2026-05-09 17:15:39] rescanning /Volumes/Expansion/all_mp4/XVSR-788.mp4 
[36mINFO[0m[2026-05-09 17:15:39] Calculating fingerprints for /Volumes/Expansion/all_mp4/XVSR-788.mp4 ... 
[36mINFO[0m[2026-05-09 17:15:39] rescanning /Volumes/Expansion/all_mp4/XVSR-796.mp4 
[36mINFO[0m[2026-05-09 17:15:39] Calculating fingerprints for /Volumes/Expansion/all_mp4/XVSR-796.mp4 ... 
[36mINFO[0m[2026-05-09 17:15:39] rescanning /Volumes/Expansion/all_mp4/YMDS-200.mp4 
[36mINFO[0m[2026-05-09 17:15:39] Calculating fingerprints for /Volumes/Expansion/all_mp4/YMDS-200.mp4 ... 
[36mINFO[0m[2026-05-09 17:15:40] rescanning /Volumes/Expansion/all_mp4/ZOZO-240/hhd800.com@ZOZO-240.mp4 
[36mINFO[0m[2026-05-09 17:15:40] Calculating fingerprints for /Volumes/Expansion/all_mp4/ZOZO-240/hhd800.com@ZOZO-240.mp4 ... 
[36mINFO[0m[2026-05-09 17:15:41] rescanning /Volumes/Expansion/all_mp4/ZOZO-242/hhd800.com@ZOZO-242.mp4 
[36mINFO[0m[2026-05-09 17:15:41] Calculating fingerprints for /Volumes/Expansion/all_mp4/ZOZO-242/hhd800.com@ZOZO-242.mp4 ... 
[36mINFO[0m[2026-05-09 17:15:42] rescanning /Volumes/Expansion/all_mp4/adn-343-ub.mp4 
[36mINFO[0m[2026-05-09 17:15:42] Calculating fingerprints for /Volumes/Expansion/all_mp4/adn-343-ub.mp4 ... 
[36mINFO[0m[2026-05-09 17:15:42] rescanning /Volumes/Expansion/all_mp4/[456k.me]ofje-146.mp4 
[36mINFO[0m[2026-05-09 17:15:42] Calculating fingerprints for /Volumes/Expansion/all_mp4/[456k.me]ofje-146.mp4 ... 
[36mINFO[0m[2026-05-09 17:15:43] rescanning /Volumes/Expansion/all_mp4/akdld-326/akdld-326.mp4 
[36mINFO[0m[2026-05-09 17:15:43] Calculating fingerprints for /Volumes/Expansion/all_mp4/akdld-326/akdld-326.mp4 ... 
[36mINFO[0m[2026-05-09 17:15:43] rescanning /Volumes/Expansion/all_mp4/ap-173.mp4 
[36mINFO[0m[2026-05-09 17:15:43] Calculating fingerprints for /Volumes/Expansion/all_mp4/ap-173.mp4 ... 
[36mINFO[0m[2026-05-09 17:15:43] rescanning /Volumes/Expansion/all_mp4/ap-263.mp4 
[36mINFO[0m[2026-05-09 17:15:43] Calculating fingerprints for /Volumes/Expansion/all_mp4/ap-263.mp4 ... 
[36mINFO[0m[2026-05-09 17:15:43] rescanning /Volumes/Expansion/all_mp4/apns-266.mp4 
[36mINFO[0m[2026-05-09 17:15:43] Calculating fingerprints for /Volumes/Expansion/all_mp4/apns-266.mp4 ... 
[36mINFO[0m[2026-05-09 17:15:43] rescanning /Volumes/Expansion/all_mp4/apns-313.mp4 
[36mINFO[0m[2026-05-09 17:15:43] Calculating fingerprints for /Volumes/Expansion/all_mp4/apns-313.mp4 ... 
[36mINFO[0m[2026-05-09 17:15:43] rescanning /Volumes/Expansion/all_mp4/bur-597.mp4 
[36mINFO[0m[2026-05-09 17:15:43] Calculating fingerprints for /Volumes/Expansion/all_mp4/bur-597.mp4 ... 
[36mINFO[0m[2026-05-09 17:15:43] rescanning /Volumes/Expansion/all_mp4/atid-410.mp4 
[36mINFO[0m[2026-05-09 17:15:43] Calculating fingerprints for /Volumes/Expansion/all_mp4/atid-410.mp4 ... 
[36mINFO[0m[2026-05-09 17:15:43] rescanning /Volumes/Expansion/all_mp4/atid-499.mp4 
[36mINFO[0m[2026-05-09 17:15:43] Calculating fingerprints for /Volumes/Expansion/all_mp4/atid-499.mp4 ... 
[36mINFO[0m[2026-05-09 17:15:43] rescanning /Volumes/Expansion/all_mp4/cawd-229.mp4 
[36mINFO[0m[2026-05-09 17:15:43] Calculating fingerprints for /Volumes/Expansion/all_mp4/cawd-229.mp4 ... 
[36mINFO[0m[2026-05-09 17:15:43] rescanning /Volumes/Expansion/all_mp4/cawd-228.mp4 
[36mINFO[0m[2026-05-09 17:15:43] Calculating fingerprints for /Volumes/Expansion/all_mp4/cawd-228.mp4 ... 
[36mINFO[0m[2026-05-09 17:15:43] rescanning /Volumes/Expansion/all_mp4/cawd-441.mp4 
[36mINFO[0m[2026-05-09 17:15:43] rescanning /Volumes/Expansion/all_mp4/cawd-558.mp4 
[36mINFO[0m[2026-05-09 17:15:43] Calculating fingerprints for /Volumes/Expansion/all_mp4/cawd-558.mp4 ... 
[36mINFO[0m[2026-05-09 17:15:43] rescanning /Volumes/Expansion/all_mp4/cawd-333-ub.mp4 
[36mINFO[0m[2026-05-09 17:15:43] Calculating fingerprints for /Volumes/Expansion/all_mp4/cawd-441.mp4 ... 
[36mINFO[0m[2026-05-09 17:15:43] Calculating fingerprints for /Volumes/Expansion/all_mp4/cawd-333-ub.mp4 ... 
[36mINFO[0m[2026-05-09 17:15:43] rescanning /Volumes/Expansion/all_mp4/dandy-391.mp4 
[36mINFO[0m[2026-05-09 17:15:43] Calculating fingerprints for /Volumes/Expansion/all_mp4/dandy-391.mp4 ... 
[36mINFO[0m[2026-05-09 17:15:43] rescanning /Volumes/Expansion/all_mp4/dvaj-409.mp4 
[36mINFO[0m[2026-05-09 17:15:43] Calculating fingerprints for /Volumes/Expansion/all_mp4/dvaj-409.mp4 ... 
[36mINFO[0m[2026-05-09 17:15:43] rescanning /Volumes/Expansion/all_mp4/dvaj-497.mp4 
[36mINFO[0m[2026-05-09 17:15:43] Calculating fingerprints for /Volumes/Expansion/all_mp4/dvaj-497.mp4 ... 
[36mINFO[0m[2026-05-09 17:15:43] rescanning /Volumes/Expansion/all_mp4/erofv-296.mp4 
[36mINFO[0m[2026-05-09 17:15:43] rescanning /Volumes/Expansion/all_mp4/dvmm-015.mp4 
[36mINFO[0m[2026-05-09 17:15:43] Calculating fingerprints for /Volumes/Expansion/all_mp4/dvmm-015.mp4 ... 
[36mINFO[0m[2026-05-09 17:15:43] Calculating fingerprints for /Volumes/Expansion/all_mp4/erofv-296.mp4 ... 
[36mINFO[0m[2026-05-09 17:15:43] rescanning /Volumes/Expansion/all_mp4/erofv-297.mp4 
[36mINFO[0m[2026-05-09 17:15:43] Calculating fingerprints for /Volumes/Expansion/all_mp4/erofv-297.mp4 ... 
[36mINFO[0m[2026-05-09 17:15:43] Skipping zero-length file: /Volumes/Expansion/all_mp4/fake_video.mp4 
[36mINFO[0m[2026-05-09 17:15:43] rescanning /Volumes/Expansion/all_mp4/erofv-298.mp4 
[36mINFO[0m[2026-05-09 17:15:43] Calculating fingerprints for /Volumes/Expansion/all_mp4/erofv-298.mp4 ... 
[36mINFO[0m[2026-05-09 17:15:43] rescanning /Volumes/Expansion/all_mp4/gdhh-024.mp4 
[36mINFO[0m[2026-05-09 17:15:43] Calculating fingerprints for /Volumes/Expansion/all_mp4/gdhh-024.mp4 ... 
[36mINFO[0m[2026-05-09 17:15:43] rescanning /Volumes/Expansion/all_mp4/gdhh-026.mp4 
[36mINFO[0m[2026-05-09 17:15:43] Calculating fingerprints for /Volumes/Expansion/all_mp4/gdhh-026.mp4 ... 
[36mINFO[0m[2026-05-09 17:15:43] rescanning /Volumes/Expansion/all_mp4/gdtm-053.mp4 
[36mINFO[0m[2026-05-09 17:15:43] Calculating fingerprints for /Volumes/Expansion/all_mp4/gdtm-053.mp4 ... 
[36mINFO[0m[2026-05-09 17:15:43] rescanning /Volumes/Expansion/all_mp4/gg5.co@MIDV-654-C_GG5.mp4 
[36mINFO[0m[2026-05-09 17:15:43] Calculating fingerprints for /Volumes/Expansion/all_mp4/gg5.co@MIDV-654-C_GG5.mp4 ... 
[36mINFO[0m[2026-05-09 17:15:43] rescanning /Volumes/Expansion/all_mp4/gg5.co@MIDV-906-C_GG5-C_GG5.mp4 
[36mINFO[0m[2026-05-09 17:15:43] Calculating fingerprints for /Volumes/Expansion/all_mp4/gg5.co@MIDV-906-C_GG5-C_GG5.mp4 ... 
[36mINFO[0m[2026-05-09 17:15:43] rescanning /Volumes/Expansion/all_mp4/gnax-049.mp4 
[36mINFO[0m[2026-05-09 17:15:43] Calculating fingerprints for /Volumes/Expansion/all_mp4/gnax-049.mp4 ... 
[36mINFO[0m[2026-05-09 17:15:43] rescanning /Volumes/Expansion/all_mp4/hbad-643.mp4 
[36mINFO[0m[2026-05-09 17:15:43] Calculating fingerprints for /Volumes/Expansion/all_mp4/hbad-643.mp4 ... 
[36mINFO[0m[2026-05-09 17:15:43] rescanning /Volumes/Expansion/all_mp4/hdd600.com@STARS-225_UNCENSORED_LEAKED_NOWATERMARK.mp4 
[36mINFO[0m[2026-05-09 17:15:43] Calculating fingerprints for /Volumes/Expansion/all_mp4/hdd600.com@STARS-225_UNCENSORED_LEAKED_NOWATERMARK.mp4 ... 
[36mINFO[0m[2026-05-09 17:15:43] rescanning /Volumes/Expansion/all_mp4/hhd800.com@116SHN-081.mp4 
[36mINFO[0m[2026-05-09 17:15:43] Calculating fingerprints for /Volumes/Expansion/all_mp4/hhd800.com@116SHN-081.mp4 ... 
[36mINFO[0m[2026-05-09 17:15:43] rescanning /Volumes/Expansion/all_mp4/hhd800.com@230OREMO-311.mp4 
[36mINFO[0m[2026-05-09 17:15:43] Calculating fingerprints for /Volumes/Expansion/all_mp4/hhd800.com@230OREMO-311.mp4 ... 
[36mINFO[0m[2026-05-09 17:15:43] rescanning /Volumes/Expansion/all_mp4/hhd800.com@ABF-090.mp4 
[36mINFO[0m[2026-05-09 17:15:43] Calculating fingerprints for /Volumes/Expansion/all_mp4/hhd800.com@ABF-090.mp4 ... 
[36mINFO[0m[2026-05-09 17:15:43] rescanning /Volumes/Expansion/all_mp4/hhd800.com@ADN-583.mp4 
[36mINFO[0m[2026-05-09 17:15:43] Calculating fingerprints for /Volumes/Expansion/all_mp4/hhd800.com@ADN-583.mp4 ... 
[36mINFO[0m[2026-05-09 17:15:43] rescanning /Volumes/Expansion/all_mp4/hhd800.com@ADN-663.mp4 
[36mINFO[0m[2026-05-09 17:15:43] Calculating fingerprints for /Volumes/Expansion/all_mp4/hhd800.com@ADN-663.mp4 ... 
[36mINFO[0m[2026-05-09 17:15:43] rescanning /Volumes/Expansion/all_mp4/hhd800.com@ADN-775.mp4 
[36mINFO[0m[2026-05-09 17:15:43] Calculating fingerprints for /Volumes/Expansion/all_mp4/hhd800.com@ADN-775.mp4 ... 
[36mINFO[0m[2026-05-09 17:15:43] rescanning /Volumes/Expansion/all_mp4/hhd800.com@ATID-506.mp4 
[36mINFO[0m[2026-05-09 17:15:43] Calculating fingerprints for /Volumes/Expansion/all_mp4/hhd800.com@ATID-506.mp4 ... 
[36mINFO[0m[2026-05-09 17:15:43] rescanning /Volumes/Expansion/all_mp4/hhd800.com@BMW-333.mp4 
[36mINFO[0m[2026-05-09 17:15:43] Calculating fingerprints for /Volumes/Expansion/all_mp4/hhd800.com@BMW-333.mp4 ... 
[36mINFO[0m[2026-05-09 17:15:43] rescanning /Volumes/Expansion/all_mp4/hhd800.com@CAWD-245.mp4 
[36mINFO[0m[2026-05-09 17:15:43] Calculating fingerprints for /Volumes/Expansion/all_mp4/hhd800.com@CAWD-245.mp4 ... 
[36mINFO[0m[2026-05-09 17:15:43] rescanning /Volumes/Expansion/all_mp4/hhd800.com@CAWD-542.mp4 
[36mINFO[0m[2026-05-09 17:15:43] Calculating fingerprints for /Volumes/Expansion/all_mp4/hhd800.com@CAWD-542.mp4 ... 
[36mINFO[0m[2026-05-09 17:15:43] rescanning /Volumes/Expansion/all_mp4/hhd800.com@CAWD-723.mp4 
[36mINFO[0m[2026-05-09 17:15:43] Calculating fingerprints for /Volumes/Expansion/all_mp4/hhd800.com@CAWD-723.mp4 ... 
[36mINFO[0m[2026-05-09 17:15:43] rescanning /Volumes/Expansion/all_mp4/hhd800.com@CAWD-765.mp4 
[36mINFO[0m[2026-05-09 17:15:43] Calculating fingerprints for /Volumes/Expansion/all_mp4/hhd800.com@CAWD-765.mp4 ... 
[36mINFO[0m[2026-05-09 17:15:43] rescanning /Volumes/Expansion/all_mp4/hhd800.com@CAWD-780.mp4 
[36mINFO[0m[2026-05-09 17:15:43] Calculating fingerprints for /Volumes/Expansion/all_mp4/hhd800.com@CAWD-780.mp4 ... 
[36mINFO[0m[2026-05-09 17:15:43] rescanning /Volumes/Expansion/all_mp4/hhd800.com@CAWD-781.mp4 
[36mINFO[0m[2026-05-09 17:15:43] Calculating fingerprints for /Volumes/Expansion/all_mp4/hhd800.com@CAWD-781.mp4 ... 
[36mINFO[0m[2026-05-09 17:15:43] rescanning /Volumes/Expansion/all_mp4/hhd800.com@CAWD-783.mp4 
[36mINFO[0m[2026-05-09 17:15:43] Calculating fingerprints for /Volumes/Expansion/all_mp4/hhd800.com@CAWD-783.mp4 ... 
[36mINFO[0m[2026-05-09 17:15:43] rescanning /Volumes/Expansion/all_mp4/hhd800.com@CAWD-793.mp4 
[36mINFO[0m[2026-05-09 17:15:43] Calculating fingerprints for /Volumes/Expansion/all_mp4/hhd800.com@CAWD-793.mp4 ... 
[36mINFO[0m[2026-05-09 17:15:44] rescanning /Volumes/Expansion/all_mp4/hhd800.com@CAWD-796.mp4 
[36mINFO[0m[2026-05-09 17:15:44] Calculating fingerprints for /Volumes/Expansion/all_mp4/hhd800.com@CAWD-796.mp4 ... 
[36mINFO[0m[2026-05-09 17:15:44] rescanning /Volumes/Expansion/all_mp4/hhd800.com@CAWD-802.mp4 
[36mINFO[0m[2026-05-09 17:15:44] Calculating fingerprints for /Volumes/Expansion/all_mp4/hhd800.com@CAWD-802.mp4 ... 
[36mINFO[0m[2026-05-09 17:15:44] rescanning /Volumes/Expansion/all_mp4/hhd800.com@CAWD-803.mp4 
[36mINFO[0m[2026-05-09 17:15:44] Calculating fingerprints for /Volumes/Expansion/all_mp4/hhd800.com@CAWD-803.mp4 ... 
[36mINFO[0m[2026-05-09 17:15:44] rescanning /Volumes/Expansion/all_mp4/hhd800.com@CAWD-804.mp4 
[36mINFO[0m[2026-05-09 17:15:44] Calculating fingerprints for /Volumes/Expansion/all_mp4/hhd800.com@CAWD-804.mp4 ... 
[36mINFO[0m[2026-05-09 17:15:44] rescanning /Volumes/Expansion/all_mp4/hhd800.com@CAWD-807.mp4 
[36mINFO[0m[2026-05-09 17:15:44] Calculating fingerprints for /Volumes/Expansion/all_mp4/hhd800.com@CAWD-807.mp4 ... 
[36mINFO[0m[2026-05-09 17:15:44] rescanning /Volumes/Expansion/all_mp4/hhd800.com@DASS-514.mp4 
[36mINFO[0m[2026-05-09 17:15:44] rescanning /Volumes/Expansion/all_mp4/hhd800.com@DANDY-889.mp4 
[36mINFO[0m[2026-05-09 17:15:44] Calculating fingerprints for /Volumes/Expansion/all_mp4/hhd800.com@DANDY-889.mp4 ... 
[36mINFO[0m[2026-05-09 17:15:44] rescanning /Volumes/Expansion/all_mp4/hhd800.com@CAWD-813.mp4 
[36mINFO[0m[2026-05-09 17:15:44] Calculating fingerprints for /Volumes/Expansion/all_mp4/hhd800.com@CAWD-813.mp4 ... 
[36mINFO[0m[2026-05-09 17:15:44] rescanning /Volumes/Expansion/all_mp4/hhd800.com@DASS-540.mp4 
[36mINFO[0m[2026-05-09 17:15:44] Calculating fingerprints for /Volumes/Expansion/all_mp4/hhd800.com@DASS-540.mp4 ... 
[36mINFO[0m[2026-05-09 17:15:44] Calculating fingerprints for /Volumes/Expansion/all_mp4/hhd800.com@DASS-514.mp4 ... 
[36mINFO[0m[2026-05-09 17:15:44] rescanning /Volumes/Expansion/all_mp4/hhd800.com@CJOD-450.mp4 
[36mINFO[0m[2026-05-09 17:15:44] Calculating fingerprints for /Volumes/Expansion/all_mp4/hhd800.com@CJOD-450.mp4 ... 
[36mINFO[0m[2026-05-09 17:15:44] rescanning /Volumes/Expansion/all_mp4/hhd800.com@DASS-564.mp4 
[36mINFO[0m[2026-05-09 17:15:44] Calculating fingerprints for /Volumes/Expansion/all_mp4/hhd800.com@DASS-564.mp4 ... 
[36mINFO[0m[2026-05-09 17:15:44] rescanning /Volumes/Expansion/all_mp4/hhd800.com@DOKS-665.mp4 
[36mINFO[0m[2026-05-09 17:15:44] rescanning /Volumes/Expansion/all_mp4/hhd800.com@DASS-565.mp4 
[36mINFO[0m[2026-05-09 17:15:44] Calculating fingerprints for /Volumes/Expansion/all_mp4/hhd800.com@DASS-565.mp4 ... 
[36mINFO[0m[2026-05-09 17:15:44] Calculating fingerprints for /Volumes/Expansion/all_mp4/hhd800.com@DOKS-665.mp4 ... 
[36mINFO[0m[2026-05-09 17:15:44] rescanning /Volumes/Expansion/all_mp4/hhd800.com@DVAJ-677.mp4 
[36mINFO[0m[2026-05-09 17:15:44] Calculating fingerprints for /Volumes/Expansion/all_mp4/hhd800.com@DVAJ-677.mp4 ... 
[36mINFO[0m[2026-05-09 17:15:44] rescanning /Volumes/Expansion/all_mp4/hhd800.com@DRPT-036.mp4 
[36mINFO[0m[2026-05-09 17:15:44] Calculating fingerprints for /Volumes/Expansion/all_mp4/hhd800.com@DRPT-036.mp4 ... 
[31mERRO[0m[2026-05-09 17:15:44] error processing "/Volumes/Expansion/all_mp4/dvmm-015.mp4": calculating fingerprint for file "/Volumes/Expansion/all_mp4/dvmm-015.mp4": calculating oshash: read /Volumes/Expansion/all_mp4/dvmm-015.mp4: device not configured 
[31mERRO[0m[2026-05-09 17:15:44] error processing "/Volumes/Expansion/all_mp4/gdhh-024.mp4": calculating fingerprint for file "/Volumes/Expansion/all_mp4/gdhh-024.mp4": calculating oshash: read /Volumes/Expansion/all_mp4/gdhh-024.mp4: device not configured 
[31mERRO[0m[2026-05-09 17:15:44] error processing "/Volumes/Expansion/all_mp4/hhd800.com@ADN-775.mp4": calculating fingerprint for file "/Volumes/Expansion/all_mp4/hhd800.com@ADN-775.mp4": calculating oshash: read /Volumes/Expansion/all_mp4/hhd800.com@ADN-775.mp4: device not configured 
[31mERRO[0m[2026-05-09 17:15:44] error processing "/Volumes/Expansion/all_mp4/hhd800.com@ABF-090.mp4": calculating fingerprint for file "/Volumes/Expansion/all_mp4/hhd800.com@ABF-090.mp4": calculating oshash: read /Volumes/Expansion/all_mp4/hhd800.com@ABF-090.mp4: device not configured 
[31mERRO[0m[2026-05-09 17:15:44] error processing "/Volumes/Expansion/all_mp4/hhd800.com@DASS-565.mp4": calculating fingerprint for file "/Volumes/Expansion/all_mp4/hhd800.com@DASS-565.mp4": calculating oshash: read /Volumes/Expansion/all_mp4/hhd800.com@DASS-565.mp4: device not configured 
[31mERRO[0m[2026-05-09 17:15:44] error processing "/Volumes/Expansion/all_mp4/hhd800.com@CAWD-245.mp4": calculating fingerprint for file "/Volumes/Expansion/all_mp4/hhd800.com@CAWD-245.mp4": calculating oshash: read /Volumes/Expansion/all_mp4/hhd800.com@CAWD-245.mp4: device not configured 
[31mERRO[0m[2026-05-09 17:15:44] error processing "/Volumes/Expansion/all_mp4/hhd800.com@DRPT-036.mp4": calculating fingerprint for file "/Volumes/Expansion/all_mp4/hhd800.com@DRPT-036.mp4": calculating oshash: read /Volumes/Expansion/all_mp4/hhd800.com@DRPT-036.mp4: device not configured 
[31mERRO[0m[2026-05-09 17:15:44] error processing "/Volumes/Expansion/all_mp4/cawd-229.mp4": calculating fingerprint for file "/Volumes/Expansion/all_mp4/cawd-229.mp4": calculating oshash: read /Volumes/Expansion/all_mp4/cawd-229.mp4: device not configured 
[31mERRO[0m[2026-05-09 17:15:44] error processing "/Volumes/Expansion/all_mp4/hhd800.com@CAWD-807.mp4": calculating fingerprint for file "/Volumes/Expansion/all_mp4/hhd800.com@CAWD-807.mp4": calculating oshash: read /Volumes/Expansion/all_mp4/hhd800.com@CAWD-807.mp4: device not configured 
[31mERRO[0m[2026-05-09 17:15:44] error processing "/Volumes/Expansion/all_mp4/hhd800.com@CAWD-804.mp4": calculating fingerprint for file "/Volumes/Expansion/all_mp4/hhd800.com@CAWD-804.mp4": calculating oshash: read /Volumes/Expansion/all_mp4/hhd800.com@CAWD-804.mp4: device not configured 
[31mERRO[0m[2026-05-09 17:15:44] error processing "/Volumes/Expansion/all_mp4/hhd800.com@CAWD-813.mp4": calculating fingerprint for file "/Volumes/Expansion/all_mp4/hhd800.com@CAWD-813.mp4": calculating oshash: read /Volumes/Expansion/all_mp4/hhd800.com@CAWD-813.mp4: device not configured 
[31mERRO[0m[2026-05-09 17:15:44] error processing "/Volumes/Expansion/all_mp4/dvaj-497.mp4": calculating fingerprint for file "/Volumes/Expansion/all_mp4/dvaj-497.mp4": calculating oshash: read /Volumes/Expansion/all_mp4/dvaj-497.mp4: device not configured 
[31mERRO[0m[2026-05-09 17:15:44] error processing "/Volumes/Expansion/all_mp4/hhd800.com@DANDY-889.mp4": calculating fingerprint for file "/Volumes/Expansion/all_mp4/hhd800.com@DANDY-889.mp4": calculating oshash: read /Volumes/Expansion/all_mp4/hhd800.com@DANDY-889.mp4: device not configured 
[31mERRO[0m[2026-05-09 17:15:44] error processing "/Volumes/Expansion/all_mp4/gnax-049.mp4": calculating fingerprint for file "/Volumes/Expansion/all_mp4/gnax-049.mp4": calculating oshash: read /Volumes/Expansion/all_mp4/gnax-049.mp4: device not configured 
[31mERRO[0m[2026-05-09 17:15:44] error processing "/Volumes/Expansion/all_mp4/atid-410.mp4": calculating fingerprint for file "/Volumes/Expansion/all_mp4/atid-410.mp4": calculating oshash: read /Volumes/Expansion/all_mp4/atid-410.mp4: device not configured 
[31mERRO[0m[2026-05-09 17:15:44] error processing "/Volumes/Expansion/all_mp4/hhd800.com@DASS-540.mp4": calculating fingerprint for file "/Volumes/Expansion/all_mp4/hhd800.com@DASS-540.mp4": calculating oshash: read /Volumes/Expansion/all_mp4/hhd800.com@DASS-540.mp4: device not configured 
[31mERRO[0m[2026-05-09 17:15:44] error processing "/Volumes/Expansion/all_mp4/hhd800.com@CAWD-765.mp4": calculating fingerprint for file "/Volumes/Expansion/all_mp4/hhd800.com@CAWD-765.mp4": calculating oshash: read /Volumes/Expansion/all_mp4/hhd800.com@CAWD-765.mp4: device not configured 
[31mERRO[0m[2026-05-09 17:15:44] error processing "/Volumes/Expansion/all_mp4/dvaj-409.mp4": calculating fingerprint for file "/Volumes/Expansion/all_mp4/dvaj-409.mp4": calculating oshash: read /Volumes/Expansion/all_mp4/dvaj-409.mp4: device not configured 
[31mERRO[0m[2026-05-09 17:15:44] error processing "/Volumes/Expansion/all_mp4/hhd800.com@BMW-333.mp4": calculating fingerprint for file "/Volumes/Expansion/all_mp4/hhd800.com@BMW-333.mp4": calculating oshash: read /Volumes/Expansion/all_mp4/hhd800.com@BMW-333.mp4: device not configured 
[31mERRO[0m[2026-05-09 17:15:44] error processing "/Volumes/Expansion/all_mp4/hhd800.com@DASS-564.mp4": calculating fingerprint for file "/Volumes/Expansion/all_mp4/hhd800.com@DASS-564.mp4": calculating oshash: read /Volumes/Expansion/all_mp4/hhd800.com@DASS-564.mp4: device not configured 
[31mERRO[0m[2026-05-09 17:15:44] error processing "/Volumes/Expansion/all_mp4/hhd800.com@230OREMO-311.mp4": calculating fingerprint for file "/Volumes/Expansion/all_mp4/hhd800.com@230OREMO-311.mp4": calculating oshash: read /Volumes/Expansion/all_mp4/hhd800.com@230OREMO-311.mp4: device not configured 
[31mERRO[0m[2026-05-09 17:15:44] reading info for "/Volumes/Expansion/all_mp4/hhd800.com@DVMM-365.mp4": lstat /Volumes/Expansion/all_mp4/hhd800.com@DVMM-365.mp4: input/output error 
[31mERRO[0m[2026-05-09 17:15:44] reading info for "/Volumes/Expansion/all_mp4/hhd800.com@DVMM-388.mp4": lstat /Volumes/Expansion/all_mp4/hhd800.com@DVMM-388.mp4: input/output error 
[31mERRO[0m[2026-05-09 17:15:44] reading info for "/Volumes/Expansion/all_mp4/hhd800.com@EKDV-757.mp4": lstat /Volumes/Expansion/all_mp4/hhd800.com@EKDV-757.mp4: input/output error 
[31mERRO[0m[2026-05-09 17:15:44] error processing "/Volumes/Expansion/all_mp4/hhd800.com@CAWD-723.mp4": calculating fingerprint for file "/Volumes/Expansion/all_mp4/hhd800.com@CAWD-723.mp4": calculating oshash: read /Volumes/Expansion/all_mp4/hhd800.com@CAWD-723.mp4: device not configured 
[31mERRO[0m[2026-05-09 17:15:44] error processing "/Volumes/Expansion/all_mp4/hhd800.com@DASS-514.mp4": calculating fingerprint for file "/Volumes/Expansion/all_mp4/hhd800.com@DASS-514.mp4": calculating oshash: read /Volumes/Expansion/all_mp4/hhd800.com@DASS-514.mp4: device not configured 
[31mERRO[0m[2026-05-09 17:15:44] error processing "/Volumes/Expansion/all_mp4/hhd800.com@DVAJ-677.mp4": calculating fingerprint for file "/Volumes/Expansion/all_mp4/hhd800.com@DVAJ-677.mp4": calculating oshash: read /Volumes/Expansion/all_mp4/hhd800.com@DVAJ-677.mp4: device not configured 
[31mERRO[0m[2026-05-09 17:15:44] error processing "/Volumes/Expansion/all_mp4/hhd800.com@CAWD-783.mp4": calculating fingerprint for file "/Volumes/Expansion/all_mp4/hhd800.com@CAWD-783.mp4": calculating oshash: read /Volumes/Expansion/all_mp4/hhd800.com@CAWD-783.mp4: device not configured 
[31mERRO[0m[2026-05-09 17:15:44] error processing "/Volumes/Expansion/all_mp4/bur-597.mp4": calculating fingerprint for file "/Volumes/Expansion/all_mp4/bur-597.mp4": calculating oshash: read /Volumes/Expansion/all_mp4/bur-597.mp4: device not configured 
[31mERRO[0m[2026-05-09 17:15:44] error processing "/Volumes/Expansion/all_mp4/hbad-643.mp4": calculating fingerprint for file "/Volumes/Expansion/all_mp4/hbad-643.mp4": calculating oshash: read /Volumes/Expansion/all_mp4/hbad-643.mp4: device not configured 
[31mERRO[0m[2026-05-09 17:15:44] error processing "/Volumes/Expansion/all_mp4/hdd600.com@STARS-225_UNCENSORED_LEAKED_NOWATERMARK.mp4": calculating fingerprint for file "/Volumes/Expansion/all_mp4/hdd600.com@STARS-225_UNCENSORED_LEAKED_NOWATERMARK.mp4": calculating oshash: read /Volumes/Expansion/all_mp4/hdd600.com@STARS-225_UNCENSORED_LEAKED_NOWATERMARK.mp4: device not configured 
[31mERRO[0m[2026-05-09 17:15:44] error processing "/Volumes/Expansion/all_mp4/hhd800.com@DOKS-665.mp4": calculating fingerprint for file "/Volumes/Expansion/all_mp4/hhd800.com@DOKS-665.mp4": calculating oshash: read /Volumes/Expansion/all_mp4/hhd800.com@DOKS-665.mp4: device not configured 
[31mERRO[0m[2026-05-09 17:15:44] error processing "/Volumes/Expansion/all_mp4/hhd800.com@116SHN-081.mp4": calculating fingerprint for file "/Volumes/Expansion/all_mp4/hhd800.com@116SHN-081.mp4": calculating oshash: read /Volumes/Expansion/all_mp4/hhd800.com@116SHN-081.mp4: device not configured 
[31mERRO[0m[2026-05-09 17:15:44] error processing "/Volumes/Expansion/all_mp4/adn-343-ub.mp4": running ffprobe on "/Volumes/Expansion/all_mp4/adn-343-ub.mp4": FFProbe encountered an error with </Volumes/Expansion/all_mp4/adn-343-ub.mp4>.
Error JSON:
{
    "error": {
        "code": -541478725,
        "string": "End of file"
    }
}

Error: exit status 1 
[31mERRO[0m[2026-05-09 17:15:44] error processing "/Volumes/Expansion/all_mp4/hhd800.com@CAWD-802.mp4": calculating fingerprint for file "/Volumes/Expansion/all_mp4/hhd800.com@CAWD-802.mp4": calculating oshash: read /Volumes/Expansion/all_mp4/hhd800.com@CAWD-802.mp4: device not configured 
[31mERRO[0m[2026-05-09 17:15:44] error processing "/Volumes/Expansion/all_mp4/hhd800.com@CJOD-450.mp4": calculating fingerprint for file "/Volumes/Expansion/all_mp4/hhd800.com@CJOD-450.mp4": calculating oshash: read /Volumes/Expansion/all_mp4/hhd800.com@CJOD-450.mp4: device not configured 
[31mERRO[0m[2026-05-09 17:15:44] error processing "/Volumes/Expansion/all_mp4/hhd800.com@CAWD-780.mp4": calculating fingerprint for file "/Volumes/Expansion/all_mp4/hhd800.com@CAWD-780.mp4": calculating oshash: read /Volumes/Expansion/all_mp4/hhd800.com@CAWD-780.mp4: device not configured 
[31mERRO[0m[2026-05-09 17:15:44] error processing "/Volumes/Expansion/all_mp4/gdhh-026.mp4": calculating fingerprint for file "/Volumes/Expansion/all_mp4/gdhh-026.mp4": calculating oshash: read /Volumes/Expansion/all_mp4/gdhh-026.mp4: device not configured 
[31mERRO[0m[2026-05-09 17:15:44] error processing "/Volumes/Expansion/all_mp4/erofv-298.mp4": calculating fingerprint for file "/Volumes/Expansion/all_mp4/erofv-298.mp4": calculating oshash: read /Volumes/Expansion/all_mp4/erofv-298.mp4: device not configured 
[31mERRO[0m[2026-05-09 17:15:44] error processing "/Volumes/Expansion/all_mp4/erofv-296.mp4": calculating fingerprint for file "/Volumes/Expansion/all_mp4/erofv-296.mp4": calculating oshash: read /Volumes/Expansion/all_mp4/erofv-296.mp4: device not configured 
[31mERRO[0m[2026-05-09 17:15:44] error processing "/Volumes/Expansion/all_mp4/hhd800.com@ADN-663.mp4": calculating fingerprint for file "/Volumes/Expansion/all_mp4/hhd800.com@ADN-663.mp4": calculating oshash: read /Volumes/Expansion/all_mp4/hhd800.com@ADN-663.mp4: device not configured 
[31mERRO[0m[2026-05-09 17:15:44] error processing "/Volumes/Expansion/all_mp4/hhd800.com@CAWD-542.mp4": calculating fingerprint for file "/Volumes/Expansion/all_mp4/hhd800.com@CAWD-542.mp4": calculating oshash: read /Volumes/Expansion/all_mp4/hhd800.com@CAWD-542.mp4: device not configured 
[31mERRO[0m[2026-05-09 17:15:44] error processing "/Volumes/Expansion/all_mp4/hhd800.com@CAWD-803.mp4": calculating fingerprint for file "/Volumes/Expansion/all_mp4/hhd800.com@CAWD-803.mp4": calculating oshash: read /Volumes/Expansion/all_mp4/hhd800.com@CAWD-803.mp4: device not configured 
[31mERRO[0m[2026-05-09 17:15:44] error processing "/Volumes/Expansion/all_mp4/hhd800.com@CAWD-793.mp4": calculating fingerprint for file "/Volumes/Expansion/all_mp4/hhd800.com@CAWD-793.mp4": calculating oshash: read /Volumes/Expansion/all_mp4/hhd800.com@CAWD-793.mp4: device not configured 
[31mERRO[0m[2026-05-09 17:15:44] error processing "/Volumes/Expansion/all_mp4/gdtm-053.mp4": calculating fingerprint for file "/Volumes/Expansion/all_mp4/gdtm-053.mp4": calculating oshash: read /Volumes/Expansion/all_mp4/gdtm-053.mp4: device not configured 
[31mERRO[0m[2026-05-09 17:15:44] error processing "/Volumes/Expansion/all_mp4/hhd800.com@CAWD-796.mp4": calculating fingerprint for file "/Volumes/Expansion/all_mp4/hhd800.com@CAWD-796.mp4": calculating oshash: read /Volumes/Expansion/all_mp4/hhd800.com@CAWD-796.mp4: device not configured 
[31mERRO[0m[2026-05-09 17:15:44] error processing "/Volumes/Expansion/all_mp4/hhd800.com@ATID-506.mp4": calculating fingerprint for file "/Volumes/Expansion/all_mp4/hhd800.com@ATID-506.mp4": calculating oshash: read /Volumes/Expansion/all_mp4/hhd800.com@ATID-506.mp4: device not configured 
[36mINFO[0m[2026-05-09 17:15:44] rescanning /Volumes/Expansion/all_mp4/hhd800.com@EKDV-759.mp4 
[36mINFO[0m[2026-05-09 17:15:44] Calculating fingerprints for /Volumes/Expansion/all_mp4/hhd800.com@EKDV-759.mp4 ... 
[31mERRO[0m[2026-05-09 17:15:44] error processing "/Volumes/Expansion/all_mp4/hhd800.com@EKDV-759.mp4": calculating fingerprint for file "/Volumes/Expansion/all_mp4/hhd800.com@EKDV-759.mp4": calculating oshash: read /Volumes/Expansion/all_mp4/hhd800.com@EKDV-759.mp4: device not configured 
[36mINFO[0m[2026-05-09 17:15:44] rescanning /Volumes/Expansion/all_mp4/hhd800.com@EKDV-771.mp4 
[36mINFO[0m[2026-05-09 17:15:44] Calculating fingerprints for /Volumes/Expansion/all_mp4/hhd800.com@EKDV-771.mp4 ... 
[31mERRO[0m[2026-05-09 17:15:44] error processing "/Volumes/Expansion/all_mp4/atid-499.mp4": running ffprobe on "/Volumes/Expansion/all_mp4/atid-499.mp4": FFProbe encountered an error with </Volumes/Expansion/all_mp4/atid-499.mp4>.
Error JSON:
{
    "error": {
        "code": -1094995529,
        "string": "Invalid data found when processing input"
    }
}

Error: exit status 1 
[36mINFO[0m[2026-05-09 17:15:44] rescanning /Volumes/Expansion/all_mp4/hhd800.com@FNS-005.mp4 
[36mINFO[0m[2026-05-09 17:15:44] Calculating fingerprints for /Volumes/Expansion/all_mp4/hhd800.com@FNS-005.mp4 ... 
[31mERRO[0m[2026-05-09 17:15:44] error processing "/Volumes/Expansion/all_mp4/cawd-228.mp4": running ffprobe on "/Volumes/Expansion/all_mp4/cawd-228.mp4": FFProbe encountered an error with </Volumes/Expansion/all_mp4/cawd-228.mp4>.
Error JSON:
{
    "error": {
        "code": -541478725,
        "string": "End of file"
    }
}

Error: exit status 1 
[31mERRO[0m[2026-05-09 17:15:44] reading info for "/Volumes/Expansion/all_mp4/hhd800.com@FNS-018.mp4": lstat /Volumes/Expansion/all_mp4/hhd800.com@FNS-018.mp4: input/output error 
[31mERRO[0m[2026-05-09 17:15:44] error processing "/Volumes/Expansion/all_mp4/hhd800.com@EKDV-771.mp4": calculating fingerprint for file "/Volumes/Expansion/all_mp4/hhd800.com@EKDV-771.mp4": opening file: open /Volumes/Expansion/all_mp4/hhd800.com@EKDV-771.mp4: no such file or directory 
[31mERRO[0m[2026-05-09 17:15:44] error processing "/Volumes/Expansion/all_mp4/hhd800.com@FNS-005.mp4": calculating fingerprint for file "/Volumes/Expansion/all_mp4/hhd800.com@FNS-005.mp4": opening file: open /Volumes/Expansion/all_mp4/hhd800.com@FNS-005.mp4: no such file or directory 
[31mERRO[0m[2026-05-09 17:15:44] reading info for "/Volumes/Expansion/all_mp4/hhd800.com@FNS-019.mp4": lstat /Volumes/Expansion/all_mp4/hhd800.com@FNS-019.mp4: no such file or directory 
[31mERRO[0m[2026-05-09 17:15:44] reading info for "/Volumes/Expansion/all_mp4/hhd800.com@FNS-187.mp4": lstat /Volumes/Expansion/all_mp4/hhd800.com@FNS-187.mp4: no such file or directory 
[31mERRO[0m[2026-05-09 17:15:44] reading info for "/Volumes/Expansion/all_mp4/hhd800.com@FOCS-230.mp4": lstat /Volumes/Expansion/all_mp4/hhd800.com@FOCS-230.mp4: no such file or directory 
[31mERRO[0m[2026-05-09 17:15:44] reading info for "/Volumes/Expansion/all_mp4/hhd800.com@FOCS-235.mp4": lstat /Volumes/Expansion/all_mp4/hhd800.com@FOCS-235.mp4: no such file or directory 
[31mERRO[0m[2026-05-09 17:15:44] reading info for "/Volumes/Expansion/all_mp4/hhd800.com@FSDSS-331.mp4": lstat /Volumes/Expansion/all_mp4/hhd800.com@FSDSS-331.mp4: no such file or directory 
[31mERRO[0m[2026-05-09 17:15:44] error processing "/Volumes/Expansion/all_mp4/gg5.co@MIDV-906-C_GG5-C_GG5.mp4": running ffprobe on "/Volumes/Expansion/all_mp4/gg5.co@MIDV-906-C_GG5-C_GG5.mp4": FFProbe encountered an error with </Volumes/Expansion/all_mp4/gg5.co@MIDV-906-C_GG5-C_GG5.mp4>.
Error JSON:
{
    "error": {
        "code": -1094995529,
        "string": "Invalid data found when processing input"
    }
}

Error: exit status 1 
[31mERRO[0m[2026-05-09 17:15:44] error processing "/Volumes/Expansion/all_mp4/hhd800.com@CAWD-781.mp4": running ffprobe on "/Volumes/Expansion/all_mp4/hhd800.com@CAWD-781.mp4": FFProbe encountered an error with </Volumes/Expansion/all_mp4/hhd800.com@CAWD-781.mp4>.
Error JSON:
{
    "error": {
        "code": -1094995529,
        "string": "Invalid data found when processing input"
    }
}

Error: exit status 1 
[31mERRO[0m[2026-05-09 17:15:44] reading info for "/Volumes/Expansion/all_mp4/hhd800.com@FSDSS-472.mp4": lstat /Volumes/Expansion/all_mp4/hhd800.com@FSDSS-472.mp4: no such file or directory 
[31mERRO[0m[2026-05-09 17:15:44] error processing "/Volumes/Expansion/all_mp4/erofv-297.mp4": running ffprobe on "/Volumes/Expansion/all_mp4/erofv-297.mp4": FFProbe encountered an error with </Volumes/Expansion/all_mp4/erofv-297.mp4>.
Error JSON:
{
    "error": {
        "code": -1094995529,
        "string": "Invalid data found when processing input"
    }
}

Error: exit status 1 
[31mERRO[0m[2026-05-09 17:15:44] reading info for "/Volumes/Expansion/all_mp4/hhd800.com@FSDSS-640.mp4": lstat /Volumes/Expansion/all_mp4/hhd800.com@FSDSS-640.mp4: no such file or directory 
[31mERRO[0m[2026-05-09 17:15:44] reading info for "/Volumes/Expansion/all_mp4/hhd800.com@FSDSS-642.mp4": lstat /Volumes/Expansion/all_mp4/hhd800.com@FSDSS-642.mp4: no such file or directory 
[31mERRO[0m[2026-05-09 17:15:44] error processing "/Volumes/Expansion/all_mp4/hhd800.com@ADN-583.mp4": running ffprobe on "/Volumes/Expansion/all_mp4/hhd800.com@ADN-583.mp4": FFProbe encountered an error with </Volumes/Expansion/all_mp4/hhd800.com@ADN-583.mp4>.
Error JSON:
{
    "error": {
        "code": -541478725,
        "string": "End of file"
    }
}

Error: exit status 1 
[31mERRO[0m[2026-05-09 17:15:44] reading info for "/Volumes/Expansion/all_mp4/hhd800.com@FSDSS-701.mp4": lstat /Volumes/Expansion/all_mp4/hhd800.com@FSDSS-701.mp4: no such file or directory 
[31mERRO[0m[2026-05-09 17:15:44] reading info for "/Volumes/Expansion/all_mp4/hhd800.com@FSDSS-735.mp4": lstat /Volumes/Expansion/all_mp4/hhd800.com@FSDSS-735.mp4: no such file or directory 
[31mERRO[0m[2026-05-09 17:15:44] reading info for "/Volumes/Expansion/all_mp4/hhd800.com@FSDSS-932.mp4": lstat /Volumes/Expansion/all_mp4/hhd800.com@FSDSS-932.mp4: no such file or directory 
[31mERRO[0m[2026-05-09 17:15:44] reading info for "/Volumes/Expansion/all_mp4/hhd800.com@FSDSS-937.mp4": lstat /Volumes/Expansion/all_mp4/hhd800.com@FSDSS-937.mp4: no such file or directory 
[31mERRO[0m[2026-05-09 17:15:44] error processing "/Volumes/Expansion/all_mp4/dandy-391.mp4": running ffprobe on "/Volumes/Expansion/all_mp4/dandy-391.mp4": FFProbe encountered an error with </Volumes/Expansion/all_mp4/dandy-391.mp4>.
Error JSON:
{
    "error": {
        "code": -1094995529,
        "string": "Invalid data found when processing input"
    }
}

Error: exit status 1 
[31mERRO[0m[2026-05-09 17:15:44] reading info for "/Volumes/Expansion/all_mp4/hhd800.com@FSDSS-961.mp4": lstat /Volumes/Expansion/all_mp4/hhd800.com@FSDSS-961.mp4: no such file or directory 
[31mERRO[0m[2026-05-09 17:15:44] reading info for "/Volumes/Expansion/all_mp4/hhd800.com@FSDSS-976.mp4": lstat /Volumes/Expansion/all_mp4/hhd800.com@FSDSS-976.mp4: no such file or directory 
[31mERRO[0m[2026-05-09 17:15:44] error processing "/Volumes/Expansion/all_mp4/apns-266.mp4": running ffprobe on "/Volumes/Expansion/all_mp4/apns-266.mp4": FFProbe encountered an error with </Volumes/Expansion/all_mp4/apns-266.mp4>.
Error JSON:
{
    "error": {
        "code": -541478725,
        "string": "End of file"
    }
}

Error: exit status 1 
[31mERRO[0m[2026-05-09 17:15:44] reading info for "/Volumes/Expansion/all_mp4/hhd800.com@FSDSS-983.mp4": lstat /Volumes/Expansion/all_mp4/hhd800.com@FSDSS-983.mp4: no such file or directory 
[31mERRO[0m[2026-05-09 17:15:44] reading info for "/Volumes/Expansion/all_mp4/hhd800.com@FSDSS-998.mp4": lstat /Volumes/Expansion/all_mp4/hhd800.com@FSDSS-998.mp4: no such file or directory 
[31mERRO[0m[2026-05-09 17:15:44] reading info for "/Volumes/Expansion/all_mp4/hhd800.com@FTHTD-085.mp4": lstat /Volumes/Expansion/all_mp4/hhd800.com@FTHTD-085.mp4: no such file or directory 
[31mERRO[0m[2026-05-09 17:15:44] reading info for "/Volumes/Expansion/all_mp4/hhd800.com@FTHTD-119.mp4": lstat /Volumes/Expansion/all_mp4/hhd800.com@FTHTD-119.mp4: no such file or directory 
[31mERRO[0m[2026-05-09 17:15:44] reading info for "/Volumes/Expansion/all_mp4/hhd800.com@GVH-634.mp4": lstat /Volumes/Expansion/all_mp4/hhd800.com@GVH-634.mp4: no such file or directory 
[31mERRO[0m[2026-05-09 17:15:44] reading info for "/Volumes/Expansion/all_mp4/hhd800.com@HAME-046.mp4": lstat /Volumes/Expansion/all_mp4/hhd800.com@HAME-046.mp4: no such file or directory 
[31mERRO[0m[2026-05-09 17:15:44] reading info for "/Volumes/Expansion/all_mp4/hhd800.com@HDKA-316.mp4": lstat /Volumes/Expansion/all_mp4/hhd800.com@HDKA-316.mp4: no such file or directory 
[31mERRO[0m[2026-05-09 17:15:44] reading info for "/Volumes/Expansion/all_mp4/hhd800.com@HHF-065.mp4": lstat /Volumes/Expansion/all_mp4/hhd800.com@HHF-065.mp4: no such file or directory 
[31mERRO[0m[2026-05-09 17:15:44] reading info for "/Volumes/Expansion/all_mp4/hhd800.com@HMN-416.mp4": lstat /Volumes/Expansion/all_mp4/hhd800.com@HMN-416.mp4: no such file or directory 
[31mERRO[0m[2026-05-09 17:15:44] reading info for "/Volumes/Expansion/all_mp4/hhd800.com@HMN-433.mp4": lstat /Volumes/Expansion/all_mp4/hhd800.com@HMN-433.mp4: no such file or directory 
[31mERRO[0m[2026-05-09 17:15:44] reading info for "/Volumes/Expansion/all_mp4/hhd800.com@HMN-626.mp4": lstat /Volumes/Expansion/all_mp4/hhd800.com@HMN-626.mp4: no such file or directory 
[31mERRO[0m[2026-05-09 17:15:44] reading info for "/Volumes/Expansion/all_mp4/hhd800.com@HMN-634.mp4": lstat /Volumes/Expansion/all_mp4/hhd800.com@HMN-634.mp4: no such file or directory 
[31mERRO[0m[2026-05-09 17:15:44] reading info for "/Volumes/Expansion/all_mp4/hhd800.com@HMN-636.mp4": lstat /Volumes/Expansion/all_mp4/hhd800.com@HMN-636.mp4: no such file or directory 
[31mERRO[0m[2026-05-09 17:15:44] error processing "/Volumes/Expansion/all_mp4/gg5.co@MIDV-654-C_GG5.mp4": running ffprobe on "/Volumes/Expansion/all_mp4/gg5.co@MIDV-654-C_GG5.mp4": FFProbe encountered an error with </Volumes/Expansion/all_mp4/gg5.co@MIDV-654-C_GG5.mp4>.
Error JSON:
{
    "error": {
        "code": -1094995529,
        "string": "Invalid data found when processing input"
    }
}

Error: exit status 1 
[31mERRO[0m[2026-05-09 17:15:44] reading info for "/Volumes/Expansion/all_mp4/hhd800.com@HMN-637.mp4": lstat /Volumes/Expansion/all_mp4/hhd800.com@HMN-637.mp4: no such file or directory 
[31mERRO[0m[2026-05-09 17:15:44] reading info for "/Volumes/Expansion/all_mp4/hhd800.com@HMN-643.mp4": lstat /Volumes/Expansion/all_mp4/hhd800.com@HMN-643.mp4: no such file or directory 
[31mERRO[0m[2026-05-09 17:15:44] reading info for "/Volumes/Expansion/all_mp4/hhd800.com@HMN-651.mp4": lstat /Volumes/Expansion/all_mp4/hhd800.com@HMN-651.mp4: no such file or directory 
[31mERRO[0m[2026-05-09 17:15:44] reading info for "/Volumes/Expansion/all_mp4/hhd800.com@HMN-655.mp4": lstat /Volumes/Expansion/all_mp4/hhd800.com@HMN-655.mp4: no such file or directory 
[31mERRO[0m[2026-05-09 17:15:44] error processing "/Volumes/Expansion/all_mp4/cawd-333-ub.mp4": running ffprobe on "/Volumes/Expansion/all_mp4/cawd-333-ub.mp4": FFProbe encountered an error with </Volumes/Expansion/all_mp4/cawd-333-ub.mp4>.
Error JSON:
{
    "error": {
        "code": -1094995529,
        "string": "Invalid data found when processing input"
    }
}

Error: exit status 1 
[31mERRO[0m[2026-05-09 17:15:44] reading info for "/Volumes/Expansion/all_mp4/hhd800.com@HMN-685.mp4": lstat /Volumes/Expansion/all_mp4/hhd800.com@HMN-685.mp4: no such file or directory 
[31mERRO[0m[2026-05-09 17:15:44] reading info for "/Volumes/Expansion/all_mp4/hhd800.com@HODV-21947.mp4": lstat /Volumes/Expansion/all_mp4/hhd800.com@HODV-21947.mp4: no such file or directory 
[31mERRO[0m[2026-05-09 17:15:44] reading info for "/Volumes/Expansion/all_mp4/hhd800.com@HSODA-052.mp4": lstat /Volumes/Expansion/all_mp4/hhd800.com@HSODA-052.mp4: no such file or directory 
[31mERRO[0m[2026-05-09 17:15:44] reading info for "/Volumes/Expansion/all_mp4/hhd800.com@HUNTC-046.mp4": lstat /Volumes/Expansion/all_mp4/hhd800.com@HUNTC-046.mp4: no such file or directory 
[31mERRO[0m[2026-05-09 17:15:44] reading info for "/Volumes/Expansion/all_mp4/hhd800.com@HUNTC-276.mp4": lstat /Volumes/Expansion/all_mp4/hhd800.com@HUNTC-276.mp4: no such file or directory 
[31mERRO[0m[2026-05-09 17:15:44] reading info for "/Volumes/Expansion/all_mp4/hhd800.com@HUNTC-296.mp4": lstat /Volumes/Expansion/all_mp4/hhd800.com@HUNTC-296.mp4: no such file or directory 
[31mERRO[0m[2026-05-09 17:15:44] error processing "/Volumes/Expansion/all_mp4/cawd-441.mp4": running ffprobe on "/Volumes/Expansion/all_mp4/cawd-441.mp4": FFProbe encountered an error with </Volumes/Expansion/all_mp4/cawd-441.mp4>.
Error JSON:
{
    "error": {
        "code": -1094995529,
        "string": "Invalid data found when processing input"
    }
}

Error: exit status 1 
[31mERRO[0m[2026-05-09 17:15:44] reading info for "/Volumes/Expansion/all_mp4/hhd800.com@HZGD-273.mp4": lstat /Volumes/Expansion/all_mp4/hhd800.com@HZGD-273.mp4: no such file or directory 
[31mERRO[0m[2026-05-09 17:15:44] reading info for "/Volumes/Expansion/all_mp4/hhd800.com@IBW-866Z.mp4": lstat /Volumes/Expansion/all_mp4/hhd800.com@IBW-866Z.mp4: no such file or directory 
[31mERRO[0m[2026-05-09 17:15:44] reading info for "/Volumes/Expansion/all_mp4/hhd800.com@IPX-689.mp4": lstat /Volumes/Expansion/all_mp4/hhd800.com@IPX-689.mp4: no such file or directory 
[31mERRO[0m[2026-05-09 17:15:44] error processing "/Volumes/Expansion/all_mp4/cawd-558.mp4": running ffprobe on "/Volumes/Expansion/all_mp4/cawd-558.mp4": FFProbe encountered an error with </Volumes/Expansion/all_mp4/cawd-558.mp4>.
Error JSON:
{
    "error": {
        "code": -1094995529,
        "string": "Invalid data found when processing input"
    }
}

Error: exit status 1 
[31mERRO[0m[2026-05-09 17:15:44] reading info for "/Volumes/Expansion/all_mp4/hhd800.com@IPZZ-252.mp4": lstat /Volumes/Expansion/all_mp4/hhd800.com@IPZZ-252.mp4: no such file or directory 
[31mERRO[0m[2026-05-09 17:15:44] reading info for "/Volumes/Expansion/all_mp4/hhd800.com@IPZZ-276.mp4": lstat /Volumes/Expansion/all_mp4/hhd800.com@IPZZ-276.mp4: no such file or directory 
[31mERRO[0m[2026-05-09 17:15:44] reading info for "/Volumes/Expansion/all_mp4/hhd800.com@IPZZ-300.mp4": lstat /Volumes/Expansion/all_mp4/hhd800.com@IPZZ-300.mp4: no such file or directory 
[31mERRO[0m[2026-05-09 17:15:44] reading info for "/Volumes/Expansion/all_mp4/hhd800.com@IPZZ-393.mp4": lstat /Volumes/Expansion/all_mp4/hhd800.com@IPZZ-393.mp4: no such file or directory 
[31mERRO[0m[2026-05-09 17:15:44] reading info for "/Volumes/Expansion/all_mp4/hhd800.com@IPZZ-453.mp4": lstat /Volumes/Expansion/all_mp4/hhd800.com@IPZZ-453.mp4: no such file or directory 
[31mERRO[0m[2026-05-09 17:15:44] reading info for "/Volumes/Expansion/all_mp4/hhd800.com@IPZZ-457.mp4": lstat /Volumes/Expansion/all_mp4/hhd800.com@IPZZ-457.mp4: no such file or directory 
[31mERRO[0m[2026-05-09 17:15:44] reading info for "/Volumes/Expansion/all_mp4/hhd800.com@IPZZ-464.mp4": lstat /Volumes/Expansion/all_mp4/hhd800.com@IPZZ-464.mp4: no such file or directory 
[31mERRO[0m[2026-05-09 17:15:44] reading info for "/Volumes/Expansion/all_mp4/hhd800.com@IPZZ-473.mp4": lstat /Volumes/Expansion/all_mp4/hhd800.com@IPZZ-473.mp4: no such file or directory 
[31mERRO[0m[2026-05-09 17:15:44] reading info for "/Volumes/Expansion/all_mp4/hhd800.com@IPZZ-475.mp4": lstat /Volumes/Expansion/all_mp4/hhd800.com@IPZZ-475.mp4: no such file or directory 
[31mERRO[0m[2026-05-09 17:15:44] reading info for "/Volumes/Expansion/all_mp4/hhd800.com@IPZZ-484.mp4": lstat /Volumes/Expansion/all_mp4/hhd800.com@IPZZ-484.mp4: no such file or directory 
[31mERRO[0m[2026-05-09 17:15:44] reading info for "/Volumes/Expansion/all_mp4/hhd800.com@IPZZ-491.mp4": lstat /Volumes/Expansion/all_mp4/hhd800.com@IPZZ-491.mp4: no such file or directory 
[31mERRO[0m[2026-05-09 17:15:44] reading info for "/Volumes/Expansion/all_mp4/hhd800.com@IPZZ-494.mp4": lstat /Volumes/Expansion/all_mp4/hhd800.com@IPZZ-494.mp4: no such file or directory 
[31mERRO[0m[2026-05-09 17:15:44] reading info for "/Volumes/Expansion/all_mp4/hhd800.com@IPZZ-567.mp4": lstat /Volumes/Expansion/all_mp4/hhd800.com@IPZZ-567.mp4: no such file or directory 
[31mERRO[0m[2026-05-09 17:15:44] reading info for "/Volumes/Expansion/all_mp4/hhd800.com@IPZZ-799.mp4": lstat /Volumes/Expansion/all_mp4/hhd800.com@IPZZ-799.mp4: no such file or directory 
[31mERRO[0m[2026-05-09 17:15:44] reading info for "/Volumes/Expansion/all_mp4/hhd800.com@IPZZ-830.mp4": lstat /Volumes/Expansion/all_mp4/hhd800.com@IPZZ-830.mp4: no such file or directory 
[31mERRO[0m[2026-05-09 17:15:44] reading info for "/Volumes/Expansion/all_mp4/hhd800.com@JUL-896.mp4": lstat /Volumes/Expansion/all_mp4/hhd800.com@JUL-896.mp4: no such file or directory 
[31mERRO[0m[2026-05-09 17:15:44] reading info for "/Volumes/Expansion/all_mp4/hhd800.com@LULU-359.mp4": lstat /Volumes/Expansion/all_mp4/hhd800.com@LULU-359.mp4: no such file or directory 
[31mERRO[0m[2026-05-09 17:15:44] reading info for "/Volumes/Expansion/all_mp4/hhd800.com@LULU-374.mp4": lstat /Volumes/Expansion/all_mp4/hhd800.com@LULU-374.mp4: no such file or directory 
[31mERRO[0m[2026-05-09 17:15:44] reading info for "/Volumes/Expansion/all_mp4/hhd800.com@MAAN-1039.mp4": lstat /Volumes/Expansion/all_mp4/hhd800.com@MAAN-1039.mp4: no such file or directory 
[31mERRO[0m[2026-05-09 17:15:44] reading info for "/Volumes/Expansion/all_mp4/hhd800.com@MASM-004.mp4": lstat /Volumes/Expansion/all_mp4/hhd800.com@MASM-004.mp4: no such file or directory 
[31mERRO[0m[2026-05-09 17:15:44] reading info for "/Volumes/Expansion/all_mp4/hhd800.com@MDBK-358.mp4": lstat /Volumes/Expansion/all_mp4/hhd800.com@MDBK-358.mp4: no such file or directory 
[31mERRO[0m[2026-05-09 17:15:44] reading info for "/Volumes/Expansion/all_mp4/hhd800.com@MFYD-128.mp4": lstat /Volumes/Expansion/all_mp4/hhd800.com@MFYD-128.mp4: no such file or directory 
[31mERRO[0m[2026-05-09 17:15:44] reading info for "/Volumes/Expansion/all_mp4/hhd800.com@MIAA-648.mp4": lstat /Volumes/Expansion/all_mp4/hhd800.com@MIAA-648.mp4: no such file or directory 
[31mERRO[0m[2026-05-09 17:15:44] reading info for "/Volumes/Expansion/all_mp4/hhd800.com@MIAB-013.mp4": lstat /Volumes/Expansion/all_mp4/hhd800.com@MIAB-013.mp4: no such file or directory 
[31mERRO[0m[2026-05-09 17:15:44] reading info for "/Volumes/Expansion/all_mp4/hhd800.com@MIAB-393.mp4": lstat /Volumes/Expansion/all_mp4/hhd800.com@MIAB-393.mp4: no such file or directory 
[31mERRO[0m[2026-05-09 17:15:44] reading info for "/Volumes/Expansion/all_mp4/hhd800.com@MIAB-424.mp4": lstat /Volumes/Expansion/all_mp4/hhd800.com@MIAB-424.mp4: no such file or directory 
[31mERRO[0m[2026-05-09 17:15:44] reading info for "/Volumes/Expansion/all_mp4/hhd800.com@MIAB-427.mp4": lstat /Volumes/Expansion/all_mp4/hhd800.com@MIAB-427.mp4: no such file or directory 
[31mERRO[0m[2026-05-09 17:15:44] reading info for "/Volumes/Expansion/all_mp4/hhd800.com@MIAB-451.mp4": lstat /Volumes/Expansion/all_mp4/hhd800.com@MIAB-451.mp4: no such file or directory 
[31mERRO[0m[2026-05-09 17:15:44] reading info for "/Volumes/Expansion/all_mp4/hhd800.com@MIAB-472.mp4": lstat /Volumes/Expansion/all_mp4/hhd800.com@MIAB-472.mp4: no such file or directory 
[31mERRO[0m[2026-05-09 17:15:44] reading info for "/Volumes/Expansion/all_mp4/hhd800.com@MIDA-006.mp4": lstat /Volumes/Expansion/all_mp4/hhd800.com@MIDA-006.mp4: no such file or directory 
[31mERRO[0m[2026-05-09 17:15:44] reading info for "/Volumes/Expansion/all_mp4/hhd800.com@MIDA-007.mp4": lstat /Volumes/Expansion/all_mp4/hhd800.com@MIDA-007.mp4: no such file or directory 
[31mERRO[0m[2026-05-09 17:15:44] reading info for "/Volumes/Expansion/all_mp4/hhd800.com@MIDA-008.mp4": lstat /Volumes/Expansion/all_mp4/hhd800.com@MIDA-008.mp4: no such file or directory 
[31mERRO[0m[2026-05-09 17:15:44] reading info for "/Volumes/Expansion/all_mp4/hhd800.com@MIDA-024.mp4": lstat /Volumes/Expansion/all_mp4/hhd800.com@MIDA-024.mp4: no such file or directory 
[31mERRO[0m[2026-05-09 17:15:44] reading info for "/Volumes/Expansion/all_mp4/hhd800.com@MIDA-027.mp4": lstat /Volumes/Expansion/all_mp4/hhd800.com@MIDA-027.mp4: no such file or directory 
[31mERRO[0m[2026-05-09 17:15:44] reading info for "/Volumes/Expansion/all_mp4/hhd800.com@MIDA-029.mp4": lstat /Volumes/Expansion/all_mp4/hhd800.com@MIDA-029.mp4: no such file or directory 
[31mERRO[0m[2026-05-09 17:15:44] reading info for "/Volumes/Expansion/all_mp4/hhd800.com@MIDA-032.mp4": lstat /Volumes/Expansion/all_mp4/hhd800.com@MIDA-032.mp4: no such file or directory 
[31mERRO[0m[2026-05-09 17:15:44] reading info for "/Volumes/Expansion/all_mp4/hhd800.com@MIDA-033.mp4": lstat /Volumes/Expansion/all_mp4/hhd800.com@MIDA-033.mp4: no such file or directory 
[31mERRO[0m[2026-05-09 17:15:44] reading info for "/Volumes/Expansion/all_mp4/hhd800.com@MIDA-035.mp4": lstat /Volumes/Expansion/all_mp4/hhd800.com@MIDA-035.mp4: no such file or directory 
[31mERRO[0m[2026-05-09 17:15:44] reading info for "/Volumes/Expansion/all_mp4/hhd800.com@MIDA-037.mp4": lstat /Volumes/Expansion/all_mp4/hhd800.com@MIDA-037.mp4: no such file or directory 
[31mERRO[0m[2026-05-09 17:15:44] reading info for "/Volumes/Expansion/all_mp4/hhd800.com@MIDA-038.mp4": lstat /Volumes/Expansion/all_mp4/hhd800.com@MIDA-038.mp4: no such file or directory 
[31mERRO[0m[2026-05-09 17:15:44] reading info for "/Volumes/Expansion/all_mp4/hhd800.com@MIDA-048.mp4": lstat /Volumes/Expansion/all_mp4/hhd800.com@MIDA-048.mp4: no such file or directory 
[31mERRO[0m[2026-05-09 17:15:44] reading info for "/Volumes/Expansion/all_mp4/hhd800.com@MIDA-062.mp4": lstat /Volumes/Expansion/all_mp4/hhd800.com@MIDA-062.mp4: no such file or directory 
[31mERRO[0m[2026-05-09 17:15:44] reading info for "/Volumes/Expansion/all_mp4/hhd800.com@MIDA-071.mp4": lstat /Volumes/Expansion/all_mp4/hhd800.com@MIDA-071.mp4: no such file or directory 
[31mERRO[0m[2026-05-09 17:15:44] reading info for "/Volumes/Expansion/all_mp4/hhd800.com@MIDA-073.mp4": lstat /Volumes/Expansion/all_mp4/hhd800.com@MIDA-073.mp4: no such file or directory 
[31mERRO[0m[2026-05-09 17:15:44] reading info for "/Volumes/Expansion/all_mp4/hhd800.com@MIDA-107.mp4": lstat /Volumes/Expansion/all_mp4/hhd800.com@MIDA-107.mp4: no such file or directory 
[31mERRO[0m[2026-05-09 17:15:44] reading info for "/Volumes/Expansion/all_mp4/hhd800.com@MIDA-147.mp4": lstat /Volumes/Expansion/all_mp4/hhd800.com@MIDA-147.mp4: no such file or directory 
[31mERRO[0m[2026-05-09 17:15:44] reading info for "/Volumes/Expansion/all_mp4/hhd800.com@MIDA-269.mp4": lstat /Volumes/Expansion/all_mp4/hhd800.com@MIDA-269.mp4: no such file or directory 
[31mERRO[0m[2026-05-09 17:15:44] reading info for "/Volumes/Expansion/all_mp4/hhd800.com@MIDA-571.mp4": lstat /Volumes/Expansion/all_mp4/hhd800.com@MIDA-571.mp4: no such file or directory 
[31mERRO[0m[2026-05-09 17:15:44] reading info for "/Volumes/Expansion/all_mp4/hhd800.com@MIDV-032.mp4": lstat /Volumes/Expansion/all_mp4/hhd800.com@MIDV-032.mp4: no such file or directory 
[31mERRO[0m[2026-05-09 17:15:44] reading info for "/Volumes/Expansion/all_mp4/hhd800.com@MIDV-137.mp4": lstat /Volumes/Expansion/all_mp4/hhd800.com@MIDV-137.mp4: no such file or directory 
[31mERRO[0m[2026-05-09 17:15:44] reading info for "/Volumes/Expansion/all_mp4/hhd800.com@MIDV-159.mp4": lstat /Volumes/Expansion/all_mp4/hhd800.com@MIDV-159.mp4: no such file or directory 
[31mERRO[0m[2026-05-09 17:15:44] reading info for "/Volumes/Expansion/all_mp4/hhd800.com@MIDV-281.mp4": lstat /Volumes/Expansion/all_mp4/hhd800.com@MIDV-281.mp4: no such file or directory 
[31mERRO[0m[2026-05-09 17:15:44] reading info for "/Volumes/Expansion/all_mp4/hhd800.com@MIDV-369.mp4": lstat /Volumes/Expansion/all_mp4/hhd800.com@MIDV-369.mp4: no such file or directory 
[31mERRO[0m[2026-05-09 17:15:44] reading info for "/Volumes/Expansion/all_mp4/hhd800.com@MIDV-375.mp4": lstat /Volumes/Expansion/all_mp4/hhd800.com@MIDV-375.mp4: no such file or directory 
[31mERRO[0m[2026-05-09 17:15:44] reading info for "/Volumes/Expansion/all_mp4/hhd800.com@MIDV-611.mp4": lstat /Volumes/Expansion/all_mp4/hhd800.com@MIDV-611.mp4: no such file or directory 
[31mERRO[0m[2026-05-09 17:15:44] reading info for "/Volumes/Expansion/all_mp4/hhd800.com@MIDV-678.mp4": lstat /Volumes/Expansion/all_mp4/hhd800.com@MIDV-678.mp4: no such file or directory 
[31mERRO[0m[2026-05-09 17:15:44] reading info for "/Volumes/Expansion/all_mp4/hhd800.com@MIDV-679.mp4": lstat /Volumes/Expansion/all_mp4/hhd800.com@MIDV-679.mp4: no such file or directory 
[31mERRO[0m[2026-05-09 17:15:44] reading info for "/Volumes/Expansion/all_mp4/hhd800.com@MIDV-707.mp4": lstat /Volumes/Expansion/all_mp4/hhd800.com@MIDV-707.mp4: no such file or directory 
[31mERRO[0m[2026-05-09 17:15:44] reading info for "/Volumes/Expansion/all_mp4/hhd800.com@MIDV-794.mp4": lstat /Volumes/Expansion/all_mp4/hhd800.com@MIDV-794.mp4: no such file or directory 
[31mERRO[0m[2026-05-09 17:15:44] reading info for "/Volumes/Expansion/all_mp4/hhd800.com@MIDV-835.mp4": lstat /Volumes/Expansion/all_mp4/hhd800.com@MIDV-835.mp4: no such file or directory 
[31mERRO[0m[2026-05-09 17:15:44] reading info for "/Volumes/Expansion/all_mp4/hhd800.com@MIDV-881.mp4": lstat /Volumes/Expansion/all_mp4/hhd800.com@MIDV-881.mp4: no such file or directory 
[31mERRO[0m[2026-05-09 17:15:44] reading info for "/Volumes/Expansion/all_mp4/hhd800.com@MIDV-901.mp4": lstat /Volumes/Expansion/all_mp4/hhd800.com@MIDV-901.mp4: no such file or directory 
[31mERRO[0m[2026-05-09 17:15:44] reading info for "/Volumes/Expansion/all_mp4/hhd800.com@MIDV-906.mp4": lstat /Volumes/Expansion/all_mp4/hhd800.com@MIDV-906.mp4: no such file or directory 
[31mERRO[0m[2026-05-09 17:15:44] reading info for "/Volumes/Expansion/all_mp4/hhd800.com@MIDV-962.mp4": lstat /Volumes/Expansion/all_mp4/hhd800.com@MIDV-962.mp4: no such file or directory 
[31mERRO[0m[2026-05-09 17:15:44] reading info for "/Volumes/Expansion/all_mp4/hhd800.com@MIDV-965.mp4": lstat /Volumes/Expansion/all_mp4/hhd800.com@MIDV-965.mp4: no such file or directory 
[31mERRO[0m[2026-05-09 17:15:44] reading info for "/Volumes/Expansion/all_mp4/hhd800.com@MIDV-970.mp4": lstat /Volumes/Expansion/all_mp4/hhd800.com@MIDV-970.mp4: no such file or directory 
[31mERRO[0m[2026-05-09 17:15:44] reading info for "/Volumes/Expansion/all_mp4/hhd800.com@MIDV-971.mp4": lstat /Volumes/Expansion/all_mp4/hhd800.com@MIDV-971.mp4: no such file or directory 
[31mERRO[0m[2026-05-09 17:15:44] reading info for "/Volumes/Expansion/all_mp4/hhd800.com@MIDV-973.mp4": lstat /Volumes/Expansion/all_mp4/hhd800.com@MIDV-973.mp4: no such file or directory 
[31mERRO[0m[2026-05-09 17:15:44] reading info for "/Volumes/Expansion/all_mp4/hhd800.com@MIDV-988.mp4": lstat /Volumes/Expansion/all_mp4/hhd800.com@MIDV-988.mp4: no such file or directory 
[31mERRO[0m[2026-05-09 17:15:44] reading info for "/Volumes/Expansion/all_mp4/hhd800.com@MIDV-989.mp4": lstat /Volumes/Expansion/all_mp4/hhd800.com@MIDV-989.mp4: no such file or directory 
[31mERRO[0m[2026-05-09 17:15:44] reading info for "/Volumes/Expansion/all_mp4/hhd800.com@MIFD-574.mp4": lstat /Volumes/Expansion/all_mp4/hhd800.com@MIFD-574.mp4: no such file or directory 
[31mERRO[0m[2026-05-09 17:15:44] reading info for "/Volumes/Expansion/all_mp4/hhd800.com@MIFD-603.mp4": lstat /Volumes/Expansion/all_mp4/hhd800.com@MIFD-603.mp4: no such file or directory 
[31mERRO[0m[2026-05-09 17:15:44] reading info for "/Volumes/Expansion/all_mp4/hhd800.com@MIKR-005.mp4": lstat /Volumes/Expansion/all_mp4/hhd800.com@MIKR-005.mp4: no such file or directory 
[31mERRO[0m[2026-05-09 17:15:44] reading info for "/Volumes/Expansion/all_mp4/hhd800.com@MIKR-009.mp4": lstat /Volumes/Expansion/all_mp4/hhd800.com@MIKR-009.mp4: no such file or directory 
[31mERRO[0m[2026-05-09 17:15:44] reading info for "/Volumes/Expansion/all_mp4/hhd800.com@MILK-118.mp4": lstat /Volumes/Expansion/all_mp4/hhd800.com@MILK-118.mp4: no such file or directory 
[31mERRO[0m[2026-05-09 17:15:44] reading info for "/Volumes/Expansion/all_mp4/hhd800.com@MIMK-201.mp4": lstat /Volumes/Expansion/all_mp4/hhd800.com@MIMK-201.mp4: no such file or directory 
[31mERRO[0m[2026-05-09 17:15:44] reading info for "/Volumes/Expansion/all_mp4/hhd800.com@MMUS-060.mp4": lstat /Volumes/Expansion/all_mp4/hhd800.com@MMUS-060.mp4: no such file or directory 
[31mERRO[0m[2026-05-09 17:15:44] reading info for "/Volumes/Expansion/all_mp4/hhd800.com@MOOR-032.mp4": lstat /Volumes/Expansion/all_mp4/hhd800.com@MOOR-032.mp4: no such file or directory 
[31mERRO[0m[2026-05-09 17:15:44] reading info for "/Volumes/Expansion/all_mp4/hhd800.com@MRSS-160.mp4": lstat /Volumes/Expansion/all_mp4/hhd800.com@MRSS-160.mp4: no such file or directory 
[31mERRO[0m[2026-05-09 17:15:44] reading info for "/Volumes/Expansion/all_mp4/hhd800.com@MTALL-139.mp4": lstat /Volumes/Expansion/all_mp4/hhd800.com@MTALL-139.mp4: no such file or directory 
[31mERRO[0m[2026-05-09 17:15:44] reading info for "/Volumes/Expansion/all_mp4/hhd800.com@MUDR-226.mp4": lstat /Volumes/Expansion/all_mp4/hhd800.com@MUDR-226.mp4: no such file or directory 
[31mERRO[0m[2026-05-09 17:15:44] reading info for "/Volumes/Expansion/all_mp4/hhd800.com@MUDR-296.mp4": lstat /Volumes/Expansion/all_mp4/hhd800.com@MUDR-296.mp4: no such file or directory 
[31mERRO[0m[2026-05-09 17:15:44] reading info for "/Volumes/Expansion/all_mp4/hhd800.com@MUDR-353.mp4": lstat /Volumes/Expansion/all_mp4/hhd800.com@MUDR-353.mp4: no such file or directory 
[31mERRO[0m[2026-05-09 17:15:44] reading info for "/Volumes/Expansion/all_mp4/hhd800.com@MUKC-124.mp4": lstat /Volumes/Expansion/all_mp4/hhd800.com@MUKC-124.mp4: no such file or directory 
[31mERRO[0m[2026-05-09 17:15:44] reading info for "/Volumes/Expansion/all_mp4/hhd800.com@MUKD-518.mp4": lstat /Volumes/Expansion/all_mp4/hhd800.com@MUKD-518.mp4: no such file or directory 
[31mERRO[0m[2026-05-09 17:15:44] reading info for "/Volumes/Expansion/all_mp4/hhd800.com@MUKD-529.mp4": lstat /Volumes/Expansion/all_mp4/hhd800.com@MUKD-529.mp4: no such file or directory 
[31mERRO[0m[2026-05-09 17:15:44] reading info for "/Volumes/Expansion/all_mp4/hhd800.com@MURIKURI-009.mp4": lstat /Volumes/Expansion/all_mp4/hhd800.com@MURIKURI-009.mp4: no such file or directory 
[31mERRO[0m[2026-05-09 17:15:44] reading info for "/Volumes/Expansion/all_mp4/hhd800.com@NACR-853.mp4": lstat /Volumes/Expansion/all_mp4/hhd800.com@NACR-853.mp4: no such file or directory 
[31mERRO[0m[2026-05-09 17:15:44] reading info for "/Volumes/Expansion/all_mp4/hhd800.com@NACR-903.mp4": lstat /Volumes/Expansion/all_mp4/hhd800.com@NACR-903.mp4: no such file or directory 
[31mERRO[0m[2026-05-09 17:15:44] reading info for "/Volumes/Expansion/all_mp4/hhd800.com@NACR-907.mp4": lstat /Volumes/Expansion/all_mp4/hhd800.com@NACR-907.mp4: no such file or directory 
[31mERRO[0m[2026-05-09 17:15:44] reading info for "/Volumes/Expansion/all_mp4/hhd800.com@NHDTB-512.mp4": lstat /Volumes/Expansion/all_mp4/hhd800.com@NHDTB-512.mp4: no such file or directory 
[31mERRO[0m[2026-05-09 17:15:44] reading info for "/Volumes/Expansion/all_mp4/hhd800.com@NHDTB-580.mp4": lstat /Volumes/Expansion/all_mp4/hhd800.com@NHDTB-580.mp4: no such file or directory 
[31mERRO[0m[2026-05-09 17:15:44] reading info for "/Volumes/Expansion/all_mp4/hhd800.com@NHDTB-665.mp4": lstat /Volumes/Expansion/all_mp4/hhd800.com@NHDTB-665.mp4: no such file or directory 
[31mERRO[0m[2026-05-09 17:15:44] reading info for "/Volumes/Expansion/all_mp4/hhd800.com@NHDTB-666.mp4": lstat /Volumes/Expansion/all_mp4/hhd800.com@NHDTB-666.mp4: no such file or directory 
[31mERRO[0m[2026-05-09 17:15:44] reading info for "/Volumes/Expansion/all_mp4/hhd800.com@NHDTB-797.mp4": lstat /Volumes/Expansion/all_mp4/hhd800.com@NHDTB-797.mp4: no such file or directory 
[31mERRO[0m[2026-05-09 17:15:44] reading info for "/Volumes/Expansion/all_mp4/hhd800.com@NHDTB-799.mp4": lstat /Volumes/Expansion/all_mp4/hhd800.com@NHDTB-799.mp4: no such file or directory 
[31mERRO[0m[2026-05-09 17:15:44] reading info for "/Volumes/Expansion/all_mp4/hhd800.com@NHDTB-836.mp4": lstat /Volumes/Expansion/all_mp4/hhd800.com@NHDTB-836.mp4: no such file or directory 
[31mERRO[0m[2026-05-09 17:15:44] reading info for "/Volumes/Expansion/all_mp4/hhd800.com@NHDTB-855.mp4": lstat /Volumes/Expansion/all_mp4/hhd800.com@NHDTB-855.mp4: no such file or directory 
[31mERRO[0m[2026-05-09 17:15:44] reading info for "/Volumes/Expansion/all_mp4/hhd800.com@NHDTB-882.mp4": lstat /Volumes/Expansion/all_mp4/hhd800.com@NHDTB-882.mp4: no such file or directory 
[31mERRO[0m[2026-05-09 17:15:44] reading info for "/Volumes/Expansion/all_mp4/hhd800.com@NHDTB-916.mp4": lstat /Volumes/Expansion/all_mp4/hhd800.com@NHDTB-916.mp4: no such file or directory 
[31mERRO[0m[2026-05-09 17:15:44] reading info for "/Volumes/Expansion/all_mp4/hhd800.com@NHDTC-01701.mp4": lstat /Volumes/Expansion/all_mp4/hhd800.com@NHDTC-01701.mp4: no such file or directory 
[31mERRO[0m[2026-05-09 17:15:44] reading info for "/Volumes/Expansion/all_mp4/hhd800.com@NHDTC-01901.mp4": lstat /Volumes/Expansion/all_mp4/hhd800.com@NHDTC-01901.mp4: no such file or directory 
[31mERRO[0m[2026-05-09 17:15:44] reading info for "/Volumes/Expansion/all_mp4/hhd800.com@NHDTC-01902.mp4": lstat /Volumes/Expansion/all_mp4/hhd800.com@NHDTC-01902.mp4: no such file or directory 
[31mERRO[0m[2026-05-09 17:15:44] reading info for "/Volumes/Expansion/all_mp4/hhd800.com@NHDTC-01903.mp4": lstat /Volumes/Expansion/all_mp4/hhd800.com@NHDTC-01903.mp4: no such file or directory 
[31mERRO[0m[2026-05-09 17:15:44] reading info for "/Volumes/Expansion/all_mp4/hhd800.com@NHDTC-03101.mp4": lstat /Volumes/Expansion/all_mp4/hhd800.com@NHDTC-03101.mp4: no such file or directory 
[31mERRO[0m[2026-05-09 17:15:44] reading info for "/Volumes/Expansion/all_mp4/hhd800.com@NHDTC-03102.mp4": lstat /Volumes/Expansion/all_mp4/hhd800.com@NHDTC-03102.mp4: no such file or directory 
[31mERRO[0m[2026-05-09 17:15:44] reading info for "/Volumes/Expansion/all_mp4/hhd800.com@NHDTC-03103.mp4": lstat /Volumes/Expansion/all_mp4/hhd800.com@NHDTC-03103.mp4: no such file or directory 
[31mERRO[0m[2026-05-09 17:15:44] reading info for "/Volumes/Expansion/all_mp4/hhd800.com@NHDTC-03104.mp4": lstat /Volumes/Expansion/all_mp4/hhd800.com@NHDTC-03104.mp4: no such file or directory 
[31mERRO[0m[2026-05-09 17:15:44] reading info for "/Volumes/Expansion/all_mp4/hhd800.com@NHDTC-03602.mp4": lstat /Volumes/Expansion/all_mp4/hhd800.com@NHDTC-03602.mp4: no such file or directory 
[31mERRO[0m[2026-05-09 17:15:44] reading info for "/Volumes/Expansion/all_mp4/hhd800.com@NHDTC-03603.mp4": lstat /Volumes/Expansion/all_mp4/hhd800.com@NHDTC-03603.mp4: no such file or directory 
[31mERRO[0m[2026-05-09 17:15:44] reading info for "/Volumes/Expansion/all_mp4/hhd800.com@NHDTC-049.mp4": lstat /Volumes/Expansion/all_mp4/hhd800.com@NHDTC-049.mp4: no such file or directory 
[31mERRO[0m[2026-05-09 17:15:44] reading info for "/Volumes/Expansion/all_mp4/hhd800.com@NHDTC-0601.mp4": lstat /Volumes/Expansion/all_mp4/hhd800.com@NHDTC-0601.mp4: no such file or directory 
[31mERRO[0m[2026-05-09 17:15:44] reading info for "/Volumes/Expansion/all_mp4/hhd800.com@NHDTC-0602.mp4": lstat /Volumes/Expansion/all_mp4/hhd800.com@NHDTC-0602.mp4: no such file or directory 
[31mERRO[0m[2026-05-09 17:15:44] reading info for "/Volumes/Expansion/all_mp4/hhd800.com@NHDTC-069.mp4": lstat /Volumes/Expansion/all_mp4/hhd800.com@NHDTC-069.mp4: no such file or directory 
[31mERRO[0m[2026-05-09 17:15:44] reading info for "/Volumes/Expansion/all_mp4/hhd800.com@NHDTC-116.mp4": lstat /Volumes/Expansion/all_mp4/hhd800.com@NHDTC-116.mp4: no such file or directory 
[31mERRO[0m[2026-05-09 17:15:44] reading info for "/Volumes/Expansion/all_mp4/hhd800.com@NHDTC-177.mp4": lstat /Volumes/Expansion/all_mp4/hhd800.com@NHDTC-177.mp4: no such file or directory 
[31mERRO[0m[2026-05-09 17:15:44] reading info for "/Volumes/Expansion/all_mp4/hhd800.com@NHDTC-178.mp4": lstat /Volumes/Expansion/all_mp4/hhd800.com@NHDTC-178.mp4: no such file or directory 
[31mERRO[0m[2026-05-09 17:15:44] reading info for "/Volumes/Expansion/all_mp4/hhd800.com@NHDTC-179.mp4": lstat /Volumes/Expansion/all_mp4/hhd800.com@NHDTC-179.mp4: no such file or directory 
[31mERRO[0m[2026-05-09 17:15:44] reading info for "/Volumes/Expansion/all_mp4/hhd800.com@NHDTC-197.mp4": lstat /Volumes/Expansion/all_mp4/hhd800.com@NHDTC-197.mp4: no such file or directory 
[31mERRO[0m[2026-05-09 17:15:44] reading info for "/Volumes/Expansion/all_mp4/hhd800.com@NHDTC-803.mp4": lstat /Volumes/Expansion/all_mp4/hhd800.com@NHDTC-803.mp4: no such file or directory 
[31mERRO[0m[2026-05-09 17:15:44] reading info for "/Volumes/Expansion/all_mp4/hhd800.com@NIMA-043.mp4": lstat /Volumes/Expansion/all_mp4/hhd800.com@NIMA-043.mp4: no such file or directory 
[31mERRO[0m[2026-05-09 17:15:44] reading info for "/Volumes/Expansion/all_mp4/hhd800.com@NPJS-113.mp4": lstat /Volumes/Expansion/all_mp4/hhd800.com@NPJS-113.mp4: no such file or directory 
[31mERRO[0m[2026-05-09 17:15:44] reading info for "/Volumes/Expansion/all_mp4/hhd800.com@NPJS-135.mp4": lstat /Volumes/Expansion/all_mp4/hhd800.com@NPJS-135.mp4: no such file or directory 
[31mERRO[0m[2026-05-09 17:15:44] reading info for "/Volumes/Expansion/all_mp4/hhd800.com@NPJS-147.mp4": lstat /Volumes/Expansion/all_mp4/hhd800.com@NPJS-147.mp4: no such file or directory 
[31mERRO[0m[2026-05-09 17:15:44] reading info for "/Volumes/Expansion/all_mp4/hhd800.com@PPPE-291.mp4": lstat /Volumes/Expansion/all_mp4/hhd800.com@PPPE-291.mp4: no such file or directory 
[31mERRO[0m[2026-05-09 17:15:44] reading info for "/Volumes/Expansion/all_mp4/hhd800.com@PRED-740.mp4": lstat /Volumes/Expansion/all_mp4/hhd800.com@PRED-740.mp4: no such file or directory 
[31mERRO[0m[2026-05-09 17:15:44] reading info for "/Volumes/Expansion/all_mp4/hhd800.com@RBK-058.mp4": lstat /Volumes/Expansion/all_mp4/hhd800.com@RBK-058.mp4: no such file or directory 
[31mERRO[0m[2026-05-09 17:15:44] reading info for "/Volumes/Expansion/all_mp4/hhd800.com@ROYD-210.mp4": lstat /Volumes/Expansion/all_mp4/hhd800.com@ROYD-210.mp4: no such file or directory 
[31mERRO[0m[2026-05-09 17:15:44] reading info for "/Volumes/Expansion/all_mp4/hhd800.com@ROYD-222.mp4": lstat /Volumes/Expansion/all_mp4/hhd800.com@ROYD-222.mp4: no such file or directory 
[31mERRO[0m[2026-05-09 17:15:44] reading info for "/Volumes/Expansion/all_mp4/hhd800.com@ROYD-299.mp4": lstat /Volumes/Expansion/all_mp4/hhd800.com@ROYD-299.mp4: no such file or directory 
[31mERRO[0m[2026-05-09 17:15:44] reading info for "/Volumes/Expansion/all_mp4/hhd800.com@SAME-004.mp4": lstat /Volumes/Expansion/all_mp4/hhd800.com@SAME-004.mp4: no such file or directory 
[31mERRO[0m[2026-05-09 17:15:44] reading info for "/Volumes/Expansion/all_mp4/hhd800.com@SAME-110.mp4": lstat /Volumes/Expansion/all_mp4/hhd800.com@SAME-110.mp4: no such file or directory 
[31mERRO[0m[2026-05-09 17:15:44] reading info for "/Volumes/Expansion/all_mp4/hhd800.com@SAME-141.mp4": lstat /Volumes/Expansion/all_mp4/hhd800.com@SAME-141.mp4: no such file or directory 
[31mERRO[0m[2026-05-09 17:15:44] reading info for "/Volumes/Expansion/all_mp4/hhd800.com@SAME-147.mp4": lstat /Volumes/Expansion/all_mp4/hhd800.com@SAME-147.mp4: no such file or directory 
[31mERRO[0m[2026-05-09 17:15:44] reading info for "/Volumes/Expansion/all_mp4/hhd800.com@SAME-149.mp4": lstat /Volumes/Expansion/all_mp4/hhd800.com@SAME-149.mp4: no such file or directory 
[31mERRO[0m[2026-05-09 17:15:44] reading info for "/Volumes/Expansion/all_mp4/hhd800.com@SAME-158.mp4": lstat /Volumes/Expansion/all_mp4/hhd800.com@SAME-158.mp4: no such file or directory 
[31mERRO[0m[2026-05-09 17:15:44] reading info for "/Volumes/Expansion/all_mp4/hhd800.com@SDAM-161.mp4": lstat /Volumes/Expansion/all_mp4/hhd800.com@SDAM-161.mp4: no such file or directory 
[31mERRO[0m[2026-05-09 17:15:44] reading info for "/Volumes/Expansion/all_mp4/hhd800.com@SDDE-758.mp4": lstat /Volumes/Expansion/all_mp4/hhd800.com@SDDE-758.mp4: no such file or directory 
[31mERRO[0m[2026-05-09 17:15:44] reading info for "/Volumes/Expansion/all_mp4/hhd800.com@SDMF-020-C_X1080X.mp4": lstat /Volumes/Expansion/all_mp4/hhd800.com@SDMF-020-C_X1080X.mp4: no such file or directory 
[31mERRO[0m[2026-05-09 17:15:44] reading info for "/Volumes/Expansion/all_mp4/hhd800.com@SDMM-140.mp4": lstat /Volumes/Expansion/all_mp4/hhd800.com@SDMM-140.mp4: no such file or directory 
[31mERRO[0m[2026-05-09 17:15:44] reading info for "/Volumes/Expansion/all_mp4/hhd800.com@SDNM-359.mp4": lstat /Volumes/Expansion/all_mp4/hhd800.com@SDNM-359.mp4: no such file or directory 
[31mERRO[0m[2026-05-09 17:15:44] reading info for "/Volumes/Expansion/all_mp4/hhd800.com@SGKI-039.mp4": lstat /Volumes/Expansion/all_mp4/hhd800.com@SGKI-039.mp4: no such file or directory 
[31mERRO[0m[2026-05-09 17:15:44] reading info for "/Volumes/Expansion/all_mp4/hhd800.com@SKMJ-593.mp4": lstat /Volumes/Expansion/all_mp4/hhd800.com@SKMJ-593.mp4: no such file or directory 
[31mERRO[0m[2026-05-09 17:15:44] reading info for "/Volumes/Expansion/all_mp4/hhd800.com@SKMJ-606.mp4": lstat /Volumes/Expansion/all_mp4/hhd800.com@SKMJ-606.mp4: no such file or directory 
[31mERRO[0m[2026-05-09 17:15:44] reading info for "/Volumes/Expansion/all_mp4/hhd800.com@SKMJ-747.mp4": lstat /Volumes/Expansion/all_mp4/hhd800.com@SKMJ-747.mp4: no such file or directory 
[31mERRO[0m[2026-05-09 17:15:44] reading info for "/Volumes/Expansion/all_mp4/hhd800.com@SNOS-146.mp4": lstat /Volumes/Expansion/all_mp4/hhd800.com@SNOS-146.mp4: no such file or directory 
[31mERRO[0m[2026-05-09 17:15:44] reading info for "/Volumes/Expansion/all_mp4/hhd800.com@SNOS-156.mp4": lstat /Volumes/Expansion/all_mp4/hhd800.com@SNOS-156.mp4: no such file or directory 
[31mERRO[0m[2026-05-09 17:15:44] reading info for "/Volumes/Expansion/all_mp4/hhd800.com@SONE-108.mp4": lstat /Volumes/Expansion/all_mp4/hhd800.com@SONE-108.mp4: no such file or directory 
[31mERRO[0m[2026-05-09 17:15:44] reading info for "/Volumes/Expansion/all_mp4/hhd800.com@SONE-238.mp4": lstat /Volumes/Expansion/all_mp4/hhd800.com@SONE-238.mp4: no such file or directory 
[31mERRO[0m[2026-05-09 17:15:44] reading info for "/Volumes/Expansion/all_mp4/hhd800.com@SONE-264.mp4": lstat /Volumes/Expansion/all_mp4/hhd800.com@SONE-264.mp4: no such file or directory 
[31mERRO[0m[2026-05-09 17:15:44] reading info for "/Volumes/Expansion/all_mp4/hhd800.com@SONE-269.mp4": lstat /Volumes/Expansion/all_mp4/hhd800.com@SONE-269.mp4: no such file or directory 
[31mERRO[0m[2026-05-09 17:15:44] reading info for "/Volumes/Expansion/all_mp4/hhd800.com@SONE-273.mp4": lstat /Volumes/Expansion/all_mp4/hhd800.com@SONE-273.mp4: no such file or directory 
[31mERRO[0m[2026-05-09 17:15:44] reading info for "/Volumes/Expansion/all_mp4/hhd800.com@SONE-314.mp4": lstat /Volumes/Expansion/all_mp4/hhd800.com@SONE-314.mp4: no such file or directory 
[31mERRO[0m[2026-05-09 17:15:44] reading info for "/Volumes/Expansion/all_mp4/hhd800.com@SONE-357.mp4": lstat /Volumes/Expansion/all_mp4/hhd800.com@SONE-357.mp4: no such file or directory 
[31mERRO[0m[2026-05-09 17:15:44] reading info for "/Volumes/Expansion/all_mp4/hhd800.com@SONE-373.mp4": lstat /Volumes/Expansion/all_mp4/hhd800.com@SONE-373.mp4: no such file or directory 
[31mERRO[0m[2026-05-09 17:15:44] reading info for "/Volumes/Expansion/all_mp4/hhd800.com@SONE-388.mp4": lstat /Volumes/Expansion/all_mp4/hhd800.com@SONE-388.mp4: no such file or directory 
[31mERRO[0m[2026-05-09 17:15:44] reading info for "/Volumes/Expansion/all_mp4/hhd800.com@SONE-417.mp4": lstat /Volumes/Expansion/all_mp4/hhd800.com@SONE-417.mp4: no such file or directory 
[31mERRO[0m[2026-05-09 17:15:44] reading info for "/Volumes/Expansion/all_mp4/hhd800.com@SONE-435.mp4": lstat /Volumes/Expansion/all_mp4/hhd800.com@SONE-435.mp4: no such file or directory 
[31mERRO[0m[2026-05-09 17:15:44] reading info for "/Volumes/Expansion/all_mp4/hhd800.com@SONE-444.mp4": lstat /Volumes/Expansion/all_mp4/hhd800.com@SONE-444.mp4: no such file or directory 
[31mERRO[0m[2026-05-09 17:15:44] reading info for "/Volumes/Expansion/all_mp4/hhd800.com@SONE-450.mp4": lstat /Volumes/Expansion/all_mp4/hhd800.com@SONE-450.mp4: no such file or directory 
[31mERRO[0m[2026-05-09 17:15:44] reading info for "/Volumes/Expansion/all_mp4/hhd800.com@SONE-465.mp4": lstat /Volumes/Expansion/all_mp4/hhd800.com@SONE-465.mp4: no such file or directory 
[31mERRO[0m[2026-05-09 17:15:44] reading info for "/Volumes/Expansion/all_mp4/hhd800.com@SONE-466.mp4": lstat /Volumes/Expansion/all_mp4/hhd800.com@SONE-466.mp4: no such file or directory 
[31mERRO[0m[2026-05-09 17:15:44] reading info for "/Volumes/Expansion/all_mp4/hhd800.com@SONE-467.mp4": lstat /Volumes/Expansion/all_mp4/hhd800.com@SONE-467.mp4: no such file or directory 
[31mERRO[0m[2026-05-09 17:15:44] reading info for "/Volumes/Expansion/all_mp4/hhd800.com@SONE-481.mp4": lstat /Volumes/Expansion/all_mp4/hhd800.com@SONE-481.mp4: no such file or directory 
[31mERRO[0m[2026-05-09 17:15:44] reading info for "/Volumes/Expansion/all_mp4/hhd800.com@SONE-496.mp4": lstat /Volumes/Expansion/all_mp4/hhd800.com@SONE-496.mp4: no such file or directory 
[31mERRO[0m[2026-05-09 17:15:44] reading info for "/Volumes/Expansion/all_mp4/hhd800.com@SONE-512.mp4": lstat /Volumes/Expansion/all_mp4/hhd800.com@SONE-512.mp4: no such file or directory 
[31mERRO[0m[2026-05-09 17:15:44] reading info for "/Volumes/Expansion/all_mp4/hhd800.com@SONE-519.mp4": lstat /Volumes/Expansion/all_mp4/hhd800.com@SONE-519.mp4: no such file or directory 
[31mERRO[0m[2026-05-09 17:15:44] reading info for "/Volumes/Expansion/all_mp4/hhd800.com@SONE-526.mp4": lstat /Volumes/Expansion/all_mp4/hhd800.com@SONE-526.mp4: no such file or directory 
[31mERRO[0m[2026-05-09 17:15:44] reading info for "/Volumes/Expansion/all_mp4/hhd800.com@SONE-527.mp4": lstat /Volumes/Expansion/all_mp4/hhd800.com@SONE-527.mp4: no such file or directory 
[31mERRO[0m[2026-05-09 17:15:44] reading info for "/Volumes/Expansion/all_mp4/hhd800.com@SONE-528.mp4": lstat /Volumes/Expansion/all_mp4/hhd800.com@SONE-528.mp4: no such file or directory 
[31mERRO[0m[2026-05-09 17:15:44] reading info for "/Volumes/Expansion/all_mp4/hhd800.com@SONE-530.mp4": lstat /Volumes/Expansion/all_mp4/hhd800.com@SONE-530.mp4: no such file or directory 
[31mERRO[0m[2026-05-09 17:15:44] reading info for "/Volumes/Expansion/all_mp4/hhd800.com@SONE-535.mp4": lstat /Volumes/Expansion/all_mp4/hhd800.com@SONE-535.mp4: no such file or directory 
[31mERRO[0m[2026-05-09 17:15:44] reading info for "/Volumes/Expansion/all_mp4/hhd800.com@SONE-537.mp4": lstat /Volumes/Expansion/all_mp4/hhd800.com@SONE-537.mp4: no such file or directory 
[31mERRO[0m[2026-05-09 17:15:44] reading info for "/Volumes/Expansion/all_mp4/hhd800.com@SONE-550.mp4": lstat /Volumes/Expansion/all_mp4/hhd800.com@SONE-550.mp4: no such file or directory 
[31mERRO[0m[2026-05-09 17:15:44] reading info for "/Volumes/Expansion/all_mp4/hhd800.com@SONE-554.mp4": lstat /Volumes/Expansion/all_mp4/hhd800.com@SONE-554.mp4: no such file or directory 
[31mERRO[0m[2026-05-09 17:15:44] reading info for "/Volumes/Expansion/all_mp4/hhd800.com@SONE-559.mp4": lstat /Volumes/Expansion/all_mp4/hhd800.com@SONE-559.mp4: no such file or directory 
[31mERRO[0m[2026-05-09 17:15:44] reading info for "/Volumes/Expansion/all_mp4/hhd800.com@SONE-572.mp4": lstat /Volumes/Expansion/all_mp4/hhd800.com@SONE-572.mp4: no such file or directory 
[31mERRO[0m[2026-05-09 17:15:44] reading info for "/Volumes/Expansion/all_mp4/hhd800.com@SONE-577.mp4": lstat /Volumes/Expansion/all_mp4/hhd800.com@SONE-577.mp4: no such file or directory 
[31mERRO[0m[2026-05-09 17:15:44] reading info for "/Volumes/Expansion/all_mp4/hhd800.com@SONE-580.mp4": lstat /Volumes/Expansion/all_mp4/hhd800.com@SONE-580.mp4: no such file or directory 
[31mERRO[0m[2026-05-09 17:15:44] reading info for "/Volumes/Expansion/all_mp4/hhd800.com@SONE-582.mp4": lstat /Volumes/Expansion/all_mp4/hhd800.com@SONE-582.mp4: no such file or directory 
[31mERRO[0m[2026-05-09 17:15:44] reading info for "/Volumes/Expansion/all_mp4/hhd800.com@SONE-583.mp4": lstat /Volumes/Expansion/all_mp4/hhd800.com@SONE-583.mp4: no such file or directory 
[31mERRO[0m[2026-05-09 17:15:44] reading info for "/Volumes/Expansion/all_mp4/hhd800.com@SONE-584.mp4": lstat /Volumes/Expansion/all_mp4/hhd800.com@SONE-584.mp4: no such file or directory 
[31mERRO[0m[2026-05-09 17:15:44] reading info for "/Volumes/Expansion/all_mp4/hhd800.com@SONE-591.mp4": lstat /Volumes/Expansion/all_mp4/hhd800.com@SONE-591.mp4: no such file or directory 
[31mERRO[0m[2026-05-09 17:15:44] reading info for "/Volumes/Expansion/all_mp4/hhd800.com@SONE-597.mp4": lstat /Volumes/Expansion/all_mp4/hhd800.com@SONE-597.mp4: no such file or directory 
[31mERRO[0m[2026-05-09 17:15:44] reading info for "/Volumes/Expansion/all_mp4/hhd800.com@SONE-613.mp4": lstat /Volumes/Expansion/all_mp4/hhd800.com@SONE-613.mp4: no such file or directory 
[31mERRO[0m[2026-05-09 17:15:44] reading info for "/Volumes/Expansion/all_mp4/hhd800.com@SONE-626.mp4": lstat /Volumes/Expansion/all_mp4/hhd800.com@SONE-626.mp4: no such file or directory 
[31mERRO[0m[2026-05-09 17:15:44] reading info for "/Volumes/Expansion/all_mp4/hhd800.com@SONE-629.mp4": lstat /Volumes/Expansion/all_mp4/hhd800.com@SONE-629.mp4: no such file or directory 
[31mERRO[0m[2026-05-09 17:15:44] reading info for "/Volumes/Expansion/all_mp4/hhd800.com@SONE-651.mp4": lstat /Volumes/Expansion/all_mp4/hhd800.com@SONE-651.mp4: no such file or directory 
[31mERRO[0m[2026-05-09 17:15:44] reading info for "/Volumes/Expansion/all_mp4/hhd800.com@SONE-654.mp4": lstat /Volumes/Expansion/all_mp4/hhd800.com@SONE-654.mp4: no such file or directory 
[31mERRO[0m[2026-05-09 17:15:44] reading info for "/Volumes/Expansion/all_mp4/hhd800.com@SONE-656.mp4": lstat /Volumes/Expansion/all_mp4/hhd800.com@SONE-656.mp4: no such file or directory 
[31mERRO[0m[2026-05-09 17:15:44] reading info for "/Volumes/Expansion/all_mp4/hhd800.com@SONE-661.mp4": lstat /Volumes/Expansion/all_mp4/hhd800.com@SONE-661.mp4: no such file or directory 
[31mERRO[0m[2026-05-09 17:15:44] reading info for "/Volumes/Expansion/all_mp4/hhd800.com@SONE-715.mp4": lstat /Volumes/Expansion/all_mp4/hhd800.com@SONE-715.mp4: no such file or directory 
[31mERRO[0m[2026-05-09 17:15:44] error processing "/Volumes/Expansion/all_mp4/[456k.me]ofje-146.mp4": running ffprobe on "/Volumes/Expansion/all_mp4/[456k.me]ofje-146.mp4": FFProbe encountered an error with </Volumes/Expansion/all_mp4/[456k.me]ofje-146.mp4>.
Error JSON:
{
    "error": {
        "code": -1094995529,
        "string": "Invalid data found when processing input"
    }
}

Error: exit status 1 
[31mERRO[0m[2026-05-09 17:15:44] error processing "/Volumes/Expansion/all_mp4/akdld-326/akdld-326.mp4": running ffprobe on "/Volumes/Expansion/all_mp4/akdld-326/akdld-326.mp4": FFProbe encountered an error with </Volumes/Expansion/all_mp4/akdld-326/akdld-326.mp4>.
Error JSON:
{
    "error": {
        "code": -541478725,
        "string": "End of file"
    }
}

Error: exit status 1 
[31mERRO[0m[2026-05-09 17:15:44] reading info for "/Volumes/Expansion/all_mp4/hhd800.com@SONE-744.mp4": lstat /Volumes/Expansion/all_mp4/hhd800.com@SONE-744.mp4: no such file or directory 
[31mERRO[0m[2026-05-09 17:15:44] reading info for "/Volumes/Expansion/all_mp4/hhd800.com@SSIS-297.mp4": lstat /Volumes/Expansion/all_mp4/hhd800.com@SSIS-297.mp4: no such file or directory 
[31mERRO[0m[2026-05-09 17:15:44] reading info for "/Volumes/Expansion/all_mp4/hhd800.com@SSIS-348.mp4": lstat /Volumes/Expansion/all_mp4/hhd800.com@SSIS-348.mp4: no such file or directory 
[31mERRO[0m[2026-05-09 17:15:44] reading info for "/Volumes/Expansion/all_mp4/hhd800.com@SSIS-374.mp4": lstat /Volumes/Expansion/all_mp4/hhd800.com@SSIS-374.mp4: no such file or directory 
[31mERRO[0m[2026-05-09 17:15:44] reading info for "/Volumes/Expansion/all_mp4/hhd800.com@SSIS-519.mp4": lstat /Volumes/Expansion/all_mp4/hhd800.com@SSIS-519.mp4: no such file or directory 
[31mERRO[0m[2026-05-09 17:15:44] reading info for "/Volumes/Expansion/all_mp4/hhd800.com@SSIS-708.mp4": lstat /Volumes/Expansion/all_mp4/hhd800.com@SSIS-708.mp4: no such file or directory 
[31mERRO[0m[2026-05-09 17:15:44] reading info for "/Volumes/Expansion/all_mp4/hhd800.com@STARS-967.mp4": lstat /Volumes/Expansion/all_mp4/hhd800.com@STARS-967.mp4: no such file or directory 
[31mERRO[0m[2026-05-09 17:15:44] reading info for "/Volumes/Expansion/all_mp4/hhd800.com@START-125.mp4": lstat /Volumes/Expansion/all_mp4/hhd800.com@START-125.mp4: no such file or directory 
[31mERRO[0m[2026-05-09 17:15:44] reading info for "/Volumes/Expansion/all_mp4/hhd800.com@START-167.mp4": lstat /Volumes/Expansion/all_mp4/hhd800.com@START-167.mp4: no such file or directory 
[31mERRO[0m[2026-05-09 17:15:44] reading info for "/Volumes/Expansion/all_mp4/hhd800.com@START-202.mp4": lstat /Volumes/Expansion/all_mp4/hhd800.com@START-202.mp4: no such file or directory 
[31mERRO[0m[2026-05-09 17:15:44] reading info for "/Volumes/Expansion/all_mp4/hhd800.com@START-221.mp4": lstat /Volumes/Expansion/all_mp4/hhd800.com@START-221.mp4: no such file or directory 
[31mERRO[0m[2026-05-09 17:15:44] reading info for "/Volumes/Expansion/all_mp4/hhd800.com@START-227V.mp4": lstat /Volumes/Expansion/all_mp4/hhd800.com@START-227V.mp4: no such file or directory 
[31mERRO[0m[2026-05-09 17:15:44] reading info for "/Volumes/Expansion/all_mp4/hhd800.com@START-243.mp4": lstat /Volumes/Expansion/all_mp4/hhd800.com@START-243.mp4: no such file or directory 
[31mERRO[0m[2026-05-09 17:15:44] reading info for "/Volumes/Expansion/all_mp4/hhd800.com@START-457.mp4": lstat /Volumes/Expansion/all_mp4/hhd800.com@START-457.mp4: no such file or directory 
[31mERRO[0m[2026-05-09 17:15:44] reading info for "/Volumes/Expansion/all_mp4/hhd800.com@START-528.mp4": lstat /Volumes/Expansion/all_mp4/hhd800.com@START-528.mp4: no such file or directory 
[31mERRO[0m[2026-05-09 17:15:44] reading info for "/Volumes/Expansion/all_mp4/hhd800.com@START-552.mp4": lstat /Volumes/Expansion/all_mp4/hhd800.com@START-552.mp4: no such file or directory 
[31mERRO[0m[2026-05-09 17:15:44] reading info for "/Volumes/Expansion/all_mp4/hhd800.com@STCVS-019.mp4": lstat /Volumes/Expansion/all_mp4/hhd800.com@STCVS-019.mp4: no such file or directory 
[31mERRO[0m[2026-05-09 17:15:44] reading info for "/Volumes/Expansion/all_mp4/hhd800.com@SVDVD-946.mp4": lstat /Volumes/Expansion/all_mp4/hhd800.com@SVDVD-946.mp4: no such file or directory 
[31mERRO[0m[2026-05-09 17:15:44] reading info for "/Volumes/Expansion/all_mp4/hhd800.com@SVVRT-057.mp4": lstat /Volumes/Expansion/all_mp4/hhd800.com@SVVRT-057.mp4: no such file or directory 
[31mERRO[0m[2026-05-09 17:15:44] reading info for "/Volumes/Expansion/all_mp4/hhd800.com@T38-057.mp4": lstat /Volumes/Expansion/all_mp4/hhd800.com@T38-057.mp4: no such file or directory 
[31mERRO[0m[2026-05-09 17:15:44] reading info for "/Volumes/Expansion/all_mp4/hhd800.com@URKK-109.mp4": lstat /Volumes/Expansion/all_mp4/hhd800.com@URKK-109.mp4: no such file or directory 
[31mERRO[0m[2026-05-09 17:15:44] reading info for "/Volumes/Expansion/all_mp4/hhd800.com@WAAA-427.mp4": lstat /Volumes/Expansion/all_mp4/hhd800.com@WAAA-427.mp4: no such file or directory 
[31mERRO[0m[2026-05-09 17:15:44] reading info for "/Volumes/Expansion/all_mp4/hhd800.com@WAAA-443.mp4": lstat /Volumes/Expansion/all_mp4/hhd800.com@WAAA-443.mp4: no such file or directory 
[31mERRO[0m[2026-05-09 17:15:44] reading info for "/Volumes/Expansion/all_mp4/hhd800.com@WAAA-465.mp4": lstat /Volumes/Expansion/all_mp4/hhd800.com@WAAA-465.mp4: no such file or directory 
[31mERRO[0m[2026-05-09 17:15:44] reading info for "/Volumes/Expansion/all_mp4/hhd800.com@WAAA-472.mp4": lstat /Volumes/Expansion/all_mp4/hhd800.com@WAAA-472.mp4: no such file or directory 
[31mERRO[0m[2026-05-09 17:15:44] reading info for "/Volumes/Expansion/all_mp4/hhd800.com@WAAA-477.mp4": lstat /Volumes/Expansion/all_mp4/hhd800.com@WAAA-477.mp4: no such file or directory 
[31mERRO[0m[2026-05-09 17:15:44] reading info for "/Volumes/Expansion/all_mp4/hhd800.com@YUJ-029.mp4": lstat /Volumes/Expansion/all_mp4/hhd800.com@YUJ-029.mp4: no such file or directory 
[31mERRO[0m[2026-05-09 17:15:44] reading info for "/Volumes/Expansion/all_mp4/hjd2048.com-1129nhdtb204-h264": lstat /Volumes/Expansion/all_mp4/hjd2048.com-1129nhdtb204-h264: no such file or directory 
[31mERRO[0m[2026-05-09 17:15:44] error scanning /Volumes/Expansion/all_mp4/hjd2048.com-1129nhdtb204-h264: open /Volumes/Expansion/all_mp4/hjd2048.com-1129nhdtb204-h264: no such file or directory 
[31mERRO[0m[2026-05-09 17:15:44] reading info for "/Volumes/Expansion/all_mp4/hmn-036.mp4": lstat /Volumes/Expansion/all_mp4/hmn-036.mp4: no such file or directory 
[31mERRO[0m[2026-05-09 17:15:44] reading info for "/Volumes/Expansion/all_mp4/hnd-672.mp4": lstat /Volumes/Expansion/all_mp4/hnd-672.mp4: no such file or directory 
[31mERRO[0m[2026-05-09 17:15:44] reading info for "/Volumes/Expansion/all_mp4/hunt-786.mp4": lstat /Volumes/Expansion/all_mp4/hunt-786.mp4: no such file or directory 
[31mERRO[0m[2026-05-09 17:15:44] reading info for "/Volumes/Expansion/all_mp4/hunta-894.mp4": lstat /Volumes/Expansion/all_mp4/hunta-894.mp4: no such file or directory 
[31mERRO[0m[2026-05-09 17:15:44] reading info for "/Volumes/Expansion/all_mp4/hunta-988.mp4": lstat /Volumes/Expansion/all_mp4/hunta-988.mp4: no such file or directory 
[31mERRO[0m[2026-05-09 17:15:44] reading info for "/Volumes/Expansion/all_mp4/ibw-866-ubw.mp4": lstat /Volumes/Expansion/all_mp4/ibw-866-ubw.mp4: no such file or directory 
[31mERRO[0m[2026-05-09 17:15:44] reading info for "/Volumes/Expansion/all_mp4/iene-480.mp4": lstat /Volumes/Expansion/all_mp4/iene-480.mp4: no such file or directory 
[31mERRO[0m[2026-05-09 17:15:44] reading info for "/Volumes/Expansion/all_mp4/iene-527.mp4": lstat /Volumes/Expansion/all_mp4/iene-527.mp4: no such file or directory 
[31mERRO[0m[2026-05-09 17:15:44] reading info for "/Volumes/Expansion/all_mp4/iene-552.mp4": lstat /Volumes/Expansion/all_mp4/iene-552.mp4: no such file or directory 
[31mERRO[0m[2026-05-09 17:15:44] reading info for "/Volumes/Expansion/all_mp4/iene-572.mp4": lstat /Volumes/Expansion/all_mp4/iene-572.mp4: no such file or directory 
[31mERRO[0m[2026-05-09 17:15:44] reading info for "/Volumes/Expansion/all_mp4/iesp-700.mp4": lstat /Volumes/Expansion/all_mp4/iesp-700.mp4: no such file or directory 
[31mERRO[0m[2026-05-09 17:15:44] reading info for "/Volumes/Expansion/all_mp4/iesp-727.mp4": lstat /Volumes/Expansion/all_mp4/iesp-727.mp4: no such file or directory 
[31mERRO[0m[2026-05-09 17:15:44] reading info for "/Volumes/Expansion/all_mp4/instv-598.mp4": lstat /Volumes/Expansion/all_mp4/instv-598.mp4: no such file or directory 
[31mERRO[0m[2026-05-09 17:15:44] reading info for "/Volumes/Expansion/all_mp4/ipx-990-2": lstat /Volumes/Expansion/all_mp4/ipx-990-2: no such file or directory 
[31mERRO[0m[2026-05-09 17:15:44] error scanning /Volumes/Expansion/all_mp4/ipx-990-2: open /Volumes/Expansion/all_mp4/ipx-990-2: no such file or directory 
[31mERRO[0m[2026-05-09 17:15:44] reading info for "/Volumes/Expansion/all_mp4/javsubs91@NHDTB-662.mp4": lstat /Volumes/Expansion/all_mp4/javsubs91@NHDTB-662.mp4: no such file or directory 
[31mERRO[0m[2026-05-09 17:15:44] reading info for "/Volumes/Expansion/all_mp4/jul-618.mp4": lstat /Volumes/Expansion/all_mp4/jul-618.mp4: no such file or directory 
[31mERRO[0m[2026-05-09 17:15:44] reading info for "/Volumes/Expansion/all_mp4/kam-162.mp4": lstat /Volumes/Expansion/all_mp4/kam-162.mp4: no such file or directory 
[31mERRO[0m[2026-05-09 17:15:44] reading info for "/Volumes/Expansion/all_mp4/kawd-885.mp4": lstat /Volumes/Expansion/all_mp4/kawd-885.mp4: no such file or directory 
[31mERRO[0m[2026-05-09 17:15:44] reading info for "/Volumes/Expansion/all_mp4/manko.fun.mp4": lstat /Volumes/Expansion/all_mp4/manko.fun.mp4: no such file or directory 
[31mERRO[0m[2026-05-09 17:15:44] reading info for "/Volumes/Expansion/all_mp4/miaa-002.mp4": lstat /Volumes/Expansion/all_mp4/miaa-002.mp4: no such file or directory 
[31mERRO[0m[2026-05-09 17:15:44] reading info for "/Volumes/Expansion/all_mp4/miaa-079.mp4": lstat /Volumes/Expansion/all_mp4/miaa-079.mp4: no such file or directory 
[31mERRO[0m[2026-05-09 17:15:44] reading info for "/Volumes/Expansion/all_mp4/miaa-137.mp4": lstat /Volumes/Expansion/all_mp4/miaa-137.mp4: no such file or directory 
[31mERRO[0m[2026-05-09 17:15:44] reading info for "/Volumes/Expansion/all_mp4/mide-278-u (2).mp4": lstat /Volumes/Expansion/all_mp4/mide-278-u (2).mp4: no such file or directory 
[31mERRO[0m[2026-05-09 17:15:44] reading info for "/Volumes/Expansion/all_mp4/mide-278-u.mp4": lstat /Volumes/Expansion/all_mp4/mide-278-u.mp4: no such file or directory 
[31mERRO[0m[2026-05-09 17:15:44] reading info for "/Volumes/Expansion/all_mp4/mide-647 (2).mp4": lstat /Volumes/Expansion/all_mp4/mide-647 (2).mp4: no such file or directory 
[31mERRO[0m[2026-05-09 17:15:44] reading info for "/Volumes/Expansion/all_mp4/mide-903.mp4": lstat /Volumes/Expansion/all_mp4/mide-903.mp4: no such file or directory 
[31mERRO[0m[2026-05-09 17:15:44] reading info for "/Volumes/Expansion/all_mp4/mide-908.mp4": lstat /Volumes/Expansion/all_mp4/mide-908.mp4: no such file or directory 
[31mERRO[0m[2026-05-09 17:15:44] reading info for "/Volumes/Expansion/all_mp4/mide-923.mp4": lstat /Volumes/Expansion/all_mp4/mide-923.mp4: no such file or directory 
[31mERRO[0m[2026-05-09 17:15:44] reading info for "/Volumes/Expansion/all_mp4/mide-924.mp4": lstat /Volumes/Expansion/all_mp4/mide-924.mp4: no such file or directory 
[31mERRO[0m[2026-05-09 17:15:44] reading info for "/Volumes/Expansion/all_mp4/mide-930.mp4": lstat /Volumes/Expansion/all_mp4/mide-930.mp4: no such file or directory 
[31mERRO[0m[2026-05-09 17:15:44] reading info for "/Volumes/Expansion/all_mp4/midv-033.mp4": lstat /Volumes/Expansion/all_mp4/midv-033.mp4: no such file or directory 
[31mERRO[0m[2026-05-09 17:15:44] reading info for "/Volumes/Expansion/all_mp4/midv-050.mp4": lstat /Volumes/Expansion/all_mp4/midv-050.mp4: no such file or directory 
[31mERRO[0m[2026-05-09 17:15:44] reading info for "/Volumes/Expansion/all_mp4/midv-164.mp4": lstat /Volumes/Expansion/all_mp4/midv-164.mp4: no such file or directory 
[31mERRO[0m[2026-05-09 17:15:44] reading info for "/Volumes/Expansion/all_mp4/midv-183.mp4": lstat /Volumes/Expansion/all_mp4/midv-183.mp4: no such file or directory 
[31mERRO[0m[2026-05-09 17:15:44] reading info for "/Volumes/Expansion/all_mp4/midv-188.mp4": lstat /Volumes/Expansion/all_mp4/midv-188.mp4: no such file or directory 
[31mERRO[0m[2026-05-09 17:15:44] reading info for "/Volumes/Expansion/all_mp4/midv-250.mp4": lstat /Volumes/Expansion/all_mp4/midv-250.mp4: no such file or directory 
[31mERRO[0m[2026-05-09 17:15:44] reading info for "/Volumes/Expansion/all_mp4/mifd-080-2": lstat /Volumes/Expansion/all_mp4/mifd-080-2: no such file or directory 
[31mERRO[0m[2026-05-09 17:15:44] error scanning /Volumes/Expansion/all_mp4/mifd-080-2: open /Volumes/Expansion/all_mp4/mifd-080-2: no such file or directory 
[31mERRO[0m[2026-05-09 17:15:44] reading info for "/Volumes/Expansion/all_mp4/milk-118.mp4": lstat /Volumes/Expansion/all_mp4/milk-118.mp4: no such file or directory 
[31mERRO[0m[2026-05-09 17:15:44] reading info for "/Volumes/Expansion/all_mp4/mism-271.mp4": lstat /Volumes/Expansion/all_mp4/mism-271.mp4: no such file or directory 
[31mERRO[0m[2026-05-09 17:15:44] reading info for "/Volumes/Expansion/all_mp4/mism-273.mp4": lstat /Volumes/Expansion/all_mp4/mism-273.mp4: no such file or directory 
[31mERRO[0m[2026-05-09 17:15:44] reading info for "/Volumes/Expansion/all_mp4/mmus-058.mp4": lstat /Volumes/Expansion/all_mp4/mmus-058.mp4: no such file or directory 
[31mERRO[0m[2026-05-09 17:15:44] reading info for "/Volumes/Expansion/all_mp4/mrss-136.mp4": lstat /Volumes/Expansion/all_mp4/mrss-136.mp4: no such file or directory 
[31mERRO[0m[2026-05-09 17:15:44] reading info for "/Volumes/Expansion/all_mp4/mudr-222.mp4": lstat /Volumes/Expansion/all_mp4/mudr-222.mp4: no such file or directory 
[31mERRO[0m[2026-05-09 17:15:44] reading info for "/Volumes/Expansion/all_mp4/mvsd-524.mp4": lstat /Volumes/Expansion/all_mp4/mvsd-524.mp4: no such file or directory 
[31mERRO[0m[2026-05-09 17:15:44] reading info for "/Volumes/Expansion/all_mp4/nhdtb-028.mp4.mp4": lstat /Volumes/Expansion/all_mp4/nhdtb-028.mp4.mp4: no such file or directory 
[31mERRO[0m[2026-05-09 17:15:44] reading info for "/Volumes/Expansion/all_mp4/nhdtb-095.mp4": lstat /Volumes/Expansion/all_mp4/nhdtb-095.mp4: no such file or directory 
[31mERRO[0m[2026-05-09 17:15:44] reading info for "/Volumes/Expansion/all_mp4/nhdtb-184.mp4": lstat /Volumes/Expansion/all_mp4/nhdtb-184.mp4: no such file or directory 
[31mERRO[0m[2026-05-09 17:15:44] reading info for "/Volumes/Expansion/all_mp4/nhdtb-204.mp4": lstat /Volumes/Expansion/all_mp4/nhdtb-204.mp4: no such file or directory 
[31mERRO[0m[2026-05-09 17:15:44] reading info for "/Volumes/Expansion/all_mp4/nhdtb-216.mp4": lstat /Volumes/Expansion/all_mp4/nhdtb-216.mp4: no such file or directory 
[31mERRO[0m[2026-05-09 17:15:44] reading info for "/Volumes/Expansion/all_mp4/nhdtb-244.mp4": lstat /Volumes/Expansion/all_mp4/nhdtb-244.mp4: no such file or directory 
[31mERRO[0m[2026-05-09 17:15:44] reading info for "/Volumes/Expansion/all_mp4/nhdtb-269.mp4": lstat /Volumes/Expansion/all_mp4/nhdtb-269.mp4: no such file or directory 
[31mERRO[0m[2026-05-09 17:15:44] reading info for "/Volumes/Expansion/all_mp4/nhdtb-326.mp4": lstat /Volumes/Expansion/all_mp4/nhdtb-326.mp4: no such file or directory 
[31mERRO[0m[2026-05-09 17:15:44] reading info for "/Volumes/Expansion/all_mp4/nhdtb-349 (2).mp4": lstat /Volumes/Expansion/all_mp4/nhdtb-349 (2).mp4: no such file or directory 
[31mERRO[0m[2026-05-09 17:15:44] reading info for "/Volumes/Expansion/all_mp4/nhdtb-352": lstat /Volumes/Expansion/all_mp4/nhdtb-352: no such file or directory 
[31mERRO[0m[2026-05-09 17:15:44] error scanning /Volumes/Expansion/all_mp4/nhdtb-352: open /Volumes/Expansion/all_mp4/nhdtb-352: no such file or directory 
[31mERRO[0m[2026-05-09 17:15:44] reading info for "/Volumes/Expansion/all_mp4/nhdtb-352 (2).mp4": lstat /Volumes/Expansion/all_mp4/nhdtb-352 (2).mp4: no such file or directory 
[31mERRO[0m[2026-05-09 17:15:44] reading info for "/Volumes/Expansion/all_mp4/nhdtb-352-2": lstat /Volumes/Expansion/all_mp4/nhdtb-352-2: no such file or directory 
[31mERRO[0m[2026-05-09 17:15:44] error scanning /Volumes/Expansion/all_mp4/nhdtb-352-2: open /Volumes/Expansion/all_mp4/nhdtb-352-2: no such file or directory 
[31mERRO[0m[2026-05-09 17:15:44] reading info for "/Volumes/Expansion/all_mp4/nhdtb-364.mp4": lstat /Volumes/Expansion/all_mp4/nhdtb-364.mp4: no such file or directory 
[31mERRO[0m[2026-05-09 17:15:44] reading info for "/Volumes/Expansion/all_mp4/nhdtb-372 (2).mp4": lstat /Volumes/Expansion/all_mp4/nhdtb-372 (2).mp4: no such file or directory 
[31mERRO[0m[2026-05-09 17:15:44] reading info for "/Volumes/Expansion/all_mp4/nhdtb-377 (2).mp4": lstat /Volumes/Expansion/all_mp4/nhdtb-377 (2).mp4: no such file or directory 
[31mERRO[0m[2026-05-09 17:15:44] reading info for "/Volumes/Expansion/all_mp4/nhdtb-394-4": lstat /Volumes/Expansion/all_mp4/nhdtb-394-4: no such file or directory 
[31mERRO[0m[2026-05-09 17:15:44] error scanning /Volumes/Expansion/all_mp4/nhdtb-394-4: open /Volumes/Expansion/all_mp4/nhdtb-394-4: no such file or directory 
[31mERRO[0m[2026-05-09 17:15:44] reading info for "/Volumes/Expansion/all_mp4/nhdtb-401 (2).mp4": lstat /Volumes/Expansion/all_mp4/nhdtb-401 (2).mp4: no such file or directory 
[31mERRO[0m[2026-05-09 17:15:44] reading info for "/Volumes/Expansion/all_mp4/nhdtb-407-1.mp4": lstat /Volumes/Expansion/all_mp4/nhdtb-407-1.mp4: no such file or directory 
[31mERRO[0m[2026-05-09 17:15:44] reading info for "/Volumes/Expansion/all_mp4/nhdtb-407-2.mp4": lstat /Volumes/Expansion/all_mp4/nhdtb-407-2.mp4: no such file or directory 
[31mERRO[0m[2026-05-09 17:15:44] reading info for "/Volumes/Expansion/all_mp4/nhdtb-414.mp4": lstat /Volumes/Expansion/all_mp4/nhdtb-414.mp4: no such file or directory 
[31mERRO[0m[2026-05-09 17:15:44] reading info for "/Volumes/Expansion/all_mp4/nhdtb-441.mp4": lstat /Volumes/Expansion/all_mp4/nhdtb-441.mp4: no such file or directory 
[31mERRO[0m[2026-05-09 17:15:44] reading info for "/Volumes/Expansion/all_mp4/nhdtb-481-ubw.mp4": lstat /Volumes/Expansion/all_mp4/nhdtb-481-ubw.mp4: no such file or directory 
[31mERRO[0m[2026-05-09 17:15:44] reading info for "/Volumes/Expansion/all_mp4/nhdtb-508.mp4": lstat /Volumes/Expansion/all_mp4/nhdtb-508.mp4: no such file or directory 
[31mERRO[0m[2026-05-09 17:15:44] reading info for "/Volumes/Expansion/all_mp4/nhdtb-533.mp4": lstat /Volumes/Expansion/all_mp4/nhdtb-533.mp4: no such file or directory 
[31mERRO[0m[2026-05-09 17:15:44] reading info for "/Volumes/Expansion/all_mp4/nhdtb-562.mp4": lstat /Volumes/Expansion/all_mp4/nhdtb-562.mp4: no such file or directory 
[31mERRO[0m[2026-05-09 17:15:44] reading info for "/Volumes/Expansion/all_mp4/nhdtb-564.mp4": lstat /Volumes/Expansion/all_mp4/nhdtb-564.mp4: no such file or directory 
[31mERRO[0m[2026-05-09 17:15:44] reading info for "/Volumes/Expansion/all_mp4/nhdtb-579": lstat /Volumes/Expansion/all_mp4/nhdtb-579: no such file or directory 
[31mERRO[0m[2026-05-09 17:15:44] error scanning /Volumes/Expansion/all_mp4/nhdtb-579: open /Volumes/Expansion/all_mp4/nhdtb-579: no such file or directory 
[31mERRO[0m[2026-05-09 17:15:44] reading info for "/Volumes/Expansion/all_mp4/nhdtb-579-1.mp4": lstat /Volumes/Expansion/all_mp4/nhdtb-579-1.mp4: no such file or directory 
[31mERRO[0m[2026-05-09 17:15:44] reading info for "/Volumes/Expansion/all_mp4/nhdtb-579-2.mp4": lstat /Volumes/Expansion/all_mp4/nhdtb-579-2.mp4: no such file or directory 
[31mERRO[0m[2026-05-09 17:15:44] reading info for "/Volumes/Expansion/all_mp4/nhdtb-617.mp4": lstat /Volumes/Expansion/all_mp4/nhdtb-617.mp4: no such file or directory 
[31mERRO[0m[2026-05-09 17:15:44] reading info for "/Volumes/Expansion/all_mp4/nhdtb-621.mp4": lstat /Volumes/Expansion/all_mp4/nhdtb-621.mp4: no such file or directory 
[31mERRO[0m[2026-05-09 17:15:44] reading info for "/Volumes/Expansion/all_mp4/nhdtb-629.mp4": lstat /Volumes/Expansion/all_mp4/nhdtb-629.mp4: no such file or directory 
[31mERRO[0m[2026-05-09 17:15:44] reading info for "/Volumes/Expansion/all_mp4/nhdtb-678.mp4": lstat /Volumes/Expansion/all_mp4/nhdtb-678.mp4: no such file or directory 
[31mERRO[0m[2026-05-09 17:15:44] reading info for "/Volumes/Expansion/all_mp4/nhdtb-705.mp4": lstat /Volumes/Expansion/all_mp4/nhdtb-705.mp4: no such file or directory 
[31mERRO[0m[2026-05-09 17:15:44] reading info for "/Volumes/Expansion/all_mp4/nhdtb-724.mp4": lstat /Volumes/Expansion/all_mp4/nhdtb-724.mp4: no such file or directory 
[31mERRO[0m[2026-05-09 17:15:44] reading info for "/Volumes/Expansion/all_mp4/nhdtb-744.mp4": lstat /Volumes/Expansion/all_mp4/nhdtb-744.mp4: no such file or directory 
[31mERRO[0m[2026-05-09 17:15:44] reading info for "/Volumes/Expansion/all_mp4/nhdtb-750.mp4": lstat /Volumes/Expansion/all_mp4/nhdtb-750.mp4: no such file or directory 
[31mERRO[0m[2026-05-09 17:15:44] reading info for "/Volumes/Expansion/all_mp4/nhdtb-767.mp4": lstat /Volumes/Expansion/all_mp4/nhdtb-767.mp4: no such file or directory 
[31mERRO[0m[2026-05-09 17:15:44] reading info for "/Volumes/Expansion/all_mp4/nhdtb-782.mp4": lstat /Volumes/Expansion/all_mp4/nhdtb-782.mp4: no such file or directory 
[31mERRO[0m[2026-05-09 17:15:44] reading info for "/Volumes/Expansion/all_mp4/nhdtb-809.mp4": lstat /Volumes/Expansion/all_mp4/nhdtb-809.mp4: no such file or directory 
[31mERRO[0m[2026-05-09 17:15:44] reading info for "/Volumes/Expansion/all_mp4/nhdtb-827.mp4": lstat /Volumes/Expansion/all_mp4/nhdtb-827.mp4: no such file or directory 
[31mERRO[0m[2026-05-09 17:15:44] reading info for "/Volumes/Expansion/all_mp4/nhdtb-835.mp4": lstat /Volumes/Expansion/all_mp4/nhdtb-835.mp4: no such file or directory 
[31mERRO[0m[2026-05-09 17:15:44] reading info for "/Volumes/Expansion/all_mp4/nhdtb-878.mp4": lstat /Volumes/Expansion/all_mp4/nhdtb-878.mp4: no such file or directory 
[31mERRO[0m[2026-05-09 17:15:44] reading info for "/Volumes/Expansion/all_mp4/nhdtb-91007.mp4": lstat /Volumes/Expansion/all_mp4/nhdtb-91007.mp4: no such file or directory 
[31mERRO[0m[2026-05-09 17:15:44] reading info for "/Volumes/Expansion/all_mp4/nhdtb-92301.mp4": lstat /Volumes/Expansion/all_mp4/nhdtb-92301.mp4: no such file or directory 
[31mERRO[0m[2026-05-09 17:15:44] reading info for "/Volumes/Expansion/all_mp4/nhdtb-96401.mp4": lstat /Volumes/Expansion/all_mp4/nhdtb-96401.mp4: no such file or directory 
[31mERRO[0m[2026-05-09 17:15:44] reading info for "/Volumes/Expansion/all_mp4/nhdtb-96402.mp4": lstat /Volumes/Expansion/all_mp4/nhdtb-96402.mp4: no such file or directory 
[31mERRO[0m[2026-05-09 17:15:44] reading info for "/Volumes/Expansion/all_mp4/nhdtb-96403.mp4": lstat /Volumes/Expansion/all_mp4/nhdtb-96403.mp4: no such file or directory 
[31mERRO[0m[2026-05-09 17:15:44] reading info for "/Volumes/Expansion/all_mp4/nhdtb-96404.mp4": lstat /Volumes/Expansion/all_mp4/nhdtb-96404.mp4: no such file or directory 
[31mERRO[0m[2026-05-09 17:15:44] reading info for "/Volumes/Expansion/all_mp4/nhdtb-96901.mp4": lstat /Volumes/Expansion/all_mp4/nhdtb-96901.mp4: no such file or directory 
[31mERRO[0m[2026-05-09 17:15:44] reading info for "/Volumes/Expansion/all_mp4/nhdtb-96902.mp4": lstat /Volumes/Expansion/all_mp4/nhdtb-96902.mp4: no such file or directory 
[31mERRO[0m[2026-05-09 17:15:44] reading info for "/Volumes/Expansion/all_mp4/nhdtb-97203.mp4": lstat /Volumes/Expansion/all_mp4/nhdtb-97203.mp4: no such file or directory 
[31mERRO[0m[2026-05-09 17:15:44] reading info for "/Volumes/Expansion/all_mp4/nhdtb-98301.mp4": lstat /Volumes/Expansion/all_mp4/nhdtb-98301.mp4: no such file or directory 
[31mERRO[0m[2026-05-09 17:15:44] reading info for "/Volumes/Expansion/all_mp4/nhdtb-98304.mp4": lstat /Volumes/Expansion/all_mp4/nhdtb-98304.mp4: no such file or directory 
[31mERRO[0m[2026-05-09 17:15:44] reading info for "/Volumes/Expansion/all_mp4/nhdtb-98305.mp4": lstat /Volumes/Expansion/all_mp4/nhdtb-98305.mp4: no such file or directory 
[31mERRO[0m[2026-05-09 17:15:44] reading info for "/Volumes/Expansion/all_mp4/nhdtc-801.mp4": lstat /Volumes/Expansion/all_mp4/nhdtc-801.mp4: no such file or directory 
[31mERRO[0m[2026-05-09 17:15:44] reading info for "/Volumes/Expansion/all_mp4/nhdtc-802.mp4": lstat /Volumes/Expansion/all_mp4/nhdtc-802.mp4: no such file or directory 
[31mERRO[0m[2026-05-09 17:15:44] reading info for "/Volumes/Expansion/all_mp4/nhdtc-804.mp4": lstat /Volumes/Expansion/all_mp4/nhdtc-804.mp4: no such file or directory 
[31mERRO[0m[2026-05-09 17:15:44] reading info for "/Volumes/Expansion/all_mp4/ofje-287-1.mp4": lstat /Volumes/Expansion/all_mp4/ofje-287-1.mp4: no such file or directory 
[31mERRO[0m[2026-05-09 17:15:44] reading info for "/Volumes/Expansion/all_mp4/ofje-287-2.mp4": lstat /Volumes/Expansion/all_mp4/ofje-287-2.mp4: no such file or directory 
[31mERRO[0m[2026-05-09 17:15:44] reading info for "/Volumes/Expansion/all_mp4/ofje-287-3.mp4": lstat /Volumes/Expansion/all_mp4/ofje-287-3.mp4: no such file or directory 
[31mERRO[0m[2026-05-09 17:15:44] reading info for "/Volumes/Expansion/all_mp4/ofje-287-4.mp4": lstat /Volumes/Expansion/all_mp4/ofje-287-4.mp4: no such file or directory 
[31mERRO[0m[2026-05-09 17:15:44] reading info for "/Volumes/Expansion/all_mp4/piyo-171.mp4": lstat /Volumes/Expansion/all_mp4/piyo-171.mp4: no such file or directory 
[31mERRO[0m[2026-05-09 17:15:44] reading info for "/Volumes/Expansion/all_mp4/pred-179-ub.mp4": lstat /Volumes/Expansion/all_mp4/pred-179-ub.mp4: no such file or directory 
[31mERRO[0m[2026-05-09 17:15:44] reading info for "/Volumes/Expansion/all_mp4/rct-625-ub.mp4": lstat /Volumes/Expansion/all_mp4/rct-625-ub.mp4: no such file or directory 
[31mERRO[0m[2026-05-09 17:15:44] reading info for "/Volumes/Expansion/all_mp4/sdab-291.mp4": lstat /Volumes/Expansion/all_mp4/sdab-291.mp4: no such file or directory 
[31mERRO[0m[2026-05-09 17:15:44] reading info for "/Volumes/Expansion/all_mp4/sdmm-114.mp4": lstat /Volumes/Expansion/all_mp4/sdmm-114.mp4: no such file or directory 
[31mERRO[0m[2026-05-09 17:15:44] reading info for "/Volumes/Expansion/all_mp4/sdmm-181.mp4": lstat /Volumes/Expansion/all_mp4/sdmm-181.mp4: no such file or directory 
[31mERRO[0m[2026-05-09 17:15:44] reading info for "/Volumes/Expansion/all_mp4/shkd-989.mp4": lstat /Volumes/Expansion/all_mp4/shkd-989.mp4: no such file or directory 
[31mERRO[0m[2026-05-09 17:15:44] reading info for "/Volumes/Expansion/all_mp4/shkd-995.mp4": lstat /Volumes/Expansion/all_mp4/shkd-995.mp4: no such file or directory 
[31mERRO[0m[2026-05-09 17:15:44] reading info for "/Volumes/Expansion/all_mp4/shn-081.mp4": lstat /Volumes/Expansion/all_mp4/shn-081.mp4: no such file or directory 
[31mERRO[0m[2026-05-09 17:15:44] reading info for "/Volumes/Expansion/all_mp4/snis-213-c-ub.mp4": lstat /Volumes/Expansion/all_mp4/snis-213-c-ub.mp4: no such file or directory 
[31mERRO[0m[2026-05-09 17:15:44] reading info for "/Volumes/Expansion/all_mp4/snis-339-u.mp4": lstat /Volumes/Expansion/all_mp4/snis-339-u.mp4: no such file or directory 
[31mERRO[0m[2026-05-09 17:15:44] reading info for "/Volumes/Expansion/all_mp4/snis-564.mp4": lstat /Volumes/Expansion/all_mp4/snis-564.mp4: no such file or directory 
[31mERRO[0m[2026-05-09 17:15:44] reading info for "/Volumes/Expansion/all_mp4/snis-674.mp4": lstat /Volumes/Expansion/all_mp4/snis-674.mp4: no such file or directory 
[31mERRO[0m[2026-05-09 17:15:44] reading info for "/Volumes/Expansion/all_mp4/snis-693.mp4": lstat /Volumes/Expansion/all_mp4/snis-693.mp4: no such file or directory 
[31mERRO[0m[2026-05-09 17:15:44] reading info for "/Volumes/Expansion/all_mp4/snis-753.mp4": lstat /Volumes/Expansion/all_mp4/snis-753.mp4: no such file or directory 
[31mERRO[0m[2026-05-09 17:15:44] reading info for "/Volumes/Expansion/all_mp4/snis-819.mp4": lstat /Volumes/Expansion/all_mp4/snis-819.mp4: no such file or directory 
[31mERRO[0m[2026-05-09 17:15:44] reading info for "/Volumes/Expansion/all_mp4/snis-826.mp4": lstat /Volumes/Expansion/all_mp4/snis-826.mp4: no such file or directory 
[31mERRO[0m[2026-05-09 17:15:44] reading info for "/Volumes/Expansion/all_mp4/snis-887.mp4": lstat /Volumes/Expansion/all_mp4/snis-887.mp4: no such file or directory 
[31mERRO[0m[2026-05-09 17:15:44] reading info for "/Volumes/Expansion/all_mp4/snis-900.mp4": lstat /Volumes/Expansion/all_mp4/snis-900.mp4: no such file or directory 
[31mERRO[0m[2026-05-09 17:15:44] reading info for "/Volumes/Expansion/all_mp4/snis-966.mp4": lstat /Volumes/Expansion/all_mp4/snis-966.mp4: no such file or directory 
[31mERRO[0m[2026-05-09 17:15:44] reading info for "/Volumes/Expansion/all_mp4/soan-082.mp4": lstat /Volumes/Expansion/all_mp4/soan-082.mp4: no such file or directory 
[31mERRO[0m[2026-05-09 17:15:44] reading info for "/Volumes/Expansion/all_mp4/soan-087.mp4": lstat /Volumes/Expansion/all_mp4/soan-087.mp4: no such file or directory 
[31mERRO[0m[2026-05-09 17:15:44] reading info for "/Volumes/Expansion/all_mp4/soan-089.mp4": lstat /Volumes/Expansion/all_mp4/soan-089.mp4: no such file or directory 
[31mERRO[0m[2026-05-09 17:15:44] reading info for "/Volumes/Expansion/all_mp4/soav-085.mp4": lstat /Volumes/Expansion/all_mp4/soav-085.mp4: no such file or directory 
[31mERRO[0m[2026-05-09 17:15:44] reading info for "/Volumes/Expansion/all_mp4/sone-616.mp4": lstat /Volumes/Expansion/all_mp4/sone-616.mp4: no such file or directory 
[31mERRO[0m[2026-05-09 17:15:44] reading info for "/Volumes/Expansion/all_mp4/ssis-127-ub.mp4": lstat /Volumes/Expansion/all_mp4/ssis-127-ub.mp4: no such file or directory 
[31mERRO[0m[2026-05-09 17:15:44] reading info for "/Volumes/Expansion/all_mp4/ssis-279-ub.mp4": lstat /Volumes/Expansion/all_mp4/ssis-279-ub.mp4: no such file or directory 
[31mERRO[0m[2026-05-09 17:15:44] reading info for "/Volumes/Expansion/all_mp4/ssis-386-ub.mp4": lstat /Volumes/Expansion/all_mp4/ssis-386-ub.mp4: no such file or directory 
[31mERRO[0m[2026-05-09 17:15:44] reading info for "/Volumes/Expansion/all_mp4/ssis-533-ub.mp4": lstat /Volumes/Expansion/all_mp4/ssis-533-ub.mp4: no such file or directory 
[31mERRO[0m[2026-05-09 17:15:44] reading info for "/Volumes/Expansion/all_mp4/ssni-024.mp4": lstat /Volumes/Expansion/all_mp4/ssni-024.mp4: no such file or directory 
[31mERRO[0m[2026-05-09 17:15:44] reading info for "/Volumes/Expansion/all_mp4/ssni-147.mp4": lstat /Volumes/Expansion/all_mp4/ssni-147.mp4: no such file or directory 
[31mERRO[0m[2026-05-09 17:15:44] reading info for "/Volumes/Expansion/all_mp4/ssni-172.mp4": lstat /Volumes/Expansion/all_mp4/ssni-172.mp4: no such file or directory 
[31mERRO[0m[2026-05-09 17:15:44] reading info for "/Volumes/Expansion/all_mp4/ssni-251.mp4": lstat /Volumes/Expansion/all_mp4/ssni-251.mp4: no such file or directory 
[31mERRO[0m[2026-05-09 17:15:44] reading info for "/Volumes/Expansion/all_mp4/ssni-286.mp4": lstat /Volumes/Expansion/all_mp4/ssni-286.mp4: no such file or directory 
[31mERRO[0m[2026-05-09 17:15:44] reading info for "/Volumes/Expansion/all_mp4/ssni-339.mp4": lstat /Volumes/Expansion/all_mp4/ssni-339.mp4: no such file or directory 
[31mERRO[0m[2026-05-09 17:15:44] reading info for "/Volumes/Expansion/all_mp4/ssni-463-ub.mp4": lstat /Volumes/Expansion/all_mp4/ssni-463-ub.mp4: no such file or directory 
[31mERRO[0m[2026-05-09 17:15:44] reading info for "/Volumes/Expansion/all_mp4/suji-171.mp4": lstat /Volumes/Expansion/all_mp4/suji-171.mp4: no such file or directory 
[31mERRO[0m[2026-05-09 17:15:44] reading info for "/Volumes/Expansion/all_mp4/supjav.com@cawd-129-ub.mp4": lstat /Volumes/Expansion/all_mp4/supjav.com@cawd-129-ub.mp4: no such file or directory 
[31mERRO[0m[2026-05-09 17:15:44] reading info for "/Volumes/Expansion/all_mp4/supjav.com@cawd-179-ub.mp4": lstat /Volumes/Expansion/all_mp4/supjav.com@cawd-179-ub.mp4: no such file or directory 
[31mERRO[0m[2026-05-09 17:15:44] reading info for "/Volumes/Expansion/all_mp4/supjav.com@cawd-315-ub.mp4": lstat /Volumes/Expansion/all_mp4/supjav.com@cawd-315-ub.mp4: no such file or directory 
[31mERRO[0m[2026-05-09 17:15:44] reading info for "/Volumes/Expansion/all_mp4/supjav.com@dasd-877-u.mp4": lstat /Volumes/Expansion/all_mp4/supjav.com@dasd-877-u.mp4: no such file or directory 
[31mERRO[0m[2026-05-09 17:15:44] reading info for "/Volumes/Expansion/all_mp4/supjav.com@hnd-534-ub.mp4": lstat /Volumes/Expansion/all_mp4/supjav.com@hnd-534-ub.mp4: no such file or directory 
[31mERRO[0m[2026-05-09 17:15:44] reading info for "/Volumes/Expansion/all_mp4/supjav.com@hnd-634-ub.mp4": lstat /Volumes/Expansion/all_mp4/supjav.com@hnd-634-ub.mp4: no such file or directory 
[31mERRO[0m[2026-05-09 17:15:44] reading info for "/Volumes/Expansion/all_mp4/supjav.com@hnd-666-ub.mp4": lstat /Volumes/Expansion/all_mp4/supjav.com@hnd-666-ub.mp4: no such file or directory 
[31mERRO[0m[2026-05-09 17:15:44] reading info for "/Volumes/Expansion/all_mp4/supjav.com@ipx-828-ub.mp4": lstat /Volumes/Expansion/all_mp4/supjav.com@ipx-828-ub.mp4: no such file or directory 
[31mERRO[0m[2026-05-09 17:15:44] reading info for "/Volumes/Expansion/all_mp4/supjav.com@meyd-388-ub.mp4": lstat /Volumes/Expansion/all_mp4/supjav.com@meyd-388-ub.mp4: no such file or directory 
[31mERRO[0m[2026-05-09 17:15:44] reading info for "/Volumes/Expansion/all_mp4/supjav.com@midv-506-ub.mp4": lstat /Volumes/Expansion/all_mp4/supjav.com@midv-506-ub.mp4: no such file or directory 
[31mERRO[0m[2026-05-09 17:15:44] reading info for "/Volumes/Expansion/all_mp4/supjav.com@pppe-181-ub.mp4": lstat /Volumes/Expansion/all_mp4/supjav.com@pppe-181-ub.mp4: no such file or directory 
[31mERRO[0m[2026-05-09 17:15:44] reading info for "/Volumes/Expansion/all_mp4/supjav.com@pppe-196-ub.mp4": lstat /Volumes/Expansion/all_mp4/supjav.com@pppe-196-ub.mp4: no such file or directory 
[31mERRO[0m[2026-05-09 17:15:44] reading info for "/Volumes/Expansion/all_mp4/supjav.com@pred-307-ub.mp4": lstat /Volumes/Expansion/all_mp4/supjav.com@pred-307-ub.mp4: no such file or directory 
[31mERRO[0m[2026-05-09 17:15:44] reading info for "/Volumes/Expansion/all_mp4/supjav.com@shkd-854-ub.mp4": lstat /Volumes/Expansion/all_mp4/supjav.com@shkd-854-ub.mp4: no such file or directory 
[31mERRO[0m[2026-05-09 17:15:44] reading info for "/Volumes/Expansion/all_mp4/supjav.com@ssis-687-ub.mp4": lstat /Volumes/Expansion/all_mp4/supjav.com@ssis-687-ub.mp4: no such file or directory 
[31mERRO[0m[2026-05-09 17:15:44] reading info for "/Volumes/Expansion/all_mp4/supjav.com@ssis-898-ub.mp4": lstat /Volumes/Expansion/all_mp4/supjav.com@ssis-898-ub.mp4: no such file or directory 
[31mERRO[0m[2026-05-09 17:15:44] reading info for "/Volumes/Expansion/all_mp4/supjav.com_midv-459-ub.mp4": lstat /Volumes/Expansion/all_mp4/supjav.com_midv-459-ub.mp4: no such file or directory 
[31mERRO[0m[2026-05-09 17:15:44] reading info for "/Volumes/Expansion/all_mp4/supjav.com_mimk-138-ub.mp4": lstat /Volumes/Expansion/all_mp4/supjav.com_mimk-138-ub.mp4: no such file or directory 
[31mERRO[0m[2026-05-09 17:15:44] reading info for "/Volumes/Expansion/all_mp4/supjav.com_ssis-914-ub.mp4": lstat /Volumes/Expansion/all_mp4/supjav.com_ssis-914-ub.mp4: no such file or directory 
[31mERRO[0m[2026-05-09 17:15:44] reading info for "/Volumes/Expansion/all_mp4/svdvd-554.mp4": lstat /Volumes/Expansion/all_mp4/svdvd-554.mp4: no such file or directory 
[31mERRO[0m[2026-05-09 17:15:44] reading info for "/Volumes/Expansion/all_mp4/svdvd-862.mp4": lstat /Volumes/Expansion/all_mp4/svdvd-862.mp4: no such file or directory 
[31mERRO[0m[2026-05-09 17:15:44] reading info for "/Volumes/Expansion/all_mp4/svoks-122.mp4": lstat /Volumes/Expansion/all_mp4/svoks-122.mp4: no such file or directory 
[31mERRO[0m[2026-05-09 17:15:44] reading info for "/Volumes/Expansion/all_mp4/svoks-143.mp4": lstat /Volumes/Expansion/all_mp4/svoks-143.mp4: no such file or directory 
[31mERRO[0m[2026-05-09 17:15:44] reading info for "/Volumes/Expansion/all_mp4/team-065.mp4": lstat /Volumes/Expansion/all_mp4/team-065.mp4: no such file or directory 
[31mERRO[0m[2026-05-09 17:15:44] reading info for "/Volumes/Expansion/all_mp4/team-074.mp4": lstat /Volumes/Expansion/all_mp4/team-074.mp4: no such file or directory 
[31mERRO[0m[2026-05-09 17:15:44] reading info for "/Volumes/Expansion/all_mp4/team-079.mp4": lstat /Volumes/Expansion/all_mp4/team-079.mp4: no such file or directory 
[31mERRO[0m[2026-05-09 17:15:44] reading info for "/Volumes/Expansion/all_mp4/team-097 (2).mp4": lstat /Volumes/Expansion/all_mp4/team-097 (2).mp4: no such file or directory 
[31mERRO[0m[2026-05-09 17:15:44] reading info for "/Volumes/Expansion/all_mp4/team-097.mp4": lstat /Volumes/Expansion/all_mp4/team-097.mp4: no such file or directory 
[31mERRO[0m[2026-05-09 17:15:44] reading info for "/Volumes/Expansion/all_mp4/team-102-ub.mp4": lstat /Volumes/Expansion/all_mp4/team-102-ub.mp4: no such file or directory 
[31mERRO[0m[2026-05-09 17:15:44] reading info for "/Volumes/Expansion/all_mp4/test_trigger.mp4": lstat /Volumes/Expansion/all_mp4/test_trigger.mp4: no such file or directory 
[31mERRO[0m[2026-05-09 17:15:44] reading info for "/Volumes/Expansion/all_mp4/totte-226.mp4": lstat /Volumes/Expansion/all_mp4/totte-226.mp4: no such file or directory 
[31mERRO[0m[2026-05-09 17:15:44] reading info for "/Volumes/Expansion/all_mp4/totte-228.mp4": lstat /Volumes/Expansion/all_mp4/totte-228.mp4: no such file or directory 
[31mERRO[0m[2026-05-09 17:15:44] reading info for "/Volumes/Expansion/all_mp4/vec-307.mp4": lstat /Volumes/Expansion/all_mp4/vec-307.mp4: no such file or directory 
[31mERRO[0m[2026-05-09 17:15:44] reading info for "/Volumes/Expansion/all_mp4/xxfhd.com_原版首发_MIAA-211.mp4": lstat /Volumes/Expansion/all_mp4/xxfhd.com_原版首发_MIAA-211.mp4: no such file or directory 
[31mERRO[0m[2026-05-09 17:15:44] reading info for "/Volumes/Expansion/all_mp4/巨乳少女羞恥電車3 発育した胸を変態性癖で汚しまくれ！ 玩具イカセ長身娘.mp4": lstat /Volumes/Expansion/all_mp4/巨乳少女羞恥電車3 発育した胸を変態性癖で汚しまくれ！ 玩具イカセ長身娘.mp4: no such file or directory 
[31mERRO[0m[2026-05-09 17:15:44] reading info for "/Volumes/Expansion/all_mp4/敏感（恥）巨乳痴●2023 推定Eカップ_色白転校生.mp4": lstat /Volumes/Expansion/all_mp4/敏感（恥）巨乳痴●2023 推定Eカップ_色白転校生.mp4: no such file or directory 
[31mERRO[0m[2026-05-09 17:15:44] reading info for "/Volumes/Expansion/all_mp4/通学路線から自宅まで追いかけ回して痴○眠○ナマ中出し【完全盗撮】 （パンチラ盗撮・痴○レ×プ・自宅侵入・昏●パーツ接写・半覚醒夜×い）（CLUB-817）.mp4": lstat /Volumes/Expansion/all_mp4/通学路線から自宅まで追いかけ回して痴○眠○ナマ中出し【完全盗撮】 （パンチラ盗撮・痴○レ×プ・自宅侵入・昏●パーツ接写・半覚醒夜×い）（CLUB-817）.mp4: no such file or directory 
[36mINFO[0m[2026-05-09 17:15:44] Finished adding files to queue. 597 files queued 
[31mERRO[0m[2026-05-09 17:15:44] error generating sprite: ffmpeg command produced no output: <-v error -y -err_detect ignore_err -ss 207.38436237037035 -i /Volumes/Expansion/all_mp4/ANNA TAKEUCHI - THE BEST DRAMAS TOUR (2024.12.15 Zepp Shinjuku -TOKYO-) 2025-08-08 1252 [TubeRipper.com].mp4 -frames:v 1 -vf scale=160:-2 -c:v bmp -f rawvideo -> 
[31mERRO[0m[2026-05-09 17:15:44] error statting file </Volumes/Expansion/all_mp4/VAGU-280.mp4>: stat /Volumes/Expansion/all_mp4/VAGU-280.mp4: no such file or directory 
[31mERRO[0m[2026-05-09 17:15:44] error processing "/Volumes/Expansion/all_mp4/VAGU-280.mp4": running ffprobe on "/Volumes/Expansion/all_mp4/VAGU-280.mp4": error statting file </Volumes/Expansion/all_mp4/VAGU-280.mp4>: stat /Volumes/Expansion/all_mp4/VAGU-280.mp4: no such file or directory 
[31mERRO[0m[2026-05-09 17:15:44] error reading video file: FFProbe encountered an error with </Volumes/Expansion/all_mp4/IPZZ-556/hhd800.com@IPZZ-556.mp4>.
Error JSON:
{
    "error": {
        "code": -2,
        "string": "No such file or directory"
    }
}

Error: exit status 1 
[31mERRO[0m[2026-05-09 17:15:44] error reading video file: FFProbe encountered an error with </Volumes/Expansion/all_mp4/NHDTB-394.mp4>.
Error JSON:
{
    "error": {
        "code": -2,
        "string": "No such file or directory"
    }
}

Error: exit status 1 
[31mERRO[0m[2026-05-09 17:15:44] error reading video file: FFProbe encountered an error with </Volumes/Expansion/all_mp4/SDMM-14005.mp4>.
Error JSON:
{
    "error": {
        "code": -2,
        "string": "No such file or directory"
    }
}

Error: exit status 1 
[31mERRO[0m[2026-05-09 17:15:44] error reading video file: FFProbe encountered an error with </Volumes/Expansion/all_mp4/SHKD-921.mp4>.
Error JSON:
{
    "error": {
        "code": -2,
        "string": "No such file or directory"
    }
}

Error: exit status 1 
[31mERRO[0m[2026-05-09 17:15:44] error reading video file: FFProbe encountered an error with </Volumes/Expansion/all_mp4/SHKD-921.mp4>.
Error JSON:
{
    "error": {
        "code": -2,
        "string": "No such file or directory"
    }
}

Error: exit status 1 
[31mERRO[0m[2026-05-09 17:15:45] error reading video file: FFProbe encountered an error with </Volumes/Expansion/all_mp4/SONE-714/hhd800.com@SONE-714.mp4>.
Error JSON:
{
    "error": {
        "code": -2,
        "string": "No such file or directory"
    }
}

Error: exit status 1 
[31mERRO[0m[2026-05-09 17:15:45] error reading video file: FFProbe encountered an error with </Volumes/Expansion/all_mp4/SONE-836/hhd800.com@SONE-836.mp4>.
Error JSON:
{
    "error": {
        "code": -2,
        "string": "No such file or directory"
    }
}

Error: exit status 1 
[36mINFO[0m[2026-05-09 17:15:45] Scan finished (1m43.928470416s)              
[36mINFO[0m[2026-05-09 17:15:45] Startup sequence: Starting Identify...       
[36mINFO[0m[2026-05-09 17:15:46] stash-box: no fingerprint match, trying title search: Super Exclusive Dating Club Where You Can Spend Until Morning With Umi Hakkake! | Super exclusive dating club where you can spend until morning with Umi Hakkake! 
[36mINFO[0m[2026-05-09 17:15:47] stash-box: no fingerprint match, trying title search: Miniska Raw Leg Shame 9 Turn Up Your Short Skirt And Fuck Her From The Back! | ミニスカ生足羞恥9 短いスカートをめくってバックからやりまくれ! 
[36mINFO[0m[2026-05-09 17:15:48] Successfully identified /Volumes/Expansion/all_mp4/DASS-798/hhd800.com@DASS-798.mp4 as 痴姦豚の寸止めリモバイ調教に発情野外べろチュー 所構わず膝ガクガク小鹿アクメって自ら求める中出し堕ち性交 天羽りりか using stash-box: https://javstash.org/graphql 
[36mINFO[0m[2026-05-09 17:15:48] Successfully identified /Volumes/Expansion/all_mp4/NHDTB-609/hhd800.com@NHDTB-609.mp4 as カフェ娘連鎖痴漢3 営業中の店内でイキ堕ちた言いなり店員を利用する数珠つなぎ痴漢計画 using stash-box: https://javstash.org/graphql 
[36mINFO[0m[2026-05-09 17:15:48] Successfully identified /Volumes/Expansion/all_mp4/SONE-714/hhd800.com@SONE-714.mp4 as グラビア芸能人デカチン子宮絶頂 膣奥を解きほぐされて壊れたポルチオ大乱交 金松季歩 using stash-box: https://javstash.org/graphql 
[36mINFO[0m[2026-05-09 17:15:48] Successfully identified /Volumes/Expansion/all_mp4/REAL-965/._hhd800.com@REAL-965.mp4 as S1豪華絢爛ドリーム大共演2019 ファン感謝祭!大大大乱交!夢のハーレムソープ!超豪華3本立て伝説の270分 using stash-box: https://javstash.org/graphql 
[36mINFO[0m[2026-05-09 17:15:48] Refined JAV title for scene 224: Ekiben Nakadashi Shame: Sassy Girls Gunged All Over The Place | 生意気女子をガン突きまくる駅弁中出し羞恥 
[36mINFO[0m[2026-05-09 17:15:50] Successfully identified /Volumes/Expansion/all_mp4/NHDTC-143/hhd800.com@NHDTC-143.mp4 as 巨乳少女羞恥電車3 発育した胸を変態性癖で汚しまくれ! using stash-box: https://javstash.org/graphql 
[36mINFO[0m[2026-05-09 17:15:50] Refined JAV title for scene 157: A Student On Her Way To School Who Has Fallen Completely Into The Hands Of A Group Of Perverts, Meisa Nishimoto | 痴漢集団に完堕ちした通学中の女子〇生 西元めいさ 
[36mINFO[0m[2026-05-09 17:15:50] Successfully identified /Volumes/Expansion/all_mp4/PIYO-229/hhd800.com@PIYO-229.mp4 as 絶対に感じてはいけない状況で…未成熟な膣内を大きな指でドリルのようにかき回され強制開発されたチビっこひよこ女子 その2 using stash-box: https://javstash.org/graphql 
[36mINFO[0m[2026-05-09 17:15:53] Refined JAV title for scene 230: Every Time My Wife Calls, I Discipline My Cocky Stepdaughter By Repeatedly Cumming Inside Her.4 | 嫁が電話するたび生意気な連れ子に何度も中出しして躾けています。4 
[36mINFO[0m[2026-05-09 17:15:53] Successfully identified /Volumes/Expansion/all_mp4/SONE-836/hhd800.com@SONE-836.mp4 as 童貞君の成績と射精を徹底管理してくれる ほんわか家庭教師の超優しい筆おろしレクチャー 三田真鈴 using stash-box: https://javstash.org/graphql 
[36mINFO[0m[2026-05-09 17:15:53] Successfully identified /Volumes/Expansion/all_mp4/NHDTC-158/hhd800.com@NHDTC-158.mp4 as 連射電車2 ちっちゃい女の子を独占して精子が尽きるまで何発も射精したい using stash-box: https://javstash.org/graphql 
[36mINFO[0m[2026-05-09 17:15:54] stash-box: no fingerprint match, trying title search: I Could Not Resist The Temptation Of A Student Who Nakedly Invites Me To Join Him While My Wife Is Pregnant. Miyu Oguri | ADN-576 
[36mINFO[0m[2026-05-09 17:15:54] Refined JAV title for scene 336: Nichu-Chutan 12 Increased SP | 生中集団12 増量SP 
[36mINFO[0m[2026-05-09 17:15:54] Successfully identified /Volumes/Expansion/all_mp4/SONE-958/hhd800.com@SONE-958.mp4 as アイドル級J○の万引き常習犯を捕まえた店長の俺！さてこの後、どうしてヤロウか…脅・迫・生活指導レ○プ 渚あいり using stash-box: https://javstash.org/graphql 
[36mINFO[0m[2026-05-09 17:15:55] Successfully identified /Volumes/Expansion/all_mp4/NHDTC-163/hhd800.com@NHDTC-163.mp4 as 電車の中でインナーを抜き取られ透け巨乳を見られる羞恥で抵抗できないシアーシャツ女子3 using stash-box: https://javstash.org/graphql 
[36mINFO[0m[2026-05-09 17:15:56] stash-box: no fingerprint match, trying title search: Short Pants Suit Thighs X Thighs | Short pants suit thighs x thighs 
[36mINFO[0m[2026-05-09 17:15:56] Successfully identified /Volumes/Expansion/all_mp4/NHDTC-184/hhd800.com@NHDTC-184.mp4 as 図書館で声も出せず糸引くほど愛液が溢れ出す敏感娘スペシャル 全裸業務で拒めない地味カワ司書に大量ぶっかけ中出し using stash-box: https://javstash.org/graphql 
[36mINFO[0m[2026-05-09 17:15:56] Refined JAV title for scene 381: Short-cut Pure Girl Who Grabs A Girl By The Hair And Gets Penetrated By A Gun In The Back And Comes With A Goofy Look On Her Face 3 | 髪わし掴みバックでガン突かれアヘ顔でイキまくるショートカット純粋女子3 
[36mINFO[0m[2026-05-09 17:15:57] Successfully identified /Volumes/Expansion/all_mp4/FNS-174/hhd800.com@FNS-174.mp4 as 真面目で大人しい教え子のエスカレートするパンチラ誘惑に負けて放課後ラブホで 滅茶苦茶セックスした…。 生田さな using stash-box: https://javstash.org/graphql 
[36mINFO[0m[2026-05-09 17:15:57] Successfully identified /Volumes/Expansion/all_mp4/MVSD-663/hhd800.com@MVSD-663.mp4 as ゴミ屋敷 引きこもり 性欲異常おじさんの 性処理訪問介助 無垢な美少女と理性を失った叔父さんの唾液とザーメンまみれの変態的ドロドロ種付け性交 花守夏歩 using stash-box: https://javstash.org/graphql 
[36mINFO[0m[2026-05-09 17:15:57] stash-box: no fingerprint match, trying title search: My Stepfather Started Raping Me That Day Because My Mother Got Pregnant And Could No Longer Have Sex With Me, And Even Got Me Pregnant. Miyu Oguri | SAME-093 
[36mINFO[0m[2026-05-09 17:15:57] Successfully identified /Volumes/Expansion/all_mp4/SONE-804/hhd800.com@SONE-804.mp4 as 大好きだった義父からの性虐●に矛盾イキを覚えた女学生の私　心が張り裂け、マ●コは濡れる… using stash-box: https://javstash.org/graphql 
[36mINFO[0m[2026-05-09 17:15:58] Successfully identified /Volumes/Expansion/all_mp4/akdld-326/akdld-326.mp4 as パンツに擦るだけといって布越し挿入したら彼女の妹が発情してきた using stash-box: https://javstash.org/graphql 
[36mINFO[0m[2026-05-09 17:15:58] Successfully identified /Volumes/Expansion/all_mp4/NHDTC-185/hhd800.com@NHDTC-185.mp4 as 粘着イカセ電車2 延々とクリを弄られ濃蜜を垂らすトロマン女 using stash-box: https://javstash.org/graphql 
[36mINFO[0m[2026-05-09 17:15:58] Refined JAV title for scene 366: I Couldn't Resist And Molested A College Student Who Looked Like A Female Announcer...she Was More Captivated By My Technique Than Her Boyfriend. Hana Kuraki | 女子アナみたいな女子大生を我慢できずにメチャクチャ痴漢してやったら…彼氏よりも俺のテクの虜に。 
[36mINFO[0m[2026-05-09 17:15:59] Successfully identified /Volumes/Expansion/all_mp4/CAWD-640/hhd800.com@CAWD-640.mp4 as 人気絶頂ロリアイドルに似ているばっかりに痛ファンに身代りレ×プされ続け肉オナホにされる人生を受け入れたワタシ… 日向なつ using stash-box: https://javstash.org/graphql 
[36mINFO[0m[2026-05-09 17:15:59] stash-box: no fingerprint match, trying title search: An Ekiben Position Creampie J* Slut 4 A School-Wide Aerial Orgasmic Special - In The Library, In The Classroom, In The Bathrooms, In The P.E. Storeroom - 12 Girls, Cums With Highlights 2-Disc Set Deluxe Edition | 駅弁中出しJ○痴漢4 学校内で空中絶頂しまくりSP 〜図書館、教室、トイレ、体育倉庫〜 総勢12名総集編付き2枚組 豪華版 
[36mINFO[0m[2026-05-09 17:16:00] Successfully identified /Volumes/Expansion/all_mp4/NHDTC-186/hhd800.com@NHDTC-186.mp4 as 対面羞恥で何度もイカされ糸が引くほど舌を絡ませるベロキス発情娘7 女子〇生限定Ver. using stash-box: https://javstash.org/graphql 
[36mINFO[0m[2026-05-09 17:16:00] Refined JAV title for scene 101: A Day In Which She Was Unable To Return Home After Searching For The Baseball Team's Training Camp And Had To Share A Room With Her Advisor, And Got A Lot Of Cum Inside Her Even Though She Had A Boyfriend. | 野球部の合宿地探しで帰れなくなって顧問と相部屋になり彼氏がいるのに中出しされまくった一日 奏音かのん 
[36mINFO[0m[2026-05-09 17:16:01] stash-box: no fingerprint match, trying title search: Hikage Yoda, Human Resources Department, First AV Appearance | 人事部 与田ひかげ 初AV出演 
[36mINFO[0m[2026-05-09 17:16:01] Successfully identified /Volumes/Expansion/all_mp4/NMSL-001/hhd800.com@NMSL-001.mp4 as 贖罪 本当にごめんなさい そんなつもりじゃ… 勘違いでSNS上に拡散され全てを失った男による報復…負の連鎖に堕ちていく巨乳女子〇生 結月りあ using stash-box: https://javstash.org/graphql 
[36mINFO[0m[2026-05-09 17:16:02] Successfully identified /Volumes/Expansion/all_mp4/HODV-22019/hhd800.com@HODV-22019.mp4 as 限界突破のシコられ願望!!!人妻の尻誘惑 沙月ふみの using stash-box: https://javstash.org/graphql 
[36mINFO[0m[2026-05-09 17:16:02] Refined JAV title for scene 298: Married Woman's Home Salon - Young Married Esthetician Who Fell For The Dirty Big Cock Of The Bottom-feeding Scum Neighbor - Yuki Takeuchi | 人妻自宅サロン 底辺クズ隣人の汚らわしいデカマラに堕ちた若妻エステティシャン 
[36mINFO[0m[2026-05-09 17:16:04] Refined JAV title for scene 451: A Neat And Innocent Female Student Who Was Impregnated By A Middle-aged Man In A Neighbor's Garbage Room Who Sprayed Him With A Foul-smelling Cum And Impregnated Him With 52 Rounds Of Cumshot Without Pulling Out... Haru Aoba | 隣人のゴミ部屋で異臭中年おやじにドブ臭ザーメンぶっかけで汚され抜かずの連撃中出し52発で孕まされた清楚な女子●生の末路… 
[36mINFO[0m[2026-05-09 17:16:06] Successfully identified /Volumes/Expansion/all_mp4/PIYO-185/hhd800.com@PIYO-185.mp4 as ひよこ、マジックミラー号初乗車！女子校生のスリムな桃尻に顔面す～っぽり！生まれて初めての顔面（圧迫）騎乗体験で恥じらい美少女が大大大失禁イキ！ using stash-box: https://javstash.org/graphql 
[36mINFO[0m[2026-05-09 17:16:06] Refined JAV title for scene 174: An Ekiben Position Creampie J* Slut 4 A School-Wide Aerial Orgasmic Special - In The Library, In The Classroom, In The Bathrooms, In The P.E. Storeroom - 12 Girls, Cums With Highlights 2-Disc Set Deluxe Edition | 駅弁中出しJ○痴漢4 学校内で空中絶頂しまくりSP 〜図書館、教室、トイレ、体育倉庫〜 総勢12名総集編付き2枚組 豪華版 
[36mINFO[0m[2026-05-09 17:16:07] stash-box: no fingerprint match, trying title search: A Target For Sex. 11th On The List. Hina Tachibana | SHKD-996 
[36mINFO[0m[2026-05-09 17:16:07] Successfully identified /Volumes/Expansion/all_mp4/SNOS-036/hhd800.com@SNOS-036.mp4 as 無口で大人しい女生徒になら何しても許してくれるっしょ。教師の俺は陰キャ可愛い図書委員を犯●てイカせまくった。 using stash-box: https://javstash.org/graphql 
[36mINFO[0m[2026-05-09 17:16:08] Refined JAV title for scene 453: 'Would You Mind Showing Us A Picture You Took In Private?' Aunt CA Who Pretends To Make A Mistake And Blushes By Showing A Penis Picture Is Not Averse To Having Her Erect Penis Displayed In Front Of Her Eyes VOL.3 | 「内緒で撮った画像を見せていただけませんか?」間違えたフリしてチ○ポ画像を見せて赤面するおばさんCAは目の前で勃起チ〇ポを見せつけられても嫌じゃないVOL.3 
[36mINFO[0m[2026-05-09 17:16:09] Successfully identified /Volumes/Expansion/all_mp4/IPX-990/hhd800.com@IPX-990.mp4 as ロングスカートの中で旦那の同僚をこっそり逆NTR バレたら終わるドキドキ連続エッチ！ 希島あいり using stash-box: https://javstash.org/graphql 
[36mINFO[0m[2026-05-09 17:16:10] Refined JAV title for scene 442: Forcing My Wife's Stepdaughter, Who Hates Me, To Love Me With Medicine (*a Powerful Aphrodisiac). Moe Sakakibara | 俺を嫌う嫁の連れ子を薬(※強力媚薬)で無理やり可愛がる。 
[36mINFO[0m[2026-05-09 17:16:11] Successfully identified /Volumes/Expansion/all_mp4/SONE-709/hhd800.com@SONE-709.mp4 as 子犬のような儚い生徒が担任の僕をラブホ誘惑。実はすご～くエッチで私の理性は吹き飛んだ。 三田真鈴 using stash-box: https://javstash.org/graphql 
[36mINFO[0m[2026-05-09 17:16:11] stash-box: no fingerprint match, trying title search: Super Exclusive Dating Club Where You Can Spend Until Morning With Umi Hakkake! | Super exclusive dating club where you can spend until morning with Umi Hakkake! 
[36mINFO[0m[2026-05-09 17:16:11] stash-box: no fingerprint match, trying title search: Sister-in-law Was Destroyed Until She Was Completely Corrupted, Soaking Wet Intercourse, Rin Seo. | Sister-in-law was destroyed until she was completely corrupted, soaking wet intercourse, Rin Seo. 
[36mINFO[0m[2026-05-09 17:16:12] Successfully identified /Volumes/Expansion/all_mp4/NHDTB-736/hhd800.com@NHDTB-736.mp4 as 駅弁中出しJ○痴漢6 using stash-box: https://javstash.org/graphql 
[36mINFO[0m[2026-05-09 17:16:12] stash-box: no fingerprint match, trying title search: Yakuza Man Didn't Know That His Wife Was Getting Creampied Everyday. Minami Hatsukawa | Yakuza Man Didn't Know That His Wife Was Getting Creampied Everyday. Minami Hatsukawa 
[36mINFO[0m[2026-05-09 17:16:12] stash-box: no fingerprint match, trying title search: Miniska Raw Leg Shame 9 Turn Up Your Short Skirt And Fuck Her From The Back! | ミニスカ生足羞恥9 短いスカートをめくってバックからやりまくれ! 
[36mINFO[0m[2026-05-09 17:16:12] Refined JAV title for scene 518: From Morning To Night When You Are Away From Home, Your Father-in-law's Tongue Licking And Tonguing Keeps Making You Come........ Marina Yakuno | あなたが家を空ける朝から晩、お義父さんのベロ舐め舌技にイカされ続け… 役野満里奈 
[36mINFO[0m[2026-05-09 17:16:12] stash-box: no fingerprint match, trying title search: After His Release From Prison, He Raped The Daughter Of A Woman He Lewdly Raped In The Past. Karin Kitaoka | ADN-672 
[36mINFO[0m[2026-05-09 17:16:13] Successfully identified /Volumes/Expansion/all_mp4/NHDTC-139/hhd800.com@NHDTC-139.mp4 as カスハラ男の家で杭打ち謝罪させられハメ潮をダダ漏らす巨尻女 using stash-box: https://javstash.org/graphql 
[36mINFO[0m[2026-05-09 17:16:14] stash-box: no fingerprint match, trying title search: Shameful Home Visit Married Woman Teacher Mari Ueto | Shameful Home Visit Married Woman Teacher Mari Ueto 
[36mINFO[0m[2026-05-09 17:16:14] stash-box: no fingerprint match, trying title search: Reijo Training: It's Not Over Until You Get Pregnant... 30 Days Of Hell Until Conception Ena Satsuki | Reijo Training: It's Not Over Until You Get Pregnant... 30 Days Of Hell Until Conception Ena Satsuki 
[36mINFO[0m[2026-05-09 17:16:14] Successfully identified /Volumes/Expansion/all_mp4/SVMGM-043/hhd800.com@SVMGM-043.mp4 as マジックミラー号ハードボイルド 女子〇生が挑戦するパイズリ陶芸チャレンジ!敏感すぎる乳首の先っちょを粘土とオイルで刺激され未熟な体がアツーくなってしまった思春期お嬢様は初めての中イキ&中出ししちゃうなんて! using stash-box: https://javstash.org/graphql 
[36mINFO[0m[2026-05-09 17:16:14] Successfully identified /Volumes/Expansion/all_mp4/AKDL-306.mp4 as 寡黙な地味系社員だと思ったら実は唾液を垂れ流しながらキスをする痴女だった 天沢りん using stash-box: https://javstash.org/graphql 
[36mINFO[0m[2026-05-09 17:16:14] Successfully identified /Volumes/Expansion/all_mp4/UZU-033/hhd800.com@UZU-033.mp4 as 時間よ止まれ 時間停止の世界 コンビニ女子バイト 大量ハメ潮サイレント性交 宮城りえ 一色さら using stash-box: https://javstash.org/graphql 
[36mINFO[0m[2026-05-09 17:16:14] Refined JAV title for scene 181: Aunt Who Came In Close Proximity To Her Husband While Being Skirted And Cunnied By A Relative's Erotic Kid Can't Even Refuse Penetration6 Incontinence Coming SP | 親戚のエロガキにスカートもぐりクンニされ夫がいる至近距離でイってしまった叔母さんは挿入も拒めない6 失禁イキSP 
[36mINFO[0m[2026-05-09 17:16:15] stash-box: no fingerprint match, trying title search: Aphrodisiac Lover's Library Waka Misono | 媚薬痴漢図書館 
[36mINFO[0m[2026-05-09 17:16:15] Successfully identified /Volumes/Expansion/all_mp4/DLDSS-405/hhd800.com@DLDSS-405.mp4 as 妻の居ない週末、妻の親友の誘惑に負けて、舌を絡ませ跨りイキ狂う腰遣いに何度も、何度も、中出しをしてしまったボク。 三葉ちはる using stash-box: https://javstash.org/graphql 
[36mINFO[0m[2026-05-09 17:16:16] Refined JAV title for scene 444: The Couple Who Moved In Next Door Is Going To Fuck Me Like Crazy After This. 〜She Seduces Me With Her Boyfriend's Eyes, And We Have Short, Intense Sex. | 隣に引っ越してきたカップルの女は、このあと滅茶苦茶ヤらせてくれる。～彼氏の目を盗んで僕を誘惑 迫られ時短で濃厚SEX～ 七嶋舞 
[36mINFO[0m[2026-05-09 17:16:17] Successfully identified /Volumes/Expansion/all_mp4/CAWD-165.mp4 as 先生と私の秘密を知られたあの日から…クラス全員の男に犯されています… 天音ゆい using stash-box: https://javstash.org/graphql 
[36mINFO[0m[2026-05-09 17:16:18] stash-box: no fingerprint match, trying title search: "My New Stepfather's Aim Was Me, A Barely Legal High School S*****t..." My Mom's New Husband Is Such A Creepy Voyeur It Makes Me Sick...Natsu Hinata | 「新しいお義父さんの目的は女子●生の私でした…」 母の再婚相手が吐き気がするほど気色の悪い盗撮魔だなんて… 日向なつ 
[31mERRO[0m[2026-05-09 17:16:18] error getting studio for /Volumes/Expansion/all_mp4/REAL-965/hhd800.com@REAL-965.mp4: studio with name 'K M Produce' already exists 
[36mINFO[0m[2026-05-09 17:16:18] Successfully identified /Volumes/Expansion/all_mp4/REAL-965/hhd800.com@REAL-965.mp4 as バズりたくて迷惑行為ばかりの制服TikT〇ker女子校生を店内に監禁!店員みんなに汚され全身白濁にしちゃうお仕置き更生レ●プ 虹村ゆみ using stash-box: https://javstash.org/graphql 
[36mINFO[0m[2026-05-09 17:16:18] stash-box: no fingerprint match, trying title search: The End Of The Road For A Girl In Uniform Who Was Impregnated By A Strange-smelling Middle-aged Man In Her Neighbor's Garbage Room With 37 Shots Of Nakadashi Without Pulling Out... Natsu Hinata | CAWD-558 
[31mERRO[0m[2026-05-09 17:16:19] error getting studio for /Volumes/Expansion/all_mp4/ZOZO-240/hhd800.com@ZOZO-240.mp4: studio with name 'Sadistic Village' already exists 
[36mINFO[0m[2026-05-09 17:16:19] Successfully identified /Volumes/Expansion/all_mp4/ZOZO-240/hhd800.com@ZOZO-240.mp4 as 羞恥!新入生春の発育身体測定&健康診断~白石なぎさ編~ using stash-box: https://javstash.org/graphql 
[36mINFO[0m[2026-05-09 17:16:19] Successfully identified /Volumes/Expansion/all_mp4/cawd-441.mp4 as 隣人の制服少女が中年の僕の自宅に入り浸るようになり無防備な姿につい我慢出来ず… 日向なつ using stash-box: https://javstash.org/graphql 
[36mINFO[0m[2026-05-09 17:16:20] stash-box: no fingerprint match, trying title search: Short Pants Suit Thighs X Thighs | Short pants suit thighs x thighs 
[36mINFO[0m[2026-05-09 17:16:20] Successfully identified /Volumes/Expansion/all_mp4/DVRT-070/hhd800.com@DVRT-070.mp4 as 女子○生の妹の無防備すぎるパンスト寝姿にムラムラ ガマンできずにイジったらしっかり雌の反応が返ってきたんで思わずデカチンで即ズボ! using stash-box: https://javstash.org/graphql 
[36mINFO[0m[2026-05-09 17:16:20] Refined JAV title for scene 229: Esthetician 7 Who Secretly Inserts His Dick While Massaging His Wife In Close Proximity And Even Lets Her Cum Inside Him By Riding On His Back And Shaking His Hips | 妻がいる至近距離で平然とマッサージしながらこっそりチ○ポを挿入し腰振り騎乗位で中出しまでさせるエステティシャン7 
[36mINFO[0m[2026-05-09 17:16:20] Successfully identified /Volumes/Expansion/all_mp4/CAWD-726.mp4 as はじめて彼氏が出来たのに顧問の中年ゲスチ●ポを愛してしまった最低な私。 川上しずく using stash-box: https://javstash.org/graphql 
[36mINFO[0m[2026-05-09 17:16:20] Successfully identified /Volumes/Expansion/all_mp4/cawd-228.mp4 as 「義父の目的は私です…」ストーカーが母の再婚相手に…もう逃げられないと悟った“ゆい”は恐怖から義父を受け入れ何度も中出しセックスされて… 天音ゆい using stash-box: https://javstash.org/graphql 
[36mINFO[0m[2026-05-09 17:16:20] Successfully identified /Volumes/Expansion/all_mp4/CAWD-605.mp4 as おしっこブッカケ聖水マーキング 淫乱ビッチ汁だくだく制服痴女 日向なつ using stash-box: https://javstash.org/graphql 
[36mINFO[0m[2026-05-09 17:16:20] Successfully identified /Volumes/Expansion/all_mp4/ADN-576/hhd800.com@ADN-576.mp4 as ADN-576 using stash-box: https://stashdb.org/graphql 
[36mINFO[0m[2026-05-09 17:16:20] Refined JAV title for scene 265: I Really Like Sex..." Case.01 Remu Suzumori | 「私、セックスが本当に好きなんです…。」 case.01 涼森れむ 
[36mINFO[0m[2026-05-09 17:16:21] Successfully identified /Volumes/Expansion/all_mp4/START-025/hhd800.com@START-025.mp4 as 無垢な美少女はある日された痴〇をきっかけに公共の場でのセックスにハマってしまった…見られるかもしれないスリルに快感を覚えてしまい掲示板で自ら相手を募集するようになるまで。宮島めい using stash-box: https://javstash.org/graphql 
[36mINFO[0m[2026-05-09 17:16:21] stash-box: no fingerprint match, trying title search: The Fresh And Beautiful Girls (sisters), Symbols Of Youth, Are Apparently Being Molested By Their Stepfather... But For Some Reason, They Don't Report It... You Mean It Feels Good? KITAOKA Karin Shizuga | 青春の象徴のような爽やか美少女(姉妹)は、義理の父親に痴漢被害を受けているらしい…が、何故か通報しない…。気持ちいいって事？ 
[36mINFO[0m[2026-05-09 17:16:21] Successfully identified /Volumes/Expansion/all_mp4/CAWD-846.mp4 as 「ざぁ～こ」じゃねぇよ、ナメ腐ったメスガキが！お義父さんの巨根で雑魚マンずぼずぼ調教して立場分からせてあげようね ひなたなつ using stash-box: https://javstash.org/graphql 
[36mINFO[0m[2026-05-09 17:16:22] Successfully identified /Volumes/Expansion/all_mp4/SAME-093/hhd800.com@SAME-093.mp4 as SAME-093 using stash-box: https://stashdb.org/graphql 
[36mINFO[0m[2026-05-09 17:16:22] Refined JAV title for scene 143: A Girl In Heat From Tongue Kissing Who Is Made To Cum Many Times In Face-to-face Lasciviousness And Whose Tongue Is So Entangled That It Pulls The Strings 2 | 対面痴漢で何度もイカされ糸が引くほど舌を絡ませるベロキス発情娘2 
[36mINFO[0m[2026-05-09 17:16:23] stash-box: no fingerprint match, trying title search: An Ekiben Position Creampie J* Slut 4 A School-Wide Aerial Orgasmic Special - In The Library, In The Classroom, In The Bathrooms, In The P.E. Storeroom - 12 Girls, Cums With Highlights 2-Disc Set Deluxe Edition | 駅弁中出しJ○痴漢4 学校内で空中絶頂しまくりSP 〜図書館、教室、トイレ、体育倉庫〜 総勢12名総集編付き2枚組 豪華版 
[36mINFO[0m[2026-05-09 17:16:23] stash-box: no fingerprint match, trying title search: My Daughter Feeds Me. Tenbi Mea | My daughter feeds me. Tenbi Mea 
[36mINFO[0m[2026-05-09 17:16:24] Refined JAV title for scene 423: When I Complained About The AV Noise In My Neighbor's Gross Old Man's Garbage Room... I Got 20 Shots Inside With A Seed Press Without Pulling Out.... Momoka Izumi | 隣人キモオヤジのゴミ部屋にAV騒音の苦情を言ったら…抜かずの種付けプレスで20発中出しされたワタシ…。 泉ももか 
[36mINFO[0m[2026-05-09 17:16:25] stash-box: no fingerprint match, trying title search: The Girl Is A Timid Friend Who Pretends To Be Asleep And Tromps Around With Her Pussy, Unable To Refuse Even When Her Body Is Played With As Much As She Likes Right Next To Her Crushed Boyfriend. | 
[36mINFO[0m[2026-05-09 17:16:25] stash-box: no fingerprint match, trying title search: Hikage Yoda, Human Resources Department, First AV Appearance | 人事部 与田ひかげ 初AV出演 
[36mINFO[0m[2026-05-09 17:16:26] Refined JAV title for scene 272: I Was So Horny For The Unprotected Pantyhose Of The Gal Who Was My Childhood Friend. Reina Miyashita, An Otaku Who Graduated From Virginity, Pistons Herself Until She Runs Out Of Condom Boxes. | 入り浸り幼馴染ギャルの無防備パンチラにド欲情。コンドーム箱を使い切るまで発情ピストンした童貞卒業ヲタク僕 宮下玲奈 
[36mINFO[0m[2026-05-09 17:16:27] Successfully identified /Volumes/Expansion/all_mp4/DRPT-104.mp4 as 超接写!触れるか触れないかの長時間ソフトタッチで乳首の感度を何倍にも上げられる美乳娘3 橘いおり using stash-box: https://javstash.org/graphql 
[36mINFO[0m[2026-05-09 17:16:27] Successfully identified /Volumes/Expansion/all_mp4/HSODA-086/hhd800.com@HSODA-086.mp4 as 時間停止学級5。時間を止める事が出来る神装置で、好きな時に挿れたり、止めたりし放題。 using stash-box: https://javstash.org/graphql 
[36mINFO[0m[2026-05-09 17:16:28] Successfully identified /Volumes/Expansion/all_mp4/SDMM-170/hhd800.com@SDMM-170.mp4 as 彼氏さん！目隠ししても愛する彼女のおマ●コ当てられますか！？ Inマジックミラー号 using stash-box: https://javstash.org/graphql 
[36mINFO[0m[2026-05-09 17:16:28] Refined JAV title for scene 612: When She Harasses Her Innocent And Super Shy Sister-in-law Day After Day, She Becomes Super Sensitive And A Premature Ejaculator, And Comes All Over The Place! She Turns Into A Perverted Girl Who Comes With A Vulgar Face. Miyu Hou | 清楚で超内気な義妹を連日チクハラしてたら超敏感早漏体質になってイキまくり！下品な顔してイキまくる変態女子に豹変。 鳳みゆ 
[36mINFO[0m[2026-05-09 17:16:29] Successfully identified /Volumes/Expansion/all_mp4/DVAJ-676.mp4 as 雨に打たれながら練習する女子陸上部員の濡れ髪透け乳に勃起を隠せずどしゃ降りのグラウンドでずぶ濡れハメしまくった雨続きの夏合宿 白石もも using stash-box: https://javstash.org/graphql 
[36mINFO[0m[2026-05-09 17:16:29] Successfully identified /Volumes/Expansion/all_mp4/HUNTC-273/hhd800.com@HUNTC-273.mp4 as 『中に出していいよ！』『他に出す所ある？』『どうする？我慢できる？』ロングスカート内でこっそり挿入しちゃう小悪魔女子は夜行バス、電車、… using stash-box: https://javstash.org/graphql 
[36mINFO[0m[2026-05-09 17:16:30] Successfully identified /Volumes/Expansion/all_mp4/MIMK-259/hhd800.com@MIMK-259.mp4 as 無自覚な幼馴染と興味本位でヤってみたら 1＆2実写版 シリーズ累計売上21万部越え！大ヒット作実写化！ クラスで人気の芽衣子は俺のモノ…！優越感に浸りながら教室・体育倉庫・階段の踊り場・トイレ…盛りのついた猿のようにセックスに明け暮れた ひなたなつ using stash-box: https://javstash.org/graphql 
[36mINFO[0m[2026-05-09 17:16:30] Successfully identified /Volumes/Expansion/all_mp4/DVAJ-678.mp4 as 生徒の僕と淫行したことがバレて学校をクビになった女教師と5年ぶりに再会 舌と舌を絡め合わせずっと使ってないチ○ポとマ○コが合体しまくり夜明けまで何度も生中出し 秋元さちか using stash-box: https://javstash.org/graphql 
[36mINFO[0m[2026-05-09 17:16:30] Refined JAV title for scene 449: Confinement, Training, And NTR By A Middle-aged Man With A Strange Smell In A Neighbor's Garbage Room... The End Of A College Girl Who Was Impregnated By A Continuous 35-rounds Of Nakadashi Without Being Pulled Out Nanaka Kosaka | 隣人のゴミ部屋で異臭中年おやじに監禁、調教、NTR…抜かずの連撃中出し35発で孕まされた女子大生の末路 小坂七香 
[36mINFO[0m[2026-05-09 17:16:32] Successfully identified /Volumes/Expansion/all_mp4/MIDA-141/hhd800.com@MIDA-141.mp4 as 電車で通勤中のキラキラ新卒OLを狙う痴漢集団 身動きを奪い闇堕ちレ×プ精子ぶっかけサイレント輪姦 using stash-box: https://javstash.org/graphql 
[36mINFO[0m[2026-05-09 17:16:32] Refined JAV title for scene 450: The End Of The Story Of A Girl In Uniform Who Was Impregnated By A Strange-smelling Middle-aged Man In Her Neighbor's Garbage Room With 38 Shots Of Nakadashi Without Pulling Out... Esui Tsukino | 隣人のゴミ部屋で異臭中年おやじに抜かずの連撃中出し38発で孕まされた制服女子の末路… 月野江すい 
[36mINFO[0m[2026-05-09 17:16:32] stash-box: no fingerprint match, trying title search: ebwh00319: Pure White, Innocent, Big-breasted Pharmacy Student Gets Stained By An Old Professor's Gross Drugs While Researching A New Drug... And Gets Stained By An Old Penis That Is Getting Old. Maina Shirou | 純白いたいけ巨乳薬学生、新薬研究中にできてしまった老教授のキモチイイおクスリで・・・ 年季入りの古ペニスに染まっちゃった。 
[36mINFO[0m[2026-05-09 17:16:33] Successfully identified /Volumes/Expansion/all_mp4/HUNTC-500/hhd800.com@HUNTC-500.mp4 as 無許可挿入童貞喪失事件「このクラスの女子の中に…本人の了承を得ず勝手に童貞を奪った犯人がいます！」疑われた女子たちはダンマリ決め込んで知らん顔。大好きな女子とのセックスのために大事に取っておいた童貞を睡眠薬で眠らされ奪われた男子。果たして犯人は誰なのか using stash-box: https://javstash.org/graphql 
[36mINFO[0m[2026-05-09 17:16:33] Successfully identified /Volumes/Expansion/all_mp4/HUNTC-427/hhd800.com@HUNTC-427.mp4 as 「時間止め放題だぜ！」2 ボクの家＆会社には場所によって時間を自在に止められる神装置が存在！時間が止まってんなら関係ねえ！好きなだけ触って舐めて挿れて出して時間を止めて戻して止め放題だぜ～！！ using stash-box: https://javstash.org/graphql 
[36mINFO[0m[2026-05-09 17:16:33] Successfully identified /Volumes/Expansion/all_mp4/HUNTB-152/hhd800.com@HUNTB-152.mp4 as 『あっダメ！激しく突いたらバレちゃう…』義妹がロングスカートの中でこっそり即ハメ要求！親の目の前でバレずにドキドキのこっそり連続イキ！超仲の using stash-box: https://javstash.org/graphql 
[36mINFO[0m[2026-05-09 17:16:34] stash-box: no fingerprint match, trying title search: Sexy Sports Underwear And Live Squirting Private Photo Session♪Desperate Older Sister Acid Splash Vertical Spray Jun-chan, 28 Years Old | セクシースポーツ下着で生ハメ潮吹き個人撮影会♪ドスケベお姉さん酸欠スプラッシュ垂直噴射 じゅんちゃん28歳 
[36mINFO[0m[2026-05-09 17:16:34] stash-box: no fingerprint match, trying title search: A Neat And Innocent Looking White Girl Is A Greedy Bitch Full Of Erotic Curiosity. | A neat and innocent looking white girl is a greedy bitch full of erotic curiosity. 
[36mINFO[0m[2026-05-09 17:16:34] Successfully identified /Volumes/Expansion/all_mp4/SHKD-996/hhd800.com@SHKD-996.mp4 as SHKD-996 using stash-box: https://stashdb.org/graphql 
[36mINFO[0m[2026-05-09 17:16:35] Successfully identified /Volumes/Expansion/all_mp4/EBWH-184.mp4 as 「ザコなカテキョのくせに中出しする度胸だけはあるんですね」 大人を色仕掛けでバカにしてくる文学系爆乳マセガキに負かされたい… 莉々はるか using stash-box: https://javstash.org/graphql 
[36mINFO[0m[2026-05-09 17:16:35] Refined JAV title for scene 454: My Girlfriend With Big Tits In The Humanities, Rimu Yumino, Who Repeatedly Climaxes In Front Of Me With Her Face In A Reddish Brown Color As She Falls Into A State Of Pleasure After Being Continuously Cummed Inside Her By The Immoral Janitor Uncle. | 絶倫用務員おじさんにぶりゅぶりゅ精子を逆流中出しされ続けて快楽に堕ちていき、僕の前でアへ顔絶頂を繰り返す文系巨乳の僕の彼女 弓乃りむ 
[36mINFO[0m[2026-05-09 17:16:35] stash-box: no fingerprint match, trying title search: Yakuza Man Didn't Know That His Wife Was Getting Creampied Everyday. Minami Hatsukawa | Yakuza Man Didn't Know That His Wife Was Getting Creampied Everyday. Minami Hatsukawa 
[36mINFO[0m[2026-05-09 17:16:35] stash-box: no fingerprint match, trying title search: Sister-in-law Was Destroyed Until She Was Completely Corrupted, Soaking Wet Intercourse, Rin Seo. | Sister-in-law was destroyed until she was completely corrupted, soaking wet intercourse, Rin Seo. 
[36mINFO[0m[2026-05-09 17:16:36] stash-box: no fingerprint match, trying title search: After His Release From Prison, He Raped The Daughter Of A Woman He Lewdly Raped In The Past. Karin Kitaoka | ADN-672 
[36mINFO[0m[2026-05-09 17:16:36] Successfully identified /Volumes/Expansion/all_mp4/ADN-720.mp4 as お父さん、ごめんね。 淫らに成長した私を許して… 美ノ嶋めぐり using stash-box: https://javstash.org/graphql 
[36mINFO[0m[2026-05-09 17:16:36] stash-box: no fingerprint match, trying title search: The Favorite Slender Ponite Girlfriend Of The Convenience Store Where She Works Part-time Is Cuckolded By The Lousy Prick Manager And Pleasured And Degraded Into A Meat Masturbator. Ria Yoshizawa | 
[36mINFO[0m[2026-05-09 17:16:36] Refined JAV title for scene 456: Volleyball Club Girl With A Big Ass, Rie Miyagi, Who Fell By The Sexual Harassment Advisor's Aphrodisiac Massage And Strong Womb Attack. | セクハラ顧問のねっちょり媚薬マッサージと強烈子宮アタックで堕ちたデカ尻バレー部彼女 宮城りえ 
[36mINFO[0m[2026-05-09 17:16:36] stash-box: no fingerprint match, trying title search: Rin Yoda, A Doughy Office Worker Who Unknowingly Seduces With A Butt Big Enough To Raise Her Mini-skirt, Gets Her Office Orgasm On! | ミニスカズリ上がるほどのデカ尻で無自覚誘惑してしまうドジっこOLのむっちむちオフィスアクメ 与田りん 
[36mINFO[0m[2026-05-09 17:16:37] stash-box: no fingerprint match, trying title search: The Boyfriend Who Can Only Have Zako-weak Sex... Her Father Is The Complete Opposite, An Immensely Strong Man... He Gets A Lot Of Thick, Strong Cum Inside Him By An Adult's Hard Piston... Momo Misono | ザコ弱SEXしかできない彼氏…その父親は真逆の絶倫 大人のバキバキ激ピストンで濃強ザーメンを中出しされまくった 御園もも 
[36mINFO[0m[2026-05-09 17:16:38] stash-box: no fingerprint match, trying title search: Shameful Home Visit Married Woman Teacher Mari Ueto | Shameful Home Visit Married Woman Teacher Mari Ueto 
[36mINFO[0m[2026-05-09 17:16:38] stash-box: no fingerprint match, trying title search: A New Student At A School Full Of Men Is A Natural Seducer With Her Unprotected Panties! Panties Are Kept Wet By Being Shown Their Dangling Dicks! Shinai Asano | 男だらけスクールへの転入生は無防備パンチラで天然誘惑！ギンギンチ●ポを見せつけられてパンティは濡れっぱなし！ 浅野心愛 
[36mINFO[0m[2026-05-09 17:16:38] Refined JAV title for scene 222: During Mother's Hospitalization For Childbirth, The Timid Sister Who Couldn't Say No Was Embraced By Stepfather. Obedient Masturbation 20 Ejaculation Nakadashi Rexpu Hanan Amamiya | 母の出産入院中、イヤと言えない気弱な姉は義父に抱かれてた。従順オナホ化20射精中出しレ×プ 天宮花南 
[36mINFO[0m[2026-05-09 17:16:38] stash-box: no fingerprint match, trying title search: Reijo Training: It's Not Over Until You Get Pregnant... 30 Days Of Hell Until Conception Ena Satsuki | Reijo Training: It's Not Over Until You Get Pregnant... 30 Days Of Hell Until Conception Ena Satsuki 
[36mINFO[0m[2026-05-09 17:16:39] stash-box: no fingerprint match, trying title search: Swamping Step Seduction To Grip Older Men With Teasing Tactic School Beauty Ama Natsu Yui | 沼らせるステップ誘惑で年上男をグリップするイジワル駆け引きスクール美少女 甘夏唯 
[36mINFO[0m[2026-05-09 17:16:39] stash-box: no fingerprint match, trying title search: The Person With Whom The Crotch Is Played With Every Morning On The Way To School And M Aroused... Yayoi Hamabe | 毎朝の通学で股間を弄られM覚醒させられた相手は… 浜辺やよい 
[36mINFO[0m[2026-05-09 17:16:39] stash-box: no fingerprint match, trying title search: A Father On The Verge Of Being Fired Gives His Daughter To His Boss! | クビ寸前だった父親が上司に娘を献上！Gカップ巨乳に育った無垢な生娘の初潮を待ち絶望中出しレ●プ ミニマム美少女るり 小鳩るり 
[36mINFO[0m[2026-05-09 17:16:40] Successfully identified /Volumes/Expansion/all_mp4/FNS-086.mp4 as バイト中にクレーム男からこっそり過激な絶頂ハラスメントでぶっこわされた女子大生 つばさ舞 using stash-box: https://javstash.org/graphql 
[36mINFO[0m[2026-05-09 17:16:40] Successfully identified /Volumes/Expansion/all_mp4/FSDSS-393.mp4 as ゴミ屋敷に住むキモい変態ストーカーに監禁されたが、最悪なことにチ●ポの相性はこの上ないほど最高。 橋本ありな using stash-box: https://javstash.org/graphql 
[36mINFO[0m[2026-05-09 17:16:40] Refined JAV title for scene 438: Graduation Trip NTR - The Girlfriend Who Got Drunk On Her Last Vacation As A College Student And Got Fucked Around Until Morning By The Local Guys Who Picked Her Up Kira Kisei | 卒業旅行NTR 大学生最後のバカンスに酔いしれナンパ現地調達のチャラ男達に朝までハメられまくったカノジョ 
[36mINFO[0m[2026-05-09 17:16:40] stash-box: no fingerprint match, trying title search: Aphrodisiac Lover's Library Waka Misono | 媚薬痴漢図書館 
[36mINFO[0m[2026-05-09 17:16:41] Successfully identified /Volumes/Expansion/all_mp4/FSDSS-472.mp4 as 「ねぇ、おじさん…騎乗位の練習させて？」性欲にまっすぐな姪っ子に跨られ理性が保てず射精しっぱなしの3日間 時田亜美 using stash-box: https://javstash.org/graphql 
[36mINFO[0m[2026-05-09 17:16:42] Successfully identified /Volumes/Expansion/all_mp4/FSDSS-859.mp4 as 3日間だけの恋人真夜中に終電を逃したキミと出会い、交わった日々。でもそれは突然に終わりを告げた。 御園もも using stash-box: https://javstash.org/graphql 
[36mINFO[0m[2026-05-09 17:16:42] stash-box: no fingerprint match, trying title search: "My New Stepfather's Aim Was Me, A Barely Legal High School S*****t..." My Mom's New Husband Is Such A Creepy Voyeur It Makes Me Sick...Natsu Hinata | 「新しいお義父さんの目的は女子●生の私でした…」 母の再婚相手が吐き気がするほど気色の悪い盗撮魔だなんて… 日向なつ 
[36mINFO[0m[2026-05-09 17:16:43] stash-box: no fingerprint match, trying title search: The End Of The Road For A Girl In Uniform Who Was Impregnated By A Strange-smelling Middle-aged Man In Her Neighbor's Garbage Room With 37 Shots Of Nakadashi Without Pulling Out... Natsu Hinata | CAWD-558 
[36mINFO[0m[2026-05-09 17:16:43] Successfully identified /Volumes/Expansion/all_mp4/FSDSS-893.mp4 as 整体師の指使いとチ○ポがWドストライクで本能で中出しおねだりした若妻 藤井蘭々 using stash-box: https://javstash.org/graphql 
[36mINFO[0m[2026-05-09 17:16:43] Successfully identified /Volumes/Expansion/all_mp4/FSDSS-902.mp4 as ヘマばかりするけど憎めない美人部下が普段のお詫びにイキスギ全力ご奉仕性交 御園もも using stash-box: https://javstash.org/graphql 
[36mINFO[0m[2026-05-09 17:16:44] Successfully identified /Volumes/Expansion/all_mp4/FSDSS-907.mp4 as 沼らせるステップ誘惑で放課後から朝まで男性●師を束縛するイジワル駆け引き女子●生 絵恋空 using stash-box: https://javstash.org/graphql 
[36mINFO[0m[2026-05-09 17:16:44] stash-box: no fingerprint match, trying title search: Never Mess With Me... My Boss's Wife Seduced Me And Fucked Me... Ria Yoshizawa | Never mess with me... My boss's wife seduced me and fucked me... Ria Yoshizawa 
[36mINFO[0m[2026-05-09 17:16:44] Successfully identified /Volumes/Expansion/all_mp4/FSDSS-916.mp4 as ゴミ部屋オヤジの悪臭を脳裏にマーキングされ寝取られた敏感女子大生 御園もも using stash-box: https://javstash.org/graphql 
[36mINFO[0m[2026-05-09 17:16:44] Successfully identified /Volumes/Expansion/all_mp4/FSDSS-918.mp4 as ぷるぷるおっぱい南国エロステティシャン 肉感アングルで極上の世界へ誘う 八蜜凛 using stash-box: https://javstash.org/graphql 
[36mINFO[0m[2026-05-09 17:16:44] Refined JAV title for scene 439: The Student Council President, Sakura Kawaguchi, Is A Devilish Student Council President Who Seduces You With Her Fresh Smile And Wet Stained Pantyhose. | 爽やかな笑顔とはギャップすぎる濡れ染みパンチラで全力誘惑してくる小悪魔生徒会長 
[36mINFO[0m[2026-05-09 17:16:45] Successfully identified /Volumes/Expansion/all_mp4/FSDSS-934.mp4 as あどけないフェラチオからの容赦ない顔射 山下紗和 using stash-box: https://javstash.org/graphql 
[36mINFO[0m[2026-05-09 17:16:45] Successfully identified /Volumes/Expansion/all_mp4/FSDSS-940.mp4 as 「今ならヌキあり！」過激なSNS広告を鵜呑みにしたら出会えた素敵なヌキありエステティシャンはそのままSEXまでできるのか？ 天使もえ using stash-box: https://javstash.org/graphql 
[36mINFO[0m[2026-05-09 17:16:46] stash-box: no fingerprint match, trying title search: The Fresh And Beautiful Girls (sisters), Symbols Of Youth, Are Apparently Being Molested By Their Stepfather... But For Some Reason, They Don't Report It... You Mean It Feels Good? KITAOKA Karin Shizuga | 青春の象徴のような爽やか美少女(姉妹)は、義理の父親に痴漢被害を受けているらしい…が、何故か通報しない…。気持ちいいって事？ 
[36mINFO[0m[2026-05-09 17:16:46] stash-box: no fingerprint match, trying title search: FSDSS-954 
[36mINFO[0m[2026-05-09 17:16:46] Successfully identified /Volumes/Expansion/all_mp4/FSDSS-950.mp4 as 夫が友人に借金の相談に行ったら私が借金の担保にと言われ…返済が出来なくなり全身に精子マーキングされました 楠エリサ using stash-box: https://javstash.org/graphql 
[36mINFO[0m[2026-05-09 17:16:46] Refined JAV title for scene 325: My Shy Girlfriend Who Was Made To Cum On The Train By Middle-aged Men With A Mania For School Uniforms. | 制服マニアの中年男たちに通学中の電車でイキ堕とされた内気な僕の彼女 胸糞痴漢NTR 小栗みゆ 
[36mINFO[0m[2026-05-09 17:16:47] Successfully identified /Volumes/Expansion/all_mp4/FSDSS-968.mp4 as 教祖゛セックスは救済’を信じる信者との色欲まみれ共同生活 天使もえ using stash-box: https://javstash.org/graphql 
[36mINFO[0m[2026-05-09 17:16:47] Successfully identified /Volumes/Expansion/all_mp4/FSDSS-971.mp4 as 女上司が美脚を開いてノーパン直穿きパンスト誘惑！僕のドMチ○ポを挟みコキしまくるザーメン搾取フェ痴SEX 楠エリサ using stash-box: https://javstash.org/graphql 
[36mINFO[0m[2026-05-09 17:16:48] Successfully identified /Volumes/Expansion/all_mp4/FSDSS-972.mp4 as 育ちが良いってだけで男にチヤホヤされてなんかムカつくから、ぶっ壊れるまでみんなで廻して理解らせてやった。森あやみ using stash-box: https://javstash.org/graphql 
[36mINFO[0m[2026-05-09 17:16:48] stash-box: no fingerprint match, trying title search: I Rubbed My Hard Cock On An Innocent Girl Studying In The Library And Her Pussy Got So Wet I Got Her Off! | I Rubbed My Hard Cock On An Innocent Girl Studying In The Library And Her Pussy Got So Wet I Got Her Off! 
[36mINFO[0m[2026-05-09 17:16:48] stash-box: no fingerprint match, trying title search: My Daughter Feeds Me. Tenbi Mea | My daughter feeds me. Tenbi Mea 
[36mINFO[0m[2026-05-09 17:16:48] Refined JAV title for scene 437: She Is Mine Alone After Taking Off Her Uniform. Raw Sex With A Beautiful Girl Who Came To Work With Me At A Convenience Store In The Middle Of The Night. Kanae Nozomi | 制服を脱いだ彼女は僕だけのもの。深夜のコンビニで一緒に働くことになった美少女と生中セックス。 望実かなえ 
[36mINFO[0m[2026-05-09 17:16:49] stash-box: no fingerprint match, trying title search: After-school Sex Worker ● I Am A Comfort Toy For The Boys In My Class Noa Egawa | 放課後の性奴隷私はクラス男子の慰め玩具です栄川乃亜 
[36mINFO[0m[2026-05-09 17:16:49] stash-box: no fingerprint match, trying title search: The Girl Is A Timid Friend Who Pretends To Be Asleep And Tromps Around With Her Pussy, Unable To Refuse Even When Her Body Is Played With As Much As She Likes Right Next To Her Crushed Boyfriend. | 
[36mINFO[0m[2026-05-09 17:16:50] Successfully identified /Volumes/Expansion/all_mp4/DLDSS-480.mp4 as 私は時給1500円でずっとイっていますドS変態店長にクリ吸い玩具を仕込まれてコンビニバイト中、連続陰核絶頂した人妻 小花のん using stash-box: https://javstash.org/graphql 
[36mINFO[0m[2026-05-09 17:16:50] stash-box: no fingerprint match, trying title search: I Gave The Only Daughter Of The Beloved Classmate Who Bullied Me In School A Revenge Blowjob, Maika Hiizumi. | I gave the only daughter of the beloved classmate who bullied me in school a revenge blowjob, Maika Hiizumi. 
[36mINFO[0m[2026-05-09 17:16:50] Successfully identified /Volumes/Expansion/all_mp4/DOCP-324 Temptation with stairs panchira! __ My senior messed up my erection and I got a raw erection on the.mp4 as 階段パンチラで誘惑！？先輩に勃起をいじられまさかのその場で生パコり using stash-box: https://javstash.org/graphql 
[36mINFO[0m[2026-05-09 17:16:50] Refined JAV title for scene 686: MM No. Facial MM Female College Students Only The Magic Mirror A Real Friendship Between A Man And A Woman, Male And Female College Students, Try Barebacking For The First Time In Their Lives! 8 The First True Nakadashi Special In Their Lives! | 顔出しMM号 女子大生限定 ザ・マジックミラー リアル友達関係の男女の素人大学生が生まれて初めての素股に挑戦！2人っきりの密室でクリトリスとチ○ポを擦り合わせると友情の壁を超え我慢できずにヌルッと挿入してしまうのか！？ 8 人生初の真正中出しスペシャル！ 
[36mINFO[0m[2026-05-09 17:16:51] stash-box: no fingerprint match, trying title search: Mother Covered In Cum After Being Forced To Perform Sex Work On Her Son's Friends Who Are Children - Ayaka Muto | Mother covered in cum after being forced to perform sex work on her son's friends who are children - Ayaka Muto 
[36mINFO[0m[2026-05-09 17:16:52] Successfully identified /Volumes/Expansion/all_mp4/hhd800.com@ABF-090.mp4 as ねっちょりセックスに溺れる文系女子。粘着性高湿度サイレントセックス 七嶋舞 using stash-box: https://javstash.org/graphql 
[36mINFO[0m[2026-05-09 17:16:52] Refined JAV title for scene 274: I, Who Was Teased And Leaked My Sensitive Genitals By Perverted Teachers Whom I Hate To Death... Inhibited Ahe Voice Is Silenced And Skewered Up And Down Silent Ring-rape Reina Miyashita | 死ぬほど嫌いな変態教師たちに敏感性器をイジられ漏らしてしまった私…失禁アへ声を口封じ上下串刺しサイレント輪姦レ×プ 
[36mINFO[0m[2026-05-09 17:16:54] Successfully identified /Volumes/Expansion/all_mp4/hhd800.com@CAWD-542.mp4 as あの日電車痴漢されてから快楽に目覚めてしまった清純女子●生 設楽ゆうひ using stash-box: https://javstash.org/graphql 
[36mINFO[0m[2026-05-09 17:16:54] Refined JAV title for scene 506: 'Do You Dare To Ejaculate In My Pants? "What? Here? This Is A Dangerous Game For The Thrill-seeking Girls In The Class! During Class, During Break Time...they Demand To Ejaculate In Their Pants While Hiding Their Dicks With Their Skirts So That Others Don't See! She Says, "Give Me A Lot Of Sperm! I'll Catch It In Here!" | 『この中（パンツ）で射精する勇気ある？』『えっ！？ここで？』スリルを求める小悪魔クラスメイト女子の危険な遊び！授業中、休み時間…周囲にバレないようにスカートでチ○ポを隠しながらパンツ内射精要求！『いっぱい精子出して！この中で受け止めてあげる！』 
[36mINFO[0m[2026-05-09 17:16:54] Successfully identified /Volumes/Expansion/all_mp4/hhd800.com@CAWD-723.mp4 as 高額闇バイトに手を染めて…違法な膣圧エステを強いられた制服巨乳セラピスト 設楽ゆうひ using stash-box: https://javstash.org/graphql 
[36mINFO[0m[2026-05-09 17:16:55] Successfully identified /Volumes/Expansion/all_mp4/hhd800.com@CAWD-780.mp4 as 8年ぶりの妻の制服姿…恥じらう姿に興奮してセックスレスを吹き飛ばす青春回顧イチャラブ純愛セックス 伊藤舞雪 using stash-box: https://javstash.org/graphql 
[36mINFO[0m[2026-05-09 17:16:55] stash-box: no fingerprint match, trying title search: ebwh00319: Pure White, Innocent, Big-breasted Pharmacy Student Gets Stained By An Old Professor's Gross Drugs While Researching A New Drug... And Gets Stained By An Old Penis That Is Getting Old. Maina Shirou | 純白いたいけ巨乳薬学生、新薬研究中にできてしまった老教授のキモチイイおクスリで・・・ 年季入りの古ペニスに染まっちゃった。 
[36mINFO[0m[2026-05-09 17:16:55] Successfully identified /Volumes/Expansion/all_mp4/hhd800.com@CAWD-781.mp4 as 騒音トラブル逆上レ×プ 大音量でAVを垂れ流す隣部屋のデブオヤジに騒音に紛れ三日三晩犯され馬乗り種付けプレスされ続けた私… 日向なつ using stash-box: https://javstash.org/graphql 
[36mINFO[0m[2026-05-09 17:16:56] Successfully identified /Volumes/Expansion/all_mp4/hhd800.com@CAWD-783.mp4 as 隣人のゴミ部屋で異臭中年おやじに抜かずの連撃中出し39発で孕まされた制服女子の末路… 川上しずく using stash-box: https://javstash.org/graphql 
[36mINFO[0m[2026-05-09 17:16:56] Refined JAV title for scene 422: What? 80%? What Is This Number? The World Where The Probability Of Getting Laid Is Visualized And Only I Can See It! | えっ！？80％？なにこの数字？ヤレる確率が可視化されてボクだけに見える世界！4 なんだその頭の上に見えてる数字は！ 
[36mINFO[0m[2026-05-09 17:16:57] Successfully identified /Volumes/Expansion/all_mp4/hhd800.com@CAWD-796.mp4 as 隣人のゴミ部屋で異臭中年おやじに監禁調教…抜かずの連撃中出し56発で孕まされた制服女子の末路… 逢沢みゆ using stash-box: https://javstash.org/graphql 
[36mINFO[0m[2026-05-09 17:16:57] Successfully identified /Volumes/Expansion/all_mp4/hhd800.com@CAWD-803.mp4 as ガチグラドル・天羽りりかAVデビュー前秘蔵映像　バリバリのグラビアアイドルだった時のお忍びハメ撮り温泉旅行 using stash-box: https://javstash.org/graphql 
[36mINFO[0m[2026-05-09 17:16:57] Successfully identified /Volumes/Expansion/all_mp4/hhd800.com@CAWD-804.mp4 as ヘアメイク歴2年目 牧野怜奈 20歳 第2章 現役女優たちからの絶頂イクイク無茶ぶり指令！！全身開発アクメspecial using stash-box: https://javstash.org/graphql 
[36mINFO[0m[2026-05-09 17:16:57] Successfully identified /Volumes/Expansion/all_mp4/hhd800.com@CAWD-802.mp4 as 毎朝7時23分発、3両目の後方　私を虜にした痴漢魔の正体は副担任でした using stash-box: https://javstash.org/graphql 
[36mINFO[0m[2026-05-09 17:16:58] stash-box: no fingerprint match, trying title search: Sex All Night Under One Roof With A Former Idol Who Is The Furthest Thing From An Adult Film Actress. Ao Ishihara | CAWD-813 
[36mINFO[0m[2026-05-09 17:16:58] stash-box: no fingerprint match, trying title search: Sexy Sports Underwear And Live Squirting Private Photo Session♪Desperate Older Sister Acid Splash Vertical Spray Jun-chan, 28 Years Old | セクシースポーツ下着で生ハメ潮吹き個人撮影会♪ドスケベお姉さん酸欠スプラッシュ垂直噴射 じゅんちゃん28歳 
[36mINFO[0m[2026-05-09 17:16:58] Successfully identified /Volumes/Expansion/all_mp4/hhd800.com@CAWD-807.mp4 as 若くて白くてモチモチの美肌ボディに我慢できなくて…入り浸り制服少女マ●コをオナホ代わりにパコって中出しさせてもらってます。 using stash-box: https://javstash.org/graphql 
[36mINFO[0m[2026-05-09 17:16:58] stash-box: no fingerprint match, trying title search: A Neat And Innocent Looking White Girl Is A Greedy Bitch Full Of Erotic Curiosity. | A neat and innocent looking white girl is a greedy bitch full of erotic curiosity. 
[36mINFO[0m[2026-05-09 17:16:58] Refined JAV title for scene 467: Great Body, Great Nakadashi Climax, Non-Stop Juicy FUCK To Make A Great Sexual College Student Come Over, Mina Fukuhara | 凄いカラダ、凄い中出し絶頂 性豪女子大生をイカセ倒すノンストップ汁だくFUCK 
[36mINFO[0m[2026-05-09 17:16:59] Successfully identified /Volumes/Expansion/all_mp4/hhd800.com@CJOD-450.mp4 as 留年回避のため・・・WギャルJ系の淫語ハァハァ囁き奪い合いハーレムで15発ブッコ抜かれたボク。 using stash-box: https://javstash.org/graphql 
[36mINFO[0m[2026-05-09 17:16:59] Successfully identified /Volumes/Expansion/all_mp4/hhd800.com@DANDY-889.mp4 as 「盗撮した画像を見せていただけませんか？」間違えたフリしてチ○ポ画像を見せて赤面するおばさんCAは目の前で勃起チ○ポを見せつけられても嫌じゃない using stash-box: https://javstash.org/graphql 
[36mINFO[0m[2026-05-09 17:17:00] Successfully identified /Volumes/Expansion/all_mp4/hhd800.com@DASS-540.mp4 as ツンデレ巨乳の王道ヒロインと、ラノベ系男子と、青春ラブコメ。もうおっぱいばっかり見て！この変態～！えっ、ボタンが外れて、谷間が見えてる？べ、別にあんたのために見せたわけじゃないんだからね... 弓乃りむ using stash-box: https://javstash.org/graphql 
[36mINFO[0m[2026-05-09 17:17:00] Successfully identified /Volumes/Expansion/all_mp4/hhd800.com@DASS-564.mp4 as 優等生がマン汁・涎・汗ドバドバ失禁アクメ　　媚薬漬け校内キメセク 永野鈴 using stash-box: https://javstash.org/graphql 
[36mINFO[0m[2026-05-09 17:17:00] stash-box: no fingerprint match, trying title search: The Favorite Slender Ponite Girlfriend Of The Convenience Store Where She Works Part-time Is Cuckolded By The Lousy Prick Manager And Pleasured And Degraded Into A Meat Masturbator. Ria Yoshizawa | 
[36mINFO[0m[2026-05-09 17:17:00] Successfully identified /Volumes/Expansion/all_mp4/hhd800.com@DASS-565.mp4 as 華著スレンダーで可愛い僕のなっちゃんは、夏休み中に美術部顧問に心も身体も寝取られました。 東條なつ using stash-box: https://javstash.org/graphql 
[36mINFO[0m[2026-05-09 17:17:00] Refined JAV title for scene 464: Face To Face MM No. Female College Students Only The Magic Mirror Thorough Examination! Friendship Between A Man And A Woman Is Possible! Three Real Amateur College Students In A Friendship Experience Their First Reverse Threesome In The Most Erotic Car In Japan! W Live Nakadashi Special With Harem Sex With Female Friends! | 顔出しMM号 女子大生限定 ザ・マジックミラー 徹底検証!男女の友情は成立する!?友達関係のリアル素人大学生3人が日本一エロ~い車の中で初めての逆3P体験!女友達とのハーレムSEXでW生中出しスペシャル! 
[36mINFO[0m[2026-05-09 17:17:01] stash-box: no fingerprint match, trying title search: Rin Yoda, A Doughy Office Worker Who Unknowingly Seduces With A Butt Big Enough To Raise Her Mini-skirt, Gets Her Office Orgasm On! | ミニスカズリ上がるほどのデカ尻で無自覚誘惑してしまうドジっこOLのむっちむちオフィスアクメ 与田りん 
[36mINFO[0m[2026-05-09 17:17:01] Successfully identified /Volumes/Expansion/all_mp4/hhd800.com@DOKS-665.mp4 as バレたらヤバい状況で敏感乳首をイジられお漏らし絶頂してしまう女子●生たち using stash-box: https://javstash.org/graphql 
[36mINFO[0m[2026-05-09 17:17:01] Successfully identified /Volumes/Expansion/all_mp4/hhd800.com@DRPT-036.mp4 as 終電前に見かける予備校帰りの女子○生を 毎日…毎日…イカせ続けて言いなりM化淫姦 吉岡ひより using stash-box: https://javstash.org/graphql 
[36mINFO[0m[2026-05-09 17:17:01] stash-box: no fingerprint match, trying title search: The Boyfriend Who Can Only Have Zako-weak Sex... Her Father Is The Complete Opposite, An Immensely Strong Man... He Gets A Lot Of Thick, Strong Cum Inside Him By An Adult's Hard Piston... Momo Misono | ザコ弱SEXしかできない彼氏…その父親は真逆の絶倫 大人のバキバキ激ピストンで濃強ザーメンを中出しされまくった 御園もも 
[36mINFO[0m[2026-05-09 17:17:02] Successfully identified /Volumes/Expansion/all_mp4/hhd800.com@DVMM-365.mp4 as 一般男女モニタリングAV×マジックミラー便コラボ企画 彼氏の目の前で路上NTR!女子○校生が初めての「お口だけでコンドーム装着」に挑戦!ノーハンドでデカチンを咥えたうぶなオマ○コは恥じらいながらもびしょ濡れ!彼氏の目の前で寝取って最後はゴムを外して生中出し! using stash-box: https://javstash.org/graphql 
[36mINFO[0m[2026-05-09 17:17:02] Successfully identified /Volumes/Expansion/all_mp4/hhd800.com@DVMM-388.mp4 as 一般男女モニタリングAV 生ハメしちゃった義兄妹のその後まで追跡スペシャル マジックミラーの向こうには妊娠中の姉(=妻)!女子○校生の妹と絶倫旦那が2人っきりの密室で禁断の中出しSEX!!…した後日談:姉に隠れて何度も繰り返される中出し不貞性交を家庭内盗撮 using stash-box: https://javstash.org/graphql 
[36mINFO[0m[2026-05-09 17:17:02] Refined JAV title for scene 466: A Quiet Relative's Daughter Who Was Entrusted To Her In The Middle Of Summer Was So Excited By Her Growing Breasts That... She Found Herself Being Eaten By The Opposite Sex. Haruka Riri | 真夏に預かった物静かな親戚の娘のたわわに発育した胸に興奮して犯すも…気がつけば逆に喰われていた。 莉々はるか 
[36mINFO[0m[2026-05-09 17:17:03] stash-box: no fingerprint match, trying title search: A New Student At A School Full Of Men Is A Natural Seducer With Her Unprotected Panties! Panties Are Kept Wet By Being Shown Their Dangling Dicks! Shinai Asano | 男だらけスクールへの転入生は無防備パンチラで天然誘惑！ギンギンチ●ポを見せつけられてパンティは濡れっぱなし！ 浅野心愛 
[36mINFO[0m[2026-05-09 17:17:04] Refined JAV title for scene 282: In His Wife's Absence, He Makes His Cocky Gal Stepdaughter Understand Her, And She Gets A Kinky, Spasmodic, Sweaty, Squirting, Cum-fucking Orgasm! Ria Yoshizawa | 妻の不在中、生意気なギャル連れ子を理解らせてやるキメセク痙攣汗だく潮吹きアクメ堕とし!! 吉沢梨亜 
[36mINFO[0m[2026-05-09 17:17:04] stash-box: no fingerprint match, trying title search: Swamping Step Seduction To Grip Older Men With Teasing Tactic School Beauty Ama Natsu Yui | 沼らせるステップ誘惑で年上男をグリップするイジワル駆け引きスクール美少女 甘夏唯 
[36mINFO[0m[2026-05-09 17:17:04] stash-box: no fingerprint match, trying title search: The Person With Whom The Crotch Is Played With Every Morning On The Way To School And M Aroused... Yayoi Hamabe | 毎朝の通学で股間を弄られM覚醒させられた相手は… 浜辺やよい 
[36mINFO[0m[2026-05-09 17:17:05] stash-box: no fingerprint match, trying title search: A Father On The Verge Of Being Fired Gives His Daughter To His Boss! | クビ寸前だった父親が上司に娘を献上！Gカップ巨乳に育った無垢な生娘の初潮を待ち絶望中出しレ●プ ミニマム美少女るり 小鳩るり 
[36mINFO[0m[2026-05-09 17:17:06] Successfully identified /Volumes/Expansion/all_mp4/hhd800.com@FSDSS-331.mp4 as 「犯されてるのに何で感じるの…」義父に昏睡レ×プ調教され続けていた事に気づいた娘 吉岡ひより using stash-box: https://javstash.org/graphql 
[36mINFO[0m[2026-05-09 17:17:06] Refined JAV title for scene 253: Hottie Groped By Sticky Pervs, Mayoi Arisaka | 粘着変態達に愛された生涯痴漢被害美少女 有坂真宵 
[36mINFO[0m[2026-05-09 17:17:07] Successfully identified /Volumes/Expansion/all_mp4/hhd800.com@FNS-019.mp4 as 中出し解禁！膣奥に濃厚なザーメンをどくどく注入する絶頂ナマナカSEX 御園もも using stash-box: https://javstash.org/graphql 
[36mINFO[0m[2026-05-09 17:17:07] Successfully identified /Volumes/Expansion/all_mp4/hhd800.com@FSDSS-642.mp4 as 図書室での陰湿痴漢から逃れるためにはただ静かに愛液を漏らしながらイキ続けるしかなかった敏感優等生 時田亜美 using stash-box: https://javstash.org/graphql 
[36mINFO[0m[2026-05-09 17:17:08] Successfully identified /Volumes/Expansion/all_mp4/hhd800.com@FSDSS-701.mp4 as 一ヶ月の禁欲の末にお隣さんと近距離浮気を重ねた、妻が不在の2日間。 天使もえ using stash-box: https://javstash.org/graphql 
[36mINFO[0m[2026-05-09 17:17:08] Successfully identified /Volumes/Expansion/all_mp4/hhd800.com@FSDSS-735.mp4 as 基本タメ口生意気バイトを中出し奴隷に仕上げた研修2日間 藤井蘭々 using stash-box: https://javstash.org/graphql 
[36mINFO[0m[2026-05-09 17:17:08] Refined JAV title for scene 488: I Was Forced To Share A Room With My Boss, Whom I Hated, And We Had Sex For 4 Hours... Before I Knew It, I Had Become A Big Dick Addict Who Straddles Himself. Yuna Hinano | 大嫌いな上司と相部屋にさせられ4時間SEX漬け…いつの間にか私は自らまたがるデカチン中毒者になっていました。 雛乃ゆな 
[36mINFO[0m[2026-05-09 17:17:09] Successfully identified /Volumes/Expansion/all_mp4/hhd800.com@FSDSS-961.mp4 as 彼氏の愚痴を聞いてくれるバイト先店長の乳首いじりがドストライク過ぎて…何度も乳首イキSEXしまくった 降矢あすか using stash-box: https://javstash.org/graphql 
[36mINFO[0m[2026-05-09 17:17:09] Successfully identified /Volumes/Expansion/all_mp4/hhd800.com@FSDSS-976.mp4 as 「始発出るまでウチいてもいいよ？」終電後に友達の彼女から甘～いお誘い…部屋着から見えるノーブラ乳首を前にダメだとわかりながらも朝までヤりまくりイチャラブSEX！！ 時田亜美 using stash-box: https://javstash.org/graphql 
[36mINFO[0m[2026-05-09 17:17:09] Successfully identified /Volumes/Expansion/all_mp4/hhd800.com@FSDSS-937.mp4 as 突然のゲリラ豪雨で…透けパイをこってり弄られてしまう全身びしょ濡れ女●●生　与田りん using stash-box: https://javstash.org/graphql 
[36mINFO[0m[2026-05-09 17:17:09] Successfully identified /Volumes/Expansion/all_mp4/hhd800.com@FSDSS-932.mp4 as 隣のゴミ部屋に住む悪臭絶倫モンスターに何度もイカされまくったワタシ 八蜜凛 using stash-box: https://javstash.org/graphql 
[36mINFO[0m[2026-05-09 17:17:10] stash-box: no fingerprint match, trying title search: Double The Excitement With A Pounding Heart! Erotic And Cute Lascivious Ladies Ejaculate All Over The Place! | Double the excitement with a pounding heart! Erotic and Cute Lascivious Ladies Ejaculate All Over the Place! 
[36mINFO[0m[2026-05-09 17:17:10] stash-box: no fingerprint match, trying title search: Never Mess With Me... My Boss's Wife Seduced Me And Fucked Me... Ria Yoshizawa | Never mess with me... My boss's wife seduced me and fucked me... Ria Yoshizawa 
[36mINFO[0m[2026-05-09 17:17:10] Successfully identified /Volumes/Expansion/all_mp4/hhd800.com@FSDSS-983.mp4 as ヤリチンの兄たちに寝取られ敏感即イキ体質の性処理ペットになった彼女。 御園もも using stash-box: https://javstash.org/graphql 
[36mINFO[0m[2026-05-09 17:17:10] Refined JAV title for scene 491: SEX With A Virgin, A Senior At A Part-time Job, Who Is A Virgin By The Looks Of It, And I Made Her Ejaculate 10 Times Before Morning. | ライブ帰り相部屋筆おろしSEX 見た目通り童貞のバイト先の先輩とSEXの練習したら朝までに10発射精させた 山下紗和 
[36mINFO[0m[2026-05-09 17:17:10] Successfully identified /Volumes/Expansion/all_mp4/hhd800.com@GVH-634.mp4 as 絶倫マザコン義息に、男性不信な敏感おっぱいを【美巨乳オナホ調教】されてしまった清楚ママの新婚生活 宮西ひかる using stash-box: https://javstash.org/graphql 
[36mINFO[0m[2026-05-09 17:17:12] Successfully identified /Volumes/Expansion/all_mp4/hhd800.com@HMN-634.mp4 as お姉さんとしちゃう？？ 浮気してオナ禁反省中に泊りに来た彼女の姉・あかねにPtoMで何度も暴発ごっくん＆中出し 台無し射精管理され続けた5日間 美谷朱音 using stash-box: https://javstash.org/graphql 
[36mINFO[0m[2026-05-09 17:17:12] Successfully identified /Volumes/Expansion/all_mp4/hhd800.com@HMN-626.mp4 as クラスの優等生に勉強を教えてくれと言われたので放課後に媚薬でエビぞりイキさせて中出しを教えてしまった。 倉本すみれ using stash-box: https://javstash.org/graphql 
[36mINFO[0m[2026-05-09 17:17:12] Successfully identified /Volumes/Expansion/all_mp4/hhd800.com@HMN-636.mp4 as ちび童貞達に媚薬を飲まされ昼間から病室で何度も中出しされる高身長170cm女ナース 鈴音まゆ using stash-box: https://javstash.org/graphql 
[36mINFO[0m[2026-05-09 17:17:12] Successfully identified /Volumes/Expansion/all_mp4/hhd800.com@HMN-637.mp4 as 花火大会の夜、狂わせた突然の大雨　幼馴染のクラスメイトと駆け込んだラブホ相部屋雨宿り中出し 香水じゅん using stash-box: https://javstash.org/graphql 
[36mINFO[0m[2026-05-09 17:17:12] Refined JAV title for scene 494: I Know That Sucking Your Uraji Is The Most Pleasurable Part...?" The Story Of Rie, A Childhood Friend Who Got Into Posting Videos, Who Has Been Torturing Me Day After Day By Licking My Uraji For The Ultimate Ejaculation. Rie Miyagi | 「裏筋フェラが一番気持ちいいんでしょ…？」動画投稿にハマった幼馴染・りえちゃんが、究極の射精を求めて僕のウラスジを連日ぺろぺろ責めまくってきた話。 宮城りえ 
[36mINFO[0m[2026-05-09 17:17:13] Successfully identified /Volumes/Expansion/all_mp4/FSDSS-954.mp4 as オヤジファンを虜にする爆乳レイヤーが秘密のコスプレオフパコ枕営業 楠エリサ using stash-box: https://javstash.org/graphql 
[36mINFO[0m[2026-05-09 17:17:13] Successfully identified /Volumes/Expansion/all_mp4/hhd800.com@HMN-643.mp4 as 濡れ透けJ●が自宅の軒先で勝手に雨宿りしてたので中出しレ×プ using stash-box: https://javstash.org/graphql 
[36mINFO[0m[2026-05-09 17:17:13] stash-box: no fingerprint match, trying title search: I Rubbed My Hard Cock On An Innocent Girl Studying In The Library And Her Pussy Got So Wet I Got Her Off! | I Rubbed My Hard Cock On An Innocent Girl Studying In The Library And Her Pussy Got So Wet I Got Her Off! 
[36mINFO[0m[2026-05-09 17:17:13] Successfully identified /Volumes/Expansion/all_mp4/hhd800.com@HMN-651.mp4 as 野球部のエースに初カノを寝取られて… 男は見た目じゃなくて中身と言ってた彼女が絶倫チ●ポに何度もイカされ直球中出し!! 虹村ゆみ using stash-box: https://javstash.org/graphql 
[36mINFO[0m[2026-05-09 17:17:14] Successfully identified /Volumes/Expansion/all_mp4/hhd800.com@HMN-685.mp4 as 女子同士でおふざけで撮った「J●騎乗位動画」がSNSで拡散され終わらない追姦中出しレ×プの被害者になってしまった巨乳女子●生 using stash-box: https://javstash.org/graphql 
[36mINFO[0m[2026-05-09 17:17:14] stash-box: no fingerprint match, trying title search: After-school Sex Worker ● I Am A Comfort Toy For The Boys In My Class Noa Egawa | 放課後の性奴隷私はクラス男子の慰め玩具です栄川乃亜 
[36mINFO[0m[2026-05-09 17:17:14] Successfully identified /Volumes/Expansion/all_mp4/hhd800.com@HMN-655.mp4 as 痴漢電車NTR 昨日痴漢した女が死ぬほど嫌いな上司の妻だったので、デカ尻弄びイキ堕ちるまで中出しした。 五日市芽依 using stash-box: https://javstash.org/graphql 
[36mINFO[0m[2026-05-09 17:17:14] Successfully identified /Volumes/Expansion/all_mp4/gg5.co@MIDV-654-C_GG5.mp4 as 「マ〇コ見せたら許してやるよ」 怯える万引き少女を脅してネチネチ性器イジくる変質コンビニ店長が分からせ粘着レ×プ あの日から性処理バイト便女となった私… 七沢みあ using stash-box: https://javstash.org/graphql 
[36mINFO[0m[2026-05-09 17:17:14] Refined JAV title for scene 495: I Was Made To Wear The Prototype Elephant Pants By Her Sister Sakura In The Product Development Department, And I Kept Ejaculating As She Sucked And Sucked My Protruding Glans With Her Duck Mouth.... Sakura Walnut | 「亀頭なら浮気にはなりません…」商品開発部で彼女の妹・さくらちゃんに試作品の象さんパンツを履かされた僕は、飛び出た亀頭をアヒル口吸引フェラチオされてビュルビュル射精し続けました…。 胡桃さくら 
[36mINFO[0m[2026-05-09 17:17:15] stash-box: no fingerprint match, trying title search: Footage Of A Stepdaughter Ravished By Her Stepfather Hana Shirato | IBW-866z 
[36mINFO[0m[2026-05-09 17:17:15] Successfully identified /Volumes/Expansion/all_mp4/hhd800.com@HODV-21947.mp4 as 小悪魔生徒会長の甘サド誘惑パンチラ 椎名心春 using stash-box: https://javstash.org/graphql 
[36mINFO[0m[2026-05-09 17:17:15] stash-box: no fingerprint match, trying title search: 死ぬほど嫌いな義父の大好物は女子○生のワタシでした… 犯されながら何度もイカされる屈辱レ×プ 朝日りお 
[36mINFO[0m[2026-05-09 17:17:15] stash-box: no fingerprint match, trying title search: I Gave The Only Daughter Of The Beloved Classmate Who Bullied Me In School A Revenge Blowjob, Maika Hiizumi. | I gave the only daughter of the beloved classmate who bullied me in school a revenge blowjob, Maika Hiizumi. 
[36mINFO[0m[2026-05-09 17:17:16] Successfully identified /Volumes/Expansion/all_mp4/hhd800.com@HZGD-273.mp4 as タイムリープ-初恋だった憧れの美人すぎる先輩を旦那から寝盗り俺の嫁にした- 倉木しおり using stash-box: https://javstash.org/graphql 
[36mINFO[0m[2026-05-09 17:17:16] Successfully identified /Volumes/Expansion/all_mp4/hhd800.com@IPX-689.mp4 as 死ぬほど嫌いな義父の大好物は女子〇生のワタシでした… 楓カレン using stash-box: https://javstash.org/graphql 
[36mINFO[0m[2026-05-09 17:17:16] stash-box: no fingerprint match, trying title search: Mother Covered In Cum After Being Forced To Perform Sex Work On Her Son's Friends Who Are Children - Ayaka Muto | Mother covered in cum after being forced to perform sex work on her son's friends who are children - Ayaka Muto 
[36mINFO[0m[2026-05-09 17:17:16] Successfully identified /Volumes/Expansion/all_mp4/hhd800.com@IPZZ-393.mp4 as 生意気な妹にニーハイを履かせ僕だけの「絶対領域」を誕生させ僕好みに痴女らせた。 佐々木さき using stash-box: https://javstash.org/graphql 
[36mINFO[0m[2026-05-09 17:17:16] Refined JAV title for scene 244: Helping Out a Teacher in a Little Sex Reunion on a Rainy Day...Female S*****t Fucked Hard in a Hotel. Yui Amane. | 進学を決めてくれた恩師と援●交際でまさかの再会…睡眠薬を飲まされホテルで犯された女子生徒 天音ゆい 
[36mINFO[0m[2026-05-09 17:17:16] Successfully identified /Volumes/Expansion/all_mp4/hhd800.com@IPZZ-300.mp4 as 隣人変態野郎に媚薬拉致監禁…美人姉妹ぶっ飛びキメセク肉穴便器化… using stash-box: https://javstash.org/graphql 
[36mINFO[0m[2026-05-09 17:17:17] Successfully identified /Volumes/Expansion/all_mp4/hdd600.com@STARS-225_UNCENSORED_LEAKED_NOWATERMARK.mp4 as 僕を助けてくれた大好きな女子が体育会系クズにレ×プされているのに… 青空ひかり using stash-box: https://javstash.org/graphql 
[36mINFO[0m[2026-05-09 17:17:18] Successfully identified /Volumes/Expansion/all_mp4/hhd800.com@ADN-583.mp4 as 人妻女上司の無防備に透けて見えるTバックに僕の理性は狂ってしまった。 五芭 using stash-box: https://javstash.org/graphql 
[36mINFO[0m[2026-05-09 17:17:18] Successfully identified /Volumes/Expansion/all_mp4/hhd800.com@IPZZ-464.mp4 as めちゃカワ家庭教師さき先生の接吻レクチャー個人レッスン 佐々木さき using stash-box: https://javstash.org/graphql 
[36mINFO[0m[2026-05-09 17:17:18] Successfully identified /Volumes/Expansion/all_mp4/hhd800.com@ADN-775.mp4 as 義父に10秒だけの約束で挿入を許したら…相性抜群過ぎて絶頂してしまった私。 using stash-box: https://javstash.org/graphql 
[36mINFO[0m[2026-05-09 17:17:18] Successfully identified /Volumes/Expansion/all_mp4/hhd800.com@ATID-506.mp4 as BBP ビッグブラックペニスに堕ちた少女 工藤ララ using stash-box: https://javstash.org/graphql 
[36mINFO[0m[2026-05-09 17:17:18] Successfully identified /Volumes/Expansion/all_mp4/hhd800.com@ADN-663.mp4 as 欲求不満な人妻と真昼間から汗だくになってヤリまくる。 白峰ミウ using stash-box: https://javstash.org/graphql 
[36mINFO[0m[2026-05-09 17:17:18] Refined JAV title for scene 692: Local Train Molestation - Remembering The Nakadashi Ring-entering Experience Of Taking An Inexperienced Schoolgirl's Virginity - Shizuku Kawakami | ローカル鉄道痴漢　ウブな女子学生の処女を奪う中出し輪姦の追憶 川上しずく 
[36mINFO[0m[2026-05-09 17:17:19] Successfully identified /Volumes/Expansion/all_mp4/hhd800.com@IPZZ-475.mp4 as パンストマニアの標的になった美脚女教師 心折るまで終わらない狂気的ストーカーの粘着性交 古川ほのか using stash-box: https://javstash.org/graphql 
[36mINFO[0m[2026-05-09 17:17:20] Successfully identified /Volumes/Expansion/all_mp4/hhd800.com@IPZZ-494.mp4 as おじさんがとっておきのおまじないしてあげる。 日向由奈 using stash-box: https://javstash.org/graphql 
[36mINFO[0m[2026-05-09 17:17:20] Refined JAV title for scene 696: A Certain Private Secondary School In Kyushu, Japan Current Music Teacher Hana Chino AV DEBUT Students, Your Quiet Teacher In The Music Room Is So Naughty. | 九州の某私立中等部 現役音楽教師 茅野華 AV DEBUT 生徒の皆さん音楽室で大人しい先生はこんなにもエッチです。 
[36mINFO[0m[2026-05-09 17:17:21] Successfully identified /Volumes/Expansion/all_mp4/hhd800.com@IPZZ-567.mp4 as ボクの出勤に合わせてシフト出す小悪魔J刑女子のイタズラ囁きハニートラップ 学生バイトちゃん奥さんと客にバレずに店内不倫NTR using stash-box: https://javstash.org/graphql 
[36mINFO[0m[2026-05-09 17:17:21] Successfully identified /Volumes/Expansion/all_mp4/hhd800.com@IPZZ-799.mp4 as ゲリラ豪雨、蒸し暑い満員電車、濡れ透けた乳房と突起… 痴漢魔に目をつけられた気弱な制服美少女は未開発な乳頭をこねくり回され続け乳首イキするほどの早漏体質に開発された。 using stash-box: https://javstash.org/graphql 
[36mINFO[0m[2026-05-09 17:17:22] Successfully identified /Volumes/Expansion/all_mp4/hhd800.com@IPZZ-830.mp4 as 死ぬほど大嫌いな上司と出張先の温泉旅館でまさかの相部屋に…醜い絶倫おやじに何度も何度もイカされてしまった私。 using stash-box: https://javstash.org/graphql 
[36mINFO[0m[2026-05-09 17:17:22] Successfully identified /Volumes/Expansion/all_mp4/hhd800.com@LULU-359.mp4 as 「奥さんはお尻でさせてくれないでしょ？」妻では味わえない極上アナルセックスで呼び出せば肛門中出しさせてくれる都合の良い最高の色白デカ尻愛人 なつみ柑奈 using stash-box: https://javstash.org/graphql 
[36mINFO[0m[2026-05-09 17:17:22] Successfully identified /Volumes/Expansion/all_mp4/hhd800.com@LULU-374.mp4 as 野球部の色白デカ尻J系マネージャーのリハビリ性処理素股で早漏暴発してしまった精子を献身ま○こに塗りたくり…そのままヌルッと生挿入！！ザーメンまみれのチ○ポに発情して止まらない全力腰振りで何度も膣射中出ししまくった。 静河 using stash-box: https://javstash.org/graphql 
[36mINFO[0m[2026-05-09 17:17:22] Refined JAV title for scene 385: Sleep Kimesec. Slender Girlfriend's Tight Pussy Trespassed By A Hobo With A Big Dick: Toiwa Chigawa | 睡眠キメセク。巨チン浮浪者に不法侵入された華奢彼女のキツマン 千川とわ 
[36mINFO[0m[2026-05-09 17:17:23] Successfully identified /Volumes/Expansion/all_mp4/hhd800.com@MFYD-128.mp4 as ボロアパートで監禁レ〇プされつづけた財閥令嬢妻 using stash-box: https://javstash.org/graphql 
[36mINFO[0m[2026-05-09 17:17:24] Successfully identified /Volumes/Expansion/all_mp4/hhd800.com@CAWD-813.mp4 as CAWD-813 using stash-box: https://stashdb.org/graphql 
[36mINFO[0m[2026-05-09 17:17:24] Refined JAV title for scene 71: Pervert Waitress Sawa Yamashita Who Makes Her Boyfriend Jealous While She Is Working Part-time And Has Sex With Him While He Is At Work, Getting Aroused By The Situation Where She Can't Make A Sound And Comes Continuously. | バイト中に押しの弱い草食彼氏を挑発したら嫉妬に狂ってブチギレガン突き性交 山下紗和 
[36mINFO[0m[2026-05-09 17:17:26] Refined JAV title for scene 712: Practicing Sex With His Best Friend's Girlfriend, The Tip Of His Glans Is Rubbed Through His Panties, And He Can't Stand It And Inserts It From His Bare Thighs. | 親友の彼女とSEXの練習 亀頭の先っぽをパンティ越しに擦られ耐えきれず素股からの挿入 バレないようにスローピストン 御園もも 
[36mINFO[0m[2026-05-09 17:17:28] Successfully identified /Volumes/Expansion/all_mp4/hhd800.com@EKDV-759.mp4 as 童貞は幼なじみに奪われました…初めて彼女のできた童貞のボクのためセックスの練習相手になってくれた太ももビッチな幼なじみ 宮城りえ using stash-box: https://javstash.org/graphql 
[36mINFO[0m[2026-05-09 17:17:28] Refined JAV title for scene 16: I Was Made To Ejaculate All Over The Place By An Innocent Little Bitch At A Hot Spring Inn On My Trip. Sana Ikuta | 旅先の温泉旅館で無邪気なメスガキに射精させられまくったボク。 生田さな 
[36mINFO[0m[2026-05-09 17:17:29] Successfully identified /Volumes/Expansion/all_mp4/hhd800.com@FOCS-235.mp4 as 【NTR】あざと可愛すぎてもはや罪！彼女の姉ちゃん（巨乳）が涎流してベロキス誘惑 妹にバレないようにこっそり激しく声我慢中出しSEX 椎名心春 using stash-box: https://javstash.org/graphql 
[36mINFO[0m[2026-05-09 17:17:30] Successfully identified /Volumes/Expansion/all_mp4/hhd800.com@FOCS-230.mp4 as 夫不在の自宅エステサロンに性欲モンスター襲来！絶倫キモおぢに強淫チ●ポマッサージで寝取られて… 連続中出しに堕ちた若妻エステティシャン 北岡果林 using stash-box: https://javstash.org/graphql 
[36mINFO[0m[2026-05-09 17:17:30] Refined JAV title for scene 160: After A Salty P-katsu J-kei Girl Falls For A Creepy Guy's Sticky, Thick Licking Sex... Ran Kamiki | 塩対応P活J系女子がキモおじのねっとり濃厚舐めSEXに堕ちてから… 神木蘭 
[36mINFO[0m[2026-05-09 17:17:31] stash-box: no fingerprint match, trying title search: The Absolute Domain Of The Slender Governess Who Is Smirkingly Seducing Me... Kiyoka Igarashi | The absolute domain of the slender governess who is smirkingly seducing me... Kiyoka Igarashi 
[36mINFO[0m[2026-05-09 17:17:32] Refined JAV title for scene 299: Masochistic Female Toilet Machine Falling Detention Intercourse High-Speed Beautiful CA - Ayami Mori | マゾメス肉便器落ち拘禁性交 ハイスペ美人CA 森あやみ 
[36mINFO[0m[2026-05-09 17:17:33] stash-box: no fingerprint match, trying title search: Double The Excitement With A Pounding Heart! Erotic And Cute Lascivious Ladies Ejaculate All Over The Place! | Double the excitement with a pounding heart! Erotic and Cute Lascivious Ladies Ejaculate All Over the Place! 
[36mINFO[0m[2026-05-09 17:17:34] Successfully identified /Volumes/Expansion/all_mp4/hhd800.com@FTHTD-119.mp4 as 地味で無口な図書委員とセックスしまくった話。『何で?私、感じちゃってるの??もしかして、いっぱい見て欲しいの?(※心の声)』 瀬戸ひなこ using stash-box: https://javstash.org/graphql 
[36mINFO[0m[2026-05-09 17:17:34] Successfully identified /Volumes/Expansion/all_mp4/hhd800.com@HDKA-316.mp4 as はだかの家政婦 全裸家政婦紹介所 有馬美玖 using stash-box: https://javstash.org/graphql 
[36mINFO[0m[2026-05-09 17:17:34] Refined JAV title for scene 722: A Train Lover From School Remarries His Mother. From That Day On, She Is A Pet For Him To Put His Cum Inside Of Her...... Natsu Tojo | 学生時代の電車痴漢オヤジが母親と再婚ー。 その日から来る日も来る日も言いなり制服中出しペットにさせられて…。 東條なつ 
[36mINFO[0m[2026-05-09 17:17:36] Refined JAV title for scene 200: Bursting Tits Layer Who Captivates Older Fans Secretly Cosplays Off Paco Pillow Business - Elisa Kusunoki | オヤジファンを虜にする爆乳レイヤーが秘密のコスプレオフパコ枕営業 楠エリサ 
[36mINFO[0m[2026-05-09 17:17:37] Successfully identified /Volumes/Expansion/all_mp4/hhd800.com@HUNTC-046.mp4 as 心の声が聞こえる電車痴漢！えっウソ！ダメ！お願い！そこで止めないで！イキそうなのに…（※心の声）痴漢被害者女性の心の声が聞こえる電車痴漢 using stash-box: https://javstash.org/graphql 
[36mINFO[0m[2026-05-09 17:17:38] Refined JAV title for scene 737: Saki Sasaki, A Sassy Gal In School Uniform Who Has Learned To Cum On Her Sensitive Nipples To The Point Of Incontinence After Being Repeatedly Fondled And Developed By A Motherfucking Middle-aged Teacher Whom She Hates! | 大嫌いなマザコン中年教師に何度も何度も敏感乳首をもてあそばれ開発され失禁するほどの乳首アクメを覚えてしまった生意気制服ギャル 佐々木さき 
[36mINFO[0m[2026-05-09 17:17:38] stash-box: no fingerprint match, trying title search: Creampie Sex While Nodding Off, The Sought-After High S*********l, Ruha. Ruha Yamaguchi | Creampie Sex While Nodding Off, The Sought-After High School Girl, Ruha. Ruha Yamaguchi 
[36mINFO[0m[2026-05-09 17:17:39] Successfully identified /Volumes/Expansion/all_mp4/hhd800.com@HSODA-052.mp4 as 時間停止学級4。時間を止める事ができる神装置で好きな時に挿れたり、止めたりし放題。 using stash-box: https://javstash.org/graphql 
[36mINFO[0m[2026-05-09 17:17:39] Successfully identified /Volumes/Expansion/all_mp4/hhd800.com@HUNTC-296.mp4 as 心の声が聞こえる電車痴漢！2 えっ！？ウソ！ダメ！お願い！そこで止めないで！イキそうなのに…（※心の声）痴漢被害者女性の心の声が聞こえる電車痴漢！はエロ漫画さながらです！ using stash-box: https://javstash.org/graphql 
[36mINFO[0m[2026-05-09 17:17:40] Successfully identified /Volumes/Expansion/all_mp4/hhd800.com@HUNTC-276.mp4 as マジックミラーNTRマッサージ「本当に向こうから見えてないですか？」彼氏が隣にいるのに我慢できず大量潮吹きするほど感じまくる女子○生！ using stash-box: https://javstash.org/graphql 
[36mINFO[0m[2026-05-09 17:17:40] Refined JAV title for scene 69: Orchid Make-up J*痴* Tease A Cheeky Girl Who Resists Until She Cries And Comes! | オルチャンメイクJ○痴漢 抵抗しまくる生意気女子が泣きイキするまでイジリまくれ！ 
[36mINFO[0m[2026-05-09 17:17:40] Successfully identified /Volumes/Expansion/all_mp4/hhd800.com@IBW-866Z.mp4 as IBW-866z using stash-box: https://stashdb.org/graphql 
[36mINFO[0m[2026-05-09 17:17:41] Successfully identified /Volumes/Expansion/all_mp4/hhd800.com@MUDR-226.mp4 as 姉は親父に抱かれてる 親子NTR　最愛の姉を義父に寝取られた僕 美園和花 using stash-box: https://javstash.org/graphql 
[36mINFO[0m[2026-05-09 17:17:42] Successfully identified /Volumes/Expansion/all_mp4/hhd800.com@MUDR-353.mp4 as 少女を虜にする方法 背徳感と快楽を利用して少女に中出し＆種付け洗脳！ using stash-box: https://javstash.org/graphql 
[36mINFO[0m[2026-05-09 17:17:42] Refined JAV title for scene 140: A College Student Who Was Turned By Her Classmates At A Home-drinking Party. Wakana Sakura | 「女１人で参加したのが間違いでした…」 宅飲みで同級生達に廻された女子大生。 さくらわかな 
[36mINFO[0m[2026-05-09 17:17:42] stash-box: no fingerprint match, trying title search: Married Delirious Woman Targeted By Sexually Harassed Teacher From School Days, Reno Kiyomi | Married delirious woman targeted by sexually harassed teacher from school days, Reno Kiyomi 
[36mINFO[0m[2026-05-09 17:17:43] stash-box: no fingerprint match, trying title search: Full Service Blushing Sluts 13 - Bakers, Car Washers, Strawberry Pickers, Takoyaki Cooks | Full Service Blushing Sluts 13 - Bakers, Car Washers, Strawberry Pickers, Takoyaki Cooks 
[36mINFO[0m[2026-05-09 17:17:44] Successfully identified /Volumes/Expansion/all_mp4/hhd800.com@NHDTB-665.mp4 as 男湯で出会った痴女っこ 突然のベロちゅうと抱っこSEXで迫られ我慢できず何度も膣射 using stash-box: https://javstash.org/graphql 
[36mINFO[0m[2026-05-09 17:17:44] Refined JAV title for scene 232: Female Teacher With Beautiful Legs, A Target Of Pantyhose Mania RARA | パンストマニアの標的になった美脚女教師 
[36mINFO[0m[2026-05-09 17:17:46] Successfully identified /Volumes/Expansion/all_mp4/hhd800.com@MAAN-1039.mp4 as 精子提供を希望する人妻に夫に代わって孕ませ代行12【かんな】 using stash-box: https://javstash.org/graphql 
[36mINFO[0m[2026-05-09 17:17:46] Refined JAV title for scene 199: Brother-loving Sister In Uniform Whispering Seductive Sex At Zero Distance. | お兄ちゃん大好き制服妹のゼロ距離囁き誘惑SEX お兄ちゃん、ず～っとチンチン固くて変態だね 日向由奈 
[36mINFO[0m[2026-05-09 17:17:47] Successfully identified /Volumes/Expansion/all_mp4/hhd800.com@MASM-004.mp4 as くそ生意気な家出メスガキに俺の家を乗っ取られた！ざこざこざぁ～こと罵られて大人のプライドを打ち砕かれて逆レ搾精されまくった 森日向子 using stash-box: https://javstash.org/graphql 
[36mINFO[0m[2026-05-09 17:17:47] Successfully identified /Volumes/Expansion/all_mp4/hhd800.com@NHDTC-069.mp4 as アヘ顔するまでイキ潰す地雷系女子中出し羞恥3 using stash-box: https://javstash.org/graphql 
[31mERRO[0m[2026-05-09 17:17:48] error getting studio for /Volumes/Expansion/all_mp4/hhd800.com@MDBK-358.mp4: studio with name 'K M Produce' already exists 
[36mINFO[0m[2026-05-09 17:17:48] Successfully identified /Volumes/Expansion/all_mp4/hhd800.com@MDBK-358.mp4 as 絶対領域のチラリズムでギンギンになったチ●ポを美脚エロテクで射精に導く美女パパ活OL using stash-box: https://javstash.org/graphql 
[36mINFO[0m[2026-05-09 17:17:48] Refined JAV title for scene 741: Private SEX LECTURE LESSON By Karen, A Maid Exclusively For Virgins Best Brush-off And Servant Sex That Gently Wraps Your Heart And Dick Karen Kaede | 童貞専用メイドカレンさんのSEXレクチャー個人レッスン ハートとチ〇ポを優しく包み込んでくれる最高の筆おろしご奉仕セックス 楓カレン 
[36mINFO[0m[2026-05-09 17:17:49] Successfully identified /Volumes/Expansion/all_mp4/hhd800.com@MIAA-648.mp4 as 僕を助けてくれる幼なじみがいじめっこに犯されているのを見て勃起した 東條なつ using stash-box: https://javstash.org/graphql 
[36mINFO[0m[2026-05-09 17:17:49] Successfully identified /Volumes/Expansion/all_mp4/hhd800.com@MIAB-451.mp4 as 貧乏な専業主婦が金持ち絶倫チ●ポに堕ちるまで…夫と子供が待つ自宅を抜け出し熱烈ベロキス中出し求愛 using stash-box: https://javstash.org/graphql 
[36mINFO[0m[2026-05-09 17:17:49] Successfully identified /Volumes/Expansion/all_mp4/hhd800.com@MIAB-013.mp4 as 校則違反ミニスカJ系ギャルをスクワット説教！ またがり空気椅子で勃起チ〇ポを押し付けパンツ布越しブッ刺し突き上げ騎乗位で分からせてヤった！ 斎藤あみり using stash-box: https://javstash.org/graphql 
[36mINFO[0m[2026-05-09 17:17:49] Successfully identified /Volumes/Expansion/all_mp4/hhd800.com@MIDA-006.mp4 as 上司が旅行中、クッソ生意気なメスガキの子守り…絶対的主従関係の中で何度も何度も無念射精させられるボク(部下。否、下僕) 七沢みあ using stash-box: https://javstash.org/graphql 
[36mINFO[0m[2026-05-09 17:17:49] Successfully identified /Volumes/Expansion/all_mp4/hhd800.com@MIDA-024.mp4 as 出張先で大嫌いな上司にセクハラ相部屋を仕組まれた私…トイレも行かせてもらえずネチネチ性器イジられ屈辱失禁 朝まで絶倫肉棒ピストン絶叫アクメ泣き 石川澪 using stash-box: https://javstash.org/graphql 
[36mINFO[0m[2026-05-09 17:17:50] Successfully identified /Volumes/Expansion/all_mp4/hhd800.com@NHDTC-116.mp4 as 就寝中の夜行バスで指マンされた恐怖に目を開けられず寝たふりしながらイキまくる気弱女子3 using stash-box: https://javstash.org/graphql 
[36mINFO[0m[2026-05-09 17:17:50] Successfully identified /Volumes/Expansion/all_mp4/hhd800.com@NHDTC-178.mp4 as オルチャンメイク美少女羞恥4 抵抗しまくる生意気女子が泣きイキするまで弄りまわせ! using stash-box: https://javstash.org/graphql 
[36mINFO[0m[2026-05-09 17:17:50] Successfully identified /Volumes/Expansion/all_mp4/hhd800.com@MIDA-007.mp4 as 突然の大雨…濡れ透けNTR　いつもJ●彼女を送ってさよならする田舎の終着駅で知らない中年オヤジのチ●ポの虜になっているなんて… 水卜さくら using stash-box: https://javstash.org/graphql 
[36mINFO[0m[2026-05-09 17:17:50] Successfully identified /Volumes/Expansion/all_mp4/hhd800.com@MIAB-424.mp4 as 予備校講師とラブホでハメ撮り　都合のイイ女子生徒オトナ中出しアクメ using stash-box: https://javstash.org/graphql 
[36mINFO[0m[2026-05-09 17:17:50] Refined JAV title for scene 334: Newcomer! Idol Debut Kicked Off And AV Debut! A Beautiful Girl Who Could Have Been An Idol. Shirakumo Ame | 新人！アイドルデビュー蹴ってAVデビュー！ アイドルだったかもしれない美少女_。 白雲あめ 
[36mINFO[0m[2026-05-09 17:17:51] Successfully identified /Volumes/Expansion/all_mp4/hhd800.com@MIDA-029.mp4 as 最低なヤツのクンニが最高だなんて・・・ 大嫌いなクチャラー教頭に騙されクンニ中毒にされた新任女教師 二枚舌上司NTR 一ノ瀬あおい using stash-box: https://javstash.org/graphql 
[36mINFO[0m[2026-05-09 17:17:51] Successfully identified /Volumes/Expansion/all_mp4/hhd800.com@MIDA-033.mp4 as 妻が帰省した3日間発育途中の三角おっぱい連れ子を熟す前に一生分ヤリ貯めした。 野宮あん using stash-box: https://javstash.org/graphql 
[36mINFO[0m[2026-05-09 17:17:52] Successfully identified /Volumes/Expansion/all_mp4/hhd800.com@MIDA-032.mp4 as 献身ビッチ女子マネージャーのスタミナ増強トレーニング！2泊3日20 射精おま○こ中出し合宿 月雲よる using stash-box: https://javstash.org/graphql 
[36mINFO[0m[2026-05-09 17:17:52] Successfully identified /Volumes/Expansion/all_mp4/hhd800.com@MIDA-038.mp4 as 専属決定　史上1番イッてるってばぁ！状態でも中出しピストンやめない！絶対！ 天宮花南 using stash-box: https://javstash.org/graphql 
[36mINFO[0m[2026-05-09 17:17:52] Refined JAV title for scene 709: 4K] My Virginity Was Stolen By My Childhood Friend... My Childhood Friend Who Became A Sex Practice Partner For Me, A Virgin Who Got A Girlfriend For The First Time - Suzu Nagano | 童貞は幼なじみに奪われました…初めて彼女のできた童貞のボクのためセックスの練習相手になってくれた見た目清楚な幼なじみ 永野鈴 
[36mINFO[0m[2026-05-09 17:17:52] Successfully identified /Volumes/Expansion/all_mp4/hhd800.com@MIDA-048.mp4 as クッソ生意気な制服妹を俺(兄)だけの自宅メンズエステ嬢にシテやった…！ using stash-box: https://javstash.org/graphql 
[36mINFO[0m[2026-05-09 17:17:53] Successfully identified /Volumes/Expansion/all_mp4/hhd800.com@MIDA-071.mp4 as 一駅が長ぁ～い田舎電車で汗だく透け制服ブラに欲情した運動部員たちの野獣ピストンで廻されノンストップ絶頂を知ってしまった私… 野宮あん using stash-box: https://javstash.org/graphql 
[36mINFO[0m[2026-05-09 17:17:53] Successfully identified /Volumes/Expansion/all_mp4/hhd800.com@MIDA-062.mp4 as 真面目で無口な義妹のモジモジ誘惑パンチラに理性を奪われたボク…チラ見するたび恥ずかしそうにハミ尻プリプリして濡れ染みビッチョリ！ using stash-box: https://javstash.org/graphql 
[36mINFO[0m[2026-05-09 17:17:54] Successfully identified /Volumes/Expansion/all_mp4/hhd800.com@MIDA-107.mp4 as 借金漬けになった愛する夫の身代わりで乳首奴隷にされた私。 変態高利貸しの連日チクハラ調教で自ら中出しを求めるまで…。 using stash-box: https://javstash.org/graphql 
[36mINFO[0m[2026-05-09 17:17:54] stash-box: no fingerprint match, trying title search: The Absolute Domain Of The Slender Governess Who Is Smirkingly Seducing Me... Kiyoka Igarashi | The absolute domain of the slender governess who is smirkingly seducing me... Kiyoka Igarashi 
[36mINFO[0m[2026-05-09 17:17:54] Successfully identified /Volumes/Expansion/all_mp4/hhd800.com@MIDA-073.mp4 as 通学中の電車で痴漢集団に狙われた私…抵抗する制服J系の敏感性器イジくり精子ぶっかけ声殺しサイレント輪姦 using stash-box: https://javstash.org/graphql 
[36mINFO[0m[2026-05-09 17:17:54] Refined JAV title for scene 711: 4K] My Virginity Was Taken By My Childhood Friend... My Childhood Friend Who Became A Practice Sex Partner For Me, A Virgin Who Got A Girlfriend For The First Time... Miyu Hou | 童貞は幼なじみに奪われました…初めて彼女のできた童貞のボクのためセックスの練習相手になってくれたツンデレな幼なじみ 鳳みゆ 
[36mINFO[0m[2026-05-09 17:17:54] Successfully identified /Volumes/Expansion/all_mp4/hhd800.com@MIDA-269.mp4 as 雑誌で人気なIカップ女子●生グラビアアイドルを痴漢したら「最近表情がエロい」と褒められるようになったらしくますます俺のテクの虜に。 using stash-box: https://javstash.org/graphql 
[36mINFO[0m[2026-05-09 17:17:55] Successfully identified /Volumes/Expansion/all_mp4/hhd800.com@MIDA-147.mp4 as 新歓コンパNTR ※胸糞注意 普通の大学生活に憧れて進学した現役グラビアアイドルの彼女が【歓迎コンパ】で1年生を喰いまくってるヤリチン男子に1晩中ハメられイカされていた話。 塔乃花鈴 using stash-box: https://javstash.org/graphql 
[36mINFO[0m[2026-05-09 17:17:55] Successfully identified /Volumes/Expansion/all_mp4/hhd800.com@MIDV-032.mp4 as 「みあちゃんに彼氏が出来たなんて…」 10年分の片思いが爆発する隣人の異常性欲オヤジが媚薬でキメセク監禁 ゴミ部屋で汗だく失禁いいなり同棲させられた3日間 七沢みあ using stash-box: https://javstash.org/graphql 
[36mINFO[0m[2026-05-09 17:17:55] Successfully identified /Volumes/Expansion/all_mp4/hhd800.com@MIDA-571.mp4 as 妻が帰省した3日間発育しきって喰い頃な巨乳連れ子を一生分ヤリ貯めした。 using stash-box: https://javstash.org/graphql 
[36mINFO[0m[2026-05-09 17:17:55] Successfully identified /Volumes/Expansion/all_mp4/hhd800.com@MIDV-159.mp4 as パンチラを見せつけてくる彼女の妹の誘惑に負けた僕は暴走して初めて浮気をしてしまった 五十嵐清華 using stash-box: https://javstash.org/graphql 
[36mINFO[0m[2026-05-09 17:17:56] Successfully identified /Volumes/Expansion/all_mp4/hhd800.com@MIDV-375.mp4 as 【閲覧注意】ゴミ屋敷に住む異臭オヤジに脳がバグるまでネッチョリ責められ監禁同棲させられた５日間の調教記録 八木奈々 using stash-box: https://javstash.org/graphql 
[36mINFO[0m[2026-05-09 17:17:56] Refined JAV title for scene 736: My Father-in-law, Whom I Hate To Death, Loves To Fuck Me, A Female Student... Humiliating Rape In Which I Am Repeatedly Made To Come While Being Raped Rio Asahi | 死ぬほど嫌いな義父の大好物は女子○生のワタシでした… 犯されながら何度もイカされる屈辱レ×プ 朝日りお 
[36mINFO[0m[2026-05-09 17:17:56] stash-box: no fingerprint match, trying title search: Raw Middle Group 10 | Raw middle group 10 
[36mINFO[0m[2026-05-09 17:17:57] Successfully identified /Volumes/Expansion/all_mp4/hhd800.com@MIDV-678.mp4 as 彼女の双子の妹がこっそりセックスOKで僕を誘惑 鈴音まゆ 滝冬煇 using stash-box: https://javstash.org/graphql 
[36mINFO[0m[2026-05-09 17:17:57] Successfully identified /Volumes/Expansion/all_mp4/hhd800.com@MIDV-611.mp4 as 停電ドアロック監禁　深夜のコンビニで発情セクハラ店長の暴走レ×プデカチン緩急ピストン半狂乱アクメ 宮下玲奈 using stash-box: https://javstash.org/graphql 
[36mINFO[0m[2026-05-09 17:17:57] Successfully identified /Volumes/Expansion/all_mp4/hhd800.com@MIDV-679.mp4 as 彼女の双子のお姉さんが肉食すぎるアプローチで僕を誘惑 滝冬煇 鈴音まゆ using stash-box: https://javstash.org/graphql 
[36mINFO[0m[2026-05-09 17:17:57] Successfully identified /Volumes/Expansion/all_mp4/hhd800.com@MIDV-707.mp4 as 解禁 生まれて初めての中出し性交　スレンダーBODY突き上げFUCK イってるってばぁ状態でもやめない中出し3本番 鈴音まゆ using stash-box: https://javstash.org/graphql 
[36mINFO[0m[2026-05-09 17:17:58] Refined JAV title for scene 793: Big-breasted Married Woman Gets Fucked By A Scumbag's Adulterous Dick, 10-rounds Nakadashi Hot Spring Trip - Kasumi Amamiya | クズ男の絶倫チ●ポでイカされまくる巨乳人妻の10発中出し温泉旅行 天宮かすみ 
[36mINFO[0m[2026-05-09 17:17:59] Successfully identified /Volumes/Expansion/all_mp4/hhd800.com@MIDV-881.mp4 as スレンダー女子マネージャーはおま○こ挿れ放題即々ズボズボ性欲解消ペット 八木奈々 using stash-box: https://javstash.org/graphql 
[36mINFO[0m[2026-05-09 17:17:59] Successfully identified /Volumes/Expansion/all_mp4/hhd800.com@MIDV-835.mp4 as 嫁の連れ子を1週間お貸しします。知らないオヤジと義父の肉棒で何度も何度もイってしまった私… 石川澪 using stash-box: https://javstash.org/graphql 
[36mINFO[0m[2026-05-09 17:17:59] Successfully identified /Volumes/Expansion/all_mp4/hhd800.com@MIDV-794.mp4 as 痴漢の指マンがストライクすぎて…声も出せず糸引くほど愛液が溢れ出し堕とされた私 高橋ほなみ using stash-box: https://javstash.org/graphql 
[36mINFO[0m[2026-05-09 17:17:59] Successfully identified /Volumes/Expansion/all_mp4/hhd800.com@MIDV-906.mp4 as 先生、お願い　イカせてください…　嫌だと言えない私。転任して来た教師のチ〇ポに学校中のあちこちで声も出せずにイカされ続けて私の心は、揺れ動いていました。 宮崎千尋 using stash-box: https://javstash.org/graphql 
[36mINFO[0m[2026-05-09 17:18:00] Successfully identified /Volumes/Expansion/all_mp4/hhd800.com@MIDV-965.mp4 as 家、いきなり行ってイイですか？ M男クンのお宅へ突撃デリバリーSEX！！ マジでガチ恋させちゃう胸キュン絶対的美少女 宮下玲奈 using stash-box: https://javstash.org/graphql 
[36mINFO[0m[2026-05-09 17:18:00] Successfully identified /Volumes/Expansion/all_mp4/hhd800.com@MIDV-901.mp4 as エロ整体師の指使いがドストライクすぎて…嫌と言えずにイカされ続けた制服少女 宮崎千尋 using stash-box: https://javstash.org/graphql 
[36mINFO[0m[2026-05-09 17:18:00] Refined JAV title for scene 794: Overwhelmed With Sexual Desire, The Beautiful Girl In School Uniform Gets All Sweaty And Devours A Man, Having An Immense Sexual Intercourse. | 性欲の溢れたエロ過ぎ制服美少女が汗だくになって男を貪る絶倫性交 椎名心春 
[36mINFO[0m[2026-05-09 17:18:01] Successfully identified /Volumes/Expansion/all_mp4/hhd800.com@MIKR-005.mp4 as 痴女開花！きれいなお姉さんがM男をじっくりねっとり痴女りまくり 白岩冬萌 using stash-box: https://javstash.org/graphql 
[36mINFO[0m[2026-05-09 17:18:01] stash-box: no fingerprint match, trying title search: Creampie Sex While Nodding Off, The Sought-After High S*********l, Ruha. Ruha Yamaguchi | Creampie Sex While Nodding Off, The Sought-After High School Girl, Ruha. Ruha Yamaguchi 
[36mINFO[0m[2026-05-09 17:18:01] Successfully identified /Volumes/Expansion/all_mp4/hhd800.com@MIFD-603.mp4 as 青春ウォーター朝ドラ女優みたいな美少女AV DEBUT 大人しい小動物みたいな可愛い声でキャンキャン喘ぎチ〇ポアクメ 白百合みなみ using stash-box: https://javstash.org/graphql 
[36mINFO[0m[2026-05-09 17:18:02] Successfully identified /Volumes/Expansion/all_mp4/hhd800.com@MIFD-574.mp4 as 未熟女子に大量中出し。もうイッてるってばぁ！ピクピク痙攣2000回！追撃ピストンではじめての中出し3本番。 愛望莉里 using stash-box: https://javstash.org/graphql 
[36mINFO[0m[2026-05-09 17:18:02] Successfully identified /Volumes/Expansion/all_mp4/hhd800.com@MIDV-989.mp4 as 義妹のぷりぷりお尻が生イキすぎたから…両親不在の３日間に激ピス！バック中出しで分からせ子作り！ 小野六花 using stash-box: https://javstash.org/graphql 
[36mINFO[0m[2026-05-09 17:18:02] Successfully identified /Volumes/Expansion/all_mp4/hhd800.com@MIDV-988.mp4 as 停電ドアロック監禁　深夜のコンビニで発情セクハラ店長の暴走レ×プ　デカチン緩急ピストン半狂乱アクメ 一ノ瀬あおい using stash-box: https://javstash.org/graphql 
[36mINFO[0m[2026-05-09 17:18:02] Refined JAV title for scene 795: My Sister's Pillow Aptitude Is Too High! My Sister, Who Makes Cock Captive With Her Little Devil Seduction And Continuous Nakadashi, Will Become A Super-sketchy Idol Who Is Sure To Be A Pillow Matchless In The Entertainment Industry! | 俺の妹の枕適性が高すぎる！！ 小悪魔誘惑＆連続中出しでオチンチン虜にする妹は、芸能界で枕無双間違いなしの超ドスケベアイドルになる 
[36mINFO[0m[2026-05-09 17:18:03] Successfully identified /Volumes/Expansion/all_mp4/hhd800.com@MIKR-009.mp4 as 綺麗なお姉さんのスレンダー巨乳ボディに紙パンが破れそう… 舐めテク・ハンドテク・極上おま〇こ本番で抜きにくる 高級回春メンズエステ 白岩冬萌 using stash-box: https://javstash.org/graphql 
[36mINFO[0m[2026-05-09 17:18:04] Successfully identified /Volumes/Expansion/all_mp4/hhd800.com@MIMK-201.mp4 as 彼とわたしと店長の深夜勤務 シリーズ累計販売数22万部-実写版- S1×MOODYZ 未歩なな初原作コラボ！元祖胸糞NTRドラマ using stash-box: https://javstash.org/graphql 
[36mINFO[0m[2026-05-09 17:18:04] Successfully identified /Volumes/Expansion/all_mp4/hhd800.com@MMUS-060.mp4 as 絶対パンチラ！常に挑発しながら抜いてくる小悪魔美少女3人組 using stash-box: https://javstash.org/graphql 
[36mINFO[0m[2026-05-09 17:18:04] Refined JAV title for scene 796: A Divine Project Descends On An All-girls School Festival! Everyone Gets Into The Groove At The Cultural Festival "Fuzoku Reflex" Harem! | 女子校の文化祭で神企画が降臨！！ みんなでノリノリの文化祭『風俗リフレ』ハーレム 
[36mINFO[0m[2026-05-09 17:18:04] Successfully identified /Volumes/Expansion/all_mp4/hhd800.com@MOOR-032.mp4 as 気の強い女教師がJ●に転生してしかも不良たちに●られた話 森沢かな using stash-box: https://javstash.org/graphql 
[36mINFO[0m[2026-05-09 17:18:06] Successfully identified /Volumes/Expansion/all_mp4/hhd800.com@MRSS-160.mp4 as 妻との子どもが欲しいが僕が男性不妊だったので、精子提供者に直接中出ししてもらうことになった 尾崎えりか using stash-box: https://javstash.org/graphql 
[36mINFO[0m[2026-05-09 17:18:06] Refined JAV title for scene 797: Innocent School Uniformed Beautiful Girl, Hinako Matsui, Who Was Blackmailed And Kept On Being Nakadashi'd As A Sex Toy Until She Was Impregnated. | 万引き冤罪レ×プ　脅迫され性処理肉便器として孕むまで中出しされ続けた無実の制服美少女 
[36mINFO[0m[2026-05-09 17:18:07] stash-box: no fingerprint match, trying title search: Married Delirious Woman Targeted By Sexually Harassed Teacher From School Days, Reno Kiyomi | Married delirious woman targeted by sexually harassed teacher from school days, Reno Kiyomi 
[36mINFO[0m[2026-05-09 17:18:07] Successfully identified /Volumes/Expansion/all_mp4/hhd800.com@NPJS-135.mp4 as ゲーマーお姉さんの配信に課金しまくってたらオフパコできたよ！！ ミズキさん2〇歳 ゲームとコスプレ大好きな引きこもりお姉さん using stash-box: https://javstash.org/graphql 
[36mINFO[0m[2026-05-09 17:18:07] Successfully identified /Volumes/Expansion/all_mp4/hhd800.com@NPJS-147.mp4 as 【個撮】 担当ホストに貢ぎたくて、個撮に応募してきた裏垢女子。 「金額次第で何でも…」 撮影始めたら変態娘で理性は薄れSEX没入。 【許可済み販売】 using stash-box: https://javstash.org/graphql 
[36mINFO[0m[2026-05-09 17:18:07] stash-box: no fingerprint match, trying title search: Full Service Blushing Sluts 13 - Bakers, Car Washers, Strawberry Pickers, Takoyaki Cooks | Full Service Blushing Sluts 13 - Bakers, Car Washers, Strawberry Pickers, Takoyaki Cooks 
[36mINFO[0m[2026-05-09 17:18:08] Successfully identified /Volumes/Expansion/all_mp4/hhd800.com@PPPE-291.mp4 as 「親には内緒だよ？」巨乳妹は新人風俗嬢 おっぱい口止め乳技フルコースに負けクズ兄ナマ本番 using stash-box: https://javstash.org/graphql 
[36mINFO[0m[2026-05-09 17:18:08] Successfully identified /Volumes/Expansion/all_mp4/hhd800.com@PRED-740.mp4 as 喰い頃の発育ボディ義娘（J系）を妻不在中にキメセク中出し調教で愛し（犯し）まくった。 逢沢みゆ using stash-box: https://javstash.org/graphql 
[36mINFO[0m[2026-05-09 17:18:08] Refined JAV title for scene 293: Live Sex Group 6 - Female Students SP | 生中痴漢集団6 女子○生SP 
[36mINFO[0m[2026-05-09 17:18:10] Refined JAV title for scene 312: Miniskirt S********l Pervert 3. When She Has A Short Skirt On, It's Time To Take Her From Behind! | ミニスカJ○痴漢3 短いスカートをめくってバックから犯りまくれ！ 
[36mINFO[0m[2026-05-09 17:18:12] Successfully identified /Volumes/Expansion/all_mp4/hhd800.com@SDAM-161.mp4 as 関係希求型ス〇ーカーの記録 サロン受付嬢を〇剤〇致 起き抜け即首しめイラマチオで生中出しXXX using stash-box: https://javstash.org/graphql 
[36mINFO[0m[2026-05-09 17:18:12] Refined JAV title for scene 801: Woman Who Was Fucked Raw On A Night Bus While She Was Being Made To Come Without Speaking Loses Control Of Her Body Due To The Numbing Pleasure Of The Slow Pistons And Cannot Refuse To Cum Inside The Body. | 夜行バスで声も出せずイカされた隙に生ハメされた女はスローピストンの痺れる快感に理性を失い中出しも拒めない 女子○生限定13 敏感乳首発情SP 
[36mINFO[0m[2026-05-09 17:18:14] Refined JAV title for scene 202: Cafe Girl Chain Molestation 6 + Reunion Cafe Chain Molestation 2-disc Set SP | カフェ娘連鎖痴漢6＋再会カフェ連鎖痴漢 2枚組SP 
[36mINFO[0m[2026-05-09 17:18:15] Successfully identified /Volumes/Expansion/all_mp4/hhd800.com@SNOS-146.mp4 as 制服から覗く異様に長い手脚と規格外の170cm高身長は公衆の面前で痴漢沼に晒される using stash-box: https://javstash.org/graphql 
[36mINFO[0m[2026-05-09 17:18:15] Successfully identified /Volumes/Expansion/all_mp4/hhd800.com@SKMJ-606.mp4 as 3分前まで女子○校生！～2025年～卒業式直後にガチナンパ！生まれて初めての素股体験！クリトリスがデカチンと擦れ合って我慢出来ずにヌルっと生挿入！そのまま人生初の生中だし！！ using stash-box: https://javstash.org/graphql 
[36mINFO[0m[2026-05-09 17:18:16] Successfully identified /Volumes/Expansion/all_mp4/hhd800.com@SNOS-156.mp4 as 無口で大人しい女生徒なら体中を舐め回しても誰にも言わないんじゃないか？地味な図書委員は担任に舐め犯されても抵抗できずイキまくる。 using stash-box: https://javstash.org/graphql 
[36mINFO[0m[2026-05-09 17:18:16] Successfully identified /Volumes/Expansion/all_mp4/hhd800.com@SONE-264.mp4 as 転生したら寝取られAVの主人公だった！？ NTRの未来を変えて架乃ゆらを救い出せ。 目指すはイチャラブ濃密性交END using stash-box: https://javstash.org/graphql 
[36mINFO[0m[2026-05-09 17:18:16] Successfully identified /Volumes/Expansion/all_mp4/hhd800.com@SONE-108.mp4 as 相部屋NTR 絶倫上司と新入社員が朝から晩まで、不倫セックスに明け暮れた出張先の夜。 黒島玲衣 using stash-box: https://javstash.org/graphql 
[36mINFO[0m[2026-05-09 17:18:16] Successfully identified /Volumes/Expansion/all_mp4/hhd800.com@SONE-238.mp4 as 10代の私の誘惑に負けるオヤジ教師キモいって思いながらセックスしていました。 小坂七香 using stash-box: https://javstash.org/graphql 
[36mINFO[0m[2026-05-09 17:18:16] Successfully identified /Volumes/Expansion/all_mp4/hhd800.com@SONE-273.mp4 as 「えっ！ここでヤルの？」 マルチに活躍する本郷愛のプライベートに完全密着して隙あらばいきなり即ズボッ！前代未聞ドッキリAV大作戦 using stash-box: https://javstash.org/graphql 
[36mINFO[0m[2026-05-09 17:18:17] Successfully identified /Volumes/Expansion/all_mp4/hhd800.com@SONE-269.mp4 as Gカップ同級生2人組が僕の家で勉強合宿！休憩の度にエロいことが！ 安達夕莉 宇野みれい using stash-box: https://javstash.org/graphql 
[36mINFO[0m[2026-05-09 17:18:17] Refined JAV title for scene 803: A Timid Female Student Who Can't Open Her Eyes And Comes While Pretending To Be Asleep Due To The Fear Of Being Finger-fucked On A Night Bus While She Was Sleeping | 就寝中の夜行バスで指マン痴漢された恐怖に目を開けられず寝たふりしながらイキまくる気弱女子○生 
[36mINFO[0m[2026-05-09 17:18:17] Successfully identified /Volumes/Expansion/all_mp4/hhd800.com@SONE-357.mp4 as 生意気な怠慢アルバイトを上手に叱るには？ 大事なのは中年店長が×××してやること。 楓ふうあ using stash-box: https://javstash.org/graphql 
[36mINFO[0m[2026-05-09 17:18:17] Successfully identified /Volumes/Expansion/all_mp4/hhd800.com@SONE-314.mp4 as 引きこもりキモおやじのゴミ部屋に軟禁レ×プされ続けたのに…学生の私は生まれて初めてとめどない絶頂を経験した。 宇野みれい using stash-box: https://javstash.org/graphql 
[36mINFO[0m[2026-05-09 17:18:17] Successfully identified /Volumes/Expansion/all_mp4/hhd800.com@SONE-373.mp4 as 学校で憧れのあの子は電車でめちゃくちゃ痴漢(ヤラ)れているらしい。 白上咲花 using stash-box: https://javstash.org/graphql 
[36mINFO[0m[2026-05-09 17:18:18] Successfully identified /Volumes/Expansion/all_mp4/hhd800.com@SONE-388.mp4 as 男子生徒を発情ザルに変えた超絶プロポーション女教師の究極美脚 明日葉みつは using stash-box: https://javstash.org/graphql 
[36mINFO[0m[2026-05-09 17:18:18] Successfully identified /Volumes/Expansion/all_mp4/hhd800.com@SONE-435.mp4 as 生徒の僕を狂わせる家庭教師のりり先生の甘くて魔性のディープキスレッスン 七ツ森りり using stash-box: https://javstash.org/graphql 
[36mINFO[0m[2026-05-09 17:18:18] Successfully identified /Volumes/Expansion/all_mp4/hhd800.com@SONE-417.mp4 as 水泳部の真面目な生徒だった私は顧問教師の性的虐●で性に目覚めた… 兒玉七海 using stash-box: https://javstash.org/graphql 
[36mINFO[0m[2026-05-09 17:18:18] Refined JAV title for scene 813: Orchid Make-up Beautiful Girl Shame 2 - Let The Cheeky Girl Who Resists All The Time Play With You Until She Cries And Comes! | オルチャンメイク美少女羞恥2 抵抗しまくる生意気女子が泣きイキするまで弄りまわせ！ 
[36mINFO[0m[2026-05-09 17:18:19] Successfully identified /Volumes/Expansion/all_mp4/hhd800.com@SONE-450.mp4 as 照れて、笑って、キスした後は自宅とホテルで激しく何度も求め合うお泊まりヤリまくり濃密デート 榊原萌 using stash-box: https://javstash.org/graphql 
[36mINFO[0m[2026-05-09 17:18:20] Successfully identified /Volumes/Expansion/all_mp4/hhd800.com@SONE-467.mp4 as 女子大生ラウンジ嬢と性に溺れた相部屋ホテルNTR おじさんの私は綺麗な美女との店外デートで何度もハメまくってしまった。 白上咲花 using stash-box: https://javstash.org/graphql 
[36mINFO[0m[2026-05-09 17:18:20] Successfully identified /Volumes/Expansion/all_mp4/hhd800.com@SONE-496.mp4 as 高跳び一筋15年決意の引退！ 跳べなくなった世界的美人メダリストはスポンサーオヤジ社長たちのヤミツキ肉便器 楓ふうあ using stash-box: https://javstash.org/graphql 
[36mINFO[0m[2026-05-09 17:18:20] Successfully identified /Volumes/Expansion/all_mp4/hhd800.com@SONE-512.mp4 as 潮吹き敏感ボディが遂にブッ壊れる！！宙に浮くほどビックンビックン大痙攣オーガズム性感マッサージ 水乃なのは using stash-box: https://javstash.org/graphql 
[36mINFO[0m[2026-05-09 17:18:20] Successfully identified /Volumes/Expansion/all_mp4/hhd800.com@SONE-519.mp4 as 新人NO.1STYLE　気品ある垢抜け大人エロス　ビューティーアドバイザー　依本しおり(26)　AVデビュー using stash-box: https://javstash.org/graphql 
[36mINFO[0m[2026-05-09 17:18:20] Successfully identified /Volumes/Expansion/all_mp4/hhd800.com@SONE-527.mp4 as べんろ～！ジュボボボボッ！清楚な顔してフェラチオ好きすぎ顔射ナース 明日葉みつは using stash-box: https://javstash.org/graphql 
[36mINFO[0m[2026-05-09 17:18:20] Successfully identified /Volumes/Expansion/all_mp4/hhd800.com@SONE-530.mp4 as 美体すぎたサロン店員 クレーマー男性客の立派なオチンチンで何度もイカされてしまったご無沙汰エステティシャン妻 仁藤さや香 using stash-box: https://javstash.org/graphql 
[36mINFO[0m[2026-05-09 17:18:20] Refined JAV title for scene 751: Time Stop School [TIME STOP By Time Stop App] Whether It's A Beautiful Yankee Girl Who Torments You, An Honor Student With Glasses Who Is Always Studying, Or A Blonde Gal Who Stands Out In Class... Stop Time And Enjoy It Fully And Carefully! | 時間停止学校 ［時間停止アプリでTIME STOP］ 虐めてくる美形ヤンキー女もいつも勉強ばかりしてる眼鏡優等生もクラスで目立ってる金髪ギャル女も…時間を止めてたっぷりじっくりしっかり堪能する！ 
[36mINFO[0m[2026-05-09 17:18:21] Successfully identified /Volumes/Expansion/all_mp4/hhd800.com@SONE-528.mp4 as 二回り年下の清楚かわいい部下は既婚者の私を狂わせる魔性のおじさんキラーで更に性欲モリモリだったんです。 黒島玲衣 using stash-box: https://javstash.org/graphql 
[36mINFO[0m[2026-05-09 17:18:21] Successfully identified /Volumes/Expansion/all_mp4/hhd800.com@SONE-526.mp4 as 発育よすぎる女子●生を我慢できずにメチャクチャ痴漢してやったら… 彼氏よりも俺のテクの虜に。 小日向みゆう using stash-box: https://javstash.org/graphql 
[36mINFO[0m[2026-05-09 17:18:21] Successfully identified /Volumes/Expansion/all_mp4/hhd800.com@SONE-535.mp4 as 押しに弱い空気読み就活生はセクハラも肉体関係もされるがまま…社内で、営業先で、こっそりヤラれ続けた新社会人の性処理業務。 中森心々奈 using stash-box: https://javstash.org/graphql 
[36mINFO[0m[2026-05-09 17:18:21] Successfully identified /Volumes/Expansion/all_mp4/hhd800.com@SONE-537.mp4 as アナタ史上最高の射精体験のために 榊原萌の全力シコシコサポート10変化 4時間スペシャル using stash-box: https://javstash.org/graphql 
[36mINFO[0m[2026-05-09 17:18:22] Successfully identified /Volumes/Expansion/all_mp4/hhd800.com@SONE-550.mp4 as 新人のくせにツンツンした後輩女子社員と出張先でまさかの相部屋に泊まり…す・る・と！翌朝にはデレデレで挿れて欲しそうに甘えてきて… 早坂ひめ using stash-box: https://javstash.org/graphql 
[36mINFO[0m[2026-05-09 17:18:22] Successfully identified /Volumes/Expansion/all_mp4/hhd800.com@SONE-572.mp4 as 彼女がすぐ側にいるのに…こっそりシコってくる隠れヌキヌキお姉さん （彼女の姉/めちゃ美人/淫語のプロ/趣味痴女） miru using stash-box: https://javstash.org/graphql 
[36mINFO[0m[2026-05-09 17:18:22] Successfully identified /Volumes/Expansion/all_mp4/hhd800.com@SONE-554.mp4 as 皆が羨む僕のキレカワ彼女が他人棒に堕ちていた…ヘアサロンNTR using stash-box: https://javstash.org/graphql 
[36mINFO[0m[2026-05-09 17:18:22] stash-box: no fingerprint match, trying title search: Raw Middle Group 10 | Raw middle group 10 
[36mINFO[0m[2026-05-09 17:18:22] Refined JAV title for scene 756: Let's Make A Salty P-activist Girl Understand! She'll Make You Cum Until Morning With Her Sticky Drooling Kiss And Revenge Pistons, And Then She'll Make You A Face-fucking Maid! Reina Miyashita | 塩対応なP活娘を理解らせるっ！ねっちょり涎接吻と復讐ピストンで朝までイカせて顔射メイドにしてヤルッ！ 宮下玲奈 
[36mINFO[0m[2026-05-09 17:18:23] Successfully identified /Volumes/Expansion/all_mp4/hhd800.com@SONE-580.mp4 as このおっとり天然ナースは、チ●ポがバグるほど舐めて連射させてじゅぼじゅぼフェラチオやめたくない。 三田真鈴 using stash-box: https://javstash.org/graphql 
[36mINFO[0m[2026-05-09 17:18:23] Successfully identified /Volumes/Expansion/all_mp4/hhd800.com@SONE-582.mp4 as 自分が可愛いのを知ってる生徒の激あざとッ！上目遣い誘惑に負けて何度も不貞セックスをした担任の僕。 川越にこ using stash-box: https://javstash.org/graphql 
[36mINFO[0m[2026-05-09 17:18:24] Successfully identified /Volumes/Expansion/all_mp4/hhd800.com@SONE-577.mp4 as 「私のダダ漏れマ●コがいつも申し訳ありません…」校長室に連日呼び出され床一面に潮を撒き散らす即イキ敏感ペット女教師 黒島玲衣 using stash-box: https://javstash.org/graphql 
[36mINFO[0m[2026-05-09 17:18:24] Successfully identified /Volumes/Expansion/all_mp4/hhd800.com@NHDTC-01901.mp4 as 童貞とダマされ許してしまった裏オプでガン突きされ何度も中出しされたメンエス嬢3 using stash-box: https://javstash.org/graphql 
[36mINFO[0m[2026-05-09 17:18:25] Successfully identified /Volumes/Expansion/all_mp4/hhd800.com@SONE-591.mp4 as 「ま●こ貸すから後は適当で～…よろ。」反応悪い無気力ダウナー系J○を円光オジサンは発情させたい 楓ふうあ using stash-box: https://javstash.org/graphql 
[36mINFO[0m[2026-05-09 17:18:25] Refined JAV title for scene 65: Frustrated Wife Can't Refuse Nakadashi After Coming From The Slow Stimulation Of Being Massaged While Being Fucked In Bed Back In The Presence Of Her Husband! | 夫がいるのに平然と寝バックでハメたままマッサージされるスローな刺激でイってしまった欲求不満妻は中出しを拒めない 
[36mINFO[0m[2026-05-09 17:18:26] Successfully identified /Volumes/Expansion/all_mp4/hhd800.com@SONE-629.mp4 as 際どいVIO施術に勃起しちゃったら…サービス精神で優しくヌイてくれる綺麗でエッチなメンズ脱毛のお姉さん using stash-box: https://javstash.org/graphql 
[36mINFO[0m[2026-05-09 17:18:26] Successfully identified /Volumes/Expansion/all_mp4/hhd800.com@SONE-613.mp4 as ロケ先で軽蔑している中年セクハラプロデューサーとまさか相部屋に… 朝まで続く絶倫性交に不覚にも感じてしまった地上波アイドル using stash-box: https://javstash.org/graphql 
[36mINFO[0m[2026-05-09 17:18:26] Successfully identified /Volumes/Expansion/all_mp4/hhd800.com@NHDTC-01903.mp4 as 童貞とダマされ許してしまった裏オプでガン突きされ何度も中出しされたメンエス嬢3 using stash-box: https://javstash.org/graphql 
[36mINFO[0m[2026-05-09 17:18:26] Successfully identified /Volumes/Expansion/all_mp4/hhd800.com@SONE-654.mp4 as 水乃なのはさん（23）は昨年、東京・歌●伎町の某公園周辺で売春目的の「立ちんぼ」を行い、中年男性との変態的な本番行為を繰り返すうちに性的興奮を覚え強く依存するようになってしまいました。 using stash-box: https://javstash.org/graphql 
[36mINFO[0m[2026-05-09 17:18:26] Refined JAV title for scene 758: Taking Advantage Of Her Kindness...shy Beautiful Girl Chihiro Miyazaki Who Leaks Her Juice In A Garbage Room And Is Turned Into An Aphrodisiac Sex Toy! | 優しさにつけこんで…ゴミ部屋でパッキパキ汁漏らし媚薬キメセクイキ狂い玩具にされた内気美少女 宮崎千尋 
[36mINFO[0m[2026-05-09 17:18:26] Successfully identified /Volumes/Expansion/all_mp4/hhd800.com@SONE-656.mp4 as 無邪気な教え子に誘惑された僕は可愛い顔、声や匂い、そして若い肉体の魅力に抵抗できず、校内でもホテルでも何処でも挿れまくった。 using stash-box: https://javstash.org/graphql 
[36mINFO[0m[2026-05-09 17:18:27] stash-box: no fingerprint match, trying title search: Cute, Kind, Erotic. Lingerie Maid Who Will Suck Your Cock Anytime, Anywhere. Nanami Ogura. | Cute, Kind, Erotic. Lingerie Maid Who Will Suck Your Cock Anytime, Anywhere. Nanami Ogura. 
[36mINFO[0m[2026-05-09 17:18:27] Successfully identified /Volumes/Expansion/all_mp4/hhd800.com@SONE-715.mp4 as 控えめで大人しい真面目な女子●生を我慢できずにメチャクチャ痴漢してやったら…彼氏よりも俺のテクの虜に。 using stash-box: https://javstash.org/graphql 
[36mINFO[0m[2026-05-09 17:18:27] stash-box: no fingerprint match, trying title search: SSIS-519 
[36mINFO[0m[2026-05-09 17:18:27] Successfully identified /Volumes/Expansion/all_mp4/hhd800.com@SONE-744.mp4 as 後輩の頼みは絶対に断らない バレー部の優し～い”みつは先輩”に本気で甘えたらSEXできた話 using stash-box: https://javstash.org/graphql 
[36mINFO[0m[2026-05-09 17:18:28] Successfully identified /Volumes/Expansion/all_mp4/hhd800.com@SSIS-348.mp4 as 「ウブでめちゃくちゃ押しに弱い」彼女の妹に欲情し、こっそりハメ続けた最低な僕。 小倉七海 using stash-box: https://javstash.org/graphql 
[36mINFO[0m[2026-05-09 17:18:28] Refined JAV title for scene 753: Will You Pretend To Be My Boyfriend So I Can Fuck Your Dick? In Order To Avoid Marriage Pressure From My Parents, I Became A One-day Boyfriend Of A Gal At My Part-time Job Who Is Usually Very Nice To Me. Amiri Saito | おチンチンナメてあげるから彼氏のフリしてくんない…？両親からの結婚プレッシャーをさけるため普段は塩対応なバイト先ギャルの１日彼氏になったボク。 
[36mINFO[0m[2026-05-09 17:18:29] Successfully identified /Volumes/Expansion/all_mp4/hhd800.com@SSIS-708.mp4 as 「全ては母のために…」再婚相手の性的虐●に耐え続けた早熟おっぱい少女 東雲みれい using stash-box: https://javstash.org/graphql 
[36mINFO[0m[2026-05-09 17:18:29] Successfully identified /Volumes/Expansion/all_mp4/hhd800.com@NHDTC-03103.mp4 as 対面羞恥で何度もイカされ糸が引くほど舌を絡ませるベロキス発情娘5 ツンデレ清楚OL using stash-box: https://javstash.org/graphql 
[36mINFO[0m[2026-05-09 17:18:30] Refined JAV title for scene 987: A Timid Girl Who Can't Open Her Eyes In Fear Of Being Finger-fucked On A Night Bus While Sleeping And Comes All Over Herself While Pretending To Be Asleep 4 | 就寝中の夜行バスで指マンされた恐怖に目を開けられず寝たふりしながらイキまくる気弱女子4 
[36mINFO[0m[2026-05-09 17:18:31] Successfully identified /Volumes/Expansion/all_mp4/hhd800.com@NIMA-043.mp4 as FANZA同人コミック月間ランキング2位！10万DL超えのヒット作品！ 実写版！某有名私立大学ヤリサーの実態～新歓コンパでハメられた高峰美春の場合～ 似鳥日菜 using stash-box: https://javstash.org/graphql 
[36mINFO[0m[2026-05-09 17:18:32] Successfully identified /Volumes/Expansion/all_mp4/hhd800.com@T38-057.mp4 as 痴漢集団に完堕ちした通学中の巨乳女子●生 糸井瑠花 using stash-box: https://javstash.org/graphql 
[36mINFO[0m[2026-05-09 17:18:32] Refined JAV title for scene 750: When I Went Back To The Countryside For The First Time In Five Years, I Was Reunited With Two Childhood Friends Who Had Boyfriends. I Couldn't Lose My Virginity Even Though I Moved To The City, And They Consoled Me And Gave Me A Lot Of Fucks In A Harem Sex. | 5年ぶりに田舎に帰省したら彼氏が出来ていた幼馴染2人と再会。都会に出たのに童貞を捨てられなかった僕を慰め筆おろしハーレムSEXでハメられまくった1週間 
[36mINFO[0m[2026-05-09 17:18:33] Successfully identified /Volumes/Expansion/all_mp4/hhd800.com@SVVRT-057.mp4 as 素人バラエティ 恥じらい美乳JD限定！背後からノンストップ乳首責めに耐えながら素股で射精させたら賞金10万円ゲット！イカされたらOUTで即ハメ中出し！デカチンと擦れてマ〇コはヌレヌレ、痙攣チクイキ潮噴射が止まらない！連続中出しも拒めない！ using stash-box: https://javstash.org/graphql 
[36mINFO[0m[2026-05-09 17:18:34] Successfully identified /Volumes/Expansion/all_mp4/hhd800.com@RBK-058.mp4 as 貞操帯の女32 吉岡ひより using stash-box: https://javstash.org/graphql 
[36mINFO[0m[2026-05-09 17:18:34] Successfully identified /Volumes/Expansion/all_mp4/hhd800.com@WAAA-443.mp4 as 片思いしていた隠れ巨乳女子がサークル飲みでヤリチン男たちにドロ酔い中出し輪姦無意識アクメさせられてるのを見て鬱勃起する童貞陰キャの僕… 小坂ひまり using stash-box: https://javstash.org/graphql 
[36mINFO[0m[2026-05-09 17:18:34] Refined JAV title for scene 762: The End Of The Life Of A College Student Who Was Transformed Into An Abnormal Constitution By Aphrodisiac Massage. | 「恋人のためなら・・・」 乳首イキ開発失禁エステ沼　媚薬マッサージで異常体質に転生した女子大生の末路 塔乃花鈴 
[36mINFO[0m[2026-05-09 17:18:34] Successfully identified /Volumes/Expansion/all_mp4/hhd800.com@ROYD-222.mp4 as 華奢美乳の陸上部女子が中年顧問の汚チ○ポにネットリ堕ちた3泊4日オナホ合宿。 逢沢みゆ using stash-box: https://javstash.org/graphql 
[36mINFO[0m[2026-05-09 17:18:35] Successfully identified /Volumes/Expansion/all_mp4/hhd800.com@ROYD-210.mp4 as おチンチン舐めてあげるから恋人のフリしてっ！早く結婚しろとうるさい両親を安心させるために超カワイイ同期女子の一日彼氏になったボク 宮城りえ using stash-box: https://javstash.org/graphql 
[36mINFO[0m[2026-05-09 17:18:35] Successfully identified /Volumes/Expansion/all_mp4/hhd800.com@ROYD-299.mp4 as 朝起きたら部屋に下着姿の同期女子社員！ いつも生意気で悪態ばかりついてくるのに、甘えてきたので… 宍戸里帆 using stash-box: https://javstash.org/graphql 
[36mINFO[0m[2026-05-09 17:18:35] Successfully identified /Volumes/Expansion/all_mp4/hhd800.com@SAME-141.mp4 as 母親の再婚相手のオジサンに毎日レイプされています。 梓ヒカリ using stash-box: https://javstash.org/graphql 
[36mINFO[0m[2026-05-09 17:18:36] Successfully identified /Volumes/Expansion/all_mp4/hhd800.com@WAAA-477.mp4 as 幼馴染 逆NTR 久々に再会した近所の芽依に「今度、結婚するんだ」と打ち明けたら、「なんで隠してたの」と嫉妬ヌキ10射精！結婚前にザーメン空っぽにされて子作り出来なくなったボク。 五日市芽依 using stash-box: https://javstash.org/graphql 
[36mINFO[0m[2026-05-09 17:18:36] Successfully identified /Volumes/Expansion/all_mp4/hhd800.com@WAAA-427.mp4 as コンドームが破れてまさかの生ハメ！超加速するピストンで何度も中出し！ 五日市芽依 using stash-box: https://javstash.org/graphql 
[36mINFO[0m[2026-05-09 17:18:37] Successfully identified /Volumes/Expansion/all_mp4/hhd800.com@SAME-147.mp4 as 調子に乗ってる自称インフルエンサーを騙してボロ雑巾のように犯した日。 月野江すい using stash-box: https://javstash.org/graphql 
[36mINFO[0m[2026-05-09 17:18:37] Refined JAV title for scene 763: Youth Sex With Older Wife Nao In School Uniform. Weekend When I Fantasized About My Favorite Wife As A Teenager And Fucked Her Like We Did When We Met - Exciting LOVE 10 Rounds Of Nakadashi - Nao Jinguji. | 年上の妻ナオに制服着せて青春SEX 大好きな妻の10代を妄想して出会った頃のようにハメ狂いした週末～ド興奮LOVE10発中出し～ 神宮寺ナオ 
[36mINFO[0m[2026-05-09 17:18:38] Successfully identified /Volumes/Expansion/all_mp4/hnd-672.mp4 as 背後から膣奥深く侵入する鬼畜チ○ポにイキ堕ちる危険日孕ませバック痴漢 美谷朱里 using stash-box: https://javstash.org/graphql 
[36mINFO[0m[2026-05-09 17:18:38] stash-box: no fingerprint match, trying title search: Amiri Saito, A Maid Who Is A Complete Consenting, Quick-hitting, And Begging Maid. | Amiri Saito, a maid who is a complete consenting, quick-hitting, and begging maid. 
[36mINFO[0m[2026-05-09 17:18:38] Refined JAV title for scene 774: I, Who Was Tortured By Perverted Teachers Whom I Hated To Death, Had My Sensitive Vagina Tortured... I Couldn't Call For Help In The School And Was Made To Cum By Silent Molestation, And I Couldn't Resist, So I Killed My Voice And Had A Group Rape Ring... Gobas | 死ぬほど嫌いな変態教師たちに敏感ワレメをイジられた私… 校内で助けも呼べずサイレント痴漢でイカされ抵抗できない声殺し集団レ×プ輪姦 五芭 
[36mINFO[0m[2026-05-09 17:18:38] Successfully identified /Volumes/Expansion/all_mp4/HODV-21918.mp4 as 「今夜は奥さんのコト忘れてください」海外転勤が決まった部下と最後の思い出作りしたら家庭崩壊した 宮城りえ using stash-box: https://javstash.org/graphql 
[36mINFO[0m[2026-05-09 17:18:39] Successfully identified /Volumes/Expansion/all_mp4/HRSM-074.mp4 as 地下アイドルオフパコ枕営業 あざと可愛い生ま○こは中出しOK コスプレSEXイキ狂い4ステージ using stash-box: https://javstash.org/graphql 
[36mINFO[0m[2026-05-09 17:18:40] Refined JAV title for scene 773: I Share A Child's Room With My Brother Who Was Created When My Parents Remarried! After My Parents Went To Bed, I Was Held Immensely Every Night.... | 親の再婚でできたお兄ちゃんと子供部屋が相部屋に！両親が寝静まった後、毎晩絶倫ホールドされた私… 五芭 
[36mINFO[0m[2026-05-09 17:18:41] stash-box: no fingerprint match, trying title search: The Girl Is So Shy That She Won't Let You Have Sex With Her Unless You Cover Her Face With A Long Skirt! She Is So Shy That She Won't Let Us Have Sex With Her Unless We Cover Her Face With Her Long Skirt! | 「一回だけだよ…でも絶対顔は見ないでね…」エッチな話だけでも恥ずかしがる超うぶ女子はロングスカートで顔を隠さないとセックスさせてくれない！ロンスカがめくれて無防備になった下半身にチ○ポを挿れるとビクビク感じ… 
[36mINFO[0m[2026-05-09 17:18:41] stash-box: no fingerprint match, trying title search: Bare-Thighed S********l Molesters | Bare-Thighed Schoolgirl Molesters 
[36mINFO[0m[2026-05-09 17:18:42] stash-box: no fingerprint match, trying title search: I Found A Smoking Hot Married Woman In Ebisu And Got Her To Give My Massive Cock A Thigh Fuck, But Something Even Hotter Happened. | 恵比寿で見つけた美人すぎる人妻に、18cmメガチ○ポを素股してもらったらこんなヤラしい事になりました。 
[36mINFO[0m[2026-05-09 17:18:42] stash-box: no fingerprint match, trying title search: Ikuta Machi - School Girl - 20 Consecutive Nakadashi | Ikuta Machi - School girl - 20 consecutive Nakadashi 
[36mINFO[0m[2026-05-09 17:18:42] stash-box: no fingerprint match, trying title search: Arisu Mizutsuki - School Girl - Nakadashi 20 Times In A Row | Arisu Mizutsuki - School Girl - Nakadashi 20 times in a row 
[36mINFO[0m[2026-05-09 17:18:42] Refined JAV title for scene 782: Celebration Of 7th Anniversary: Daily Life With Mia, Who Is Angry At Me For Being Bossy And Tsuntsun, And Mia And I Have Spasms And Come All The Time By Calling Out "shuki-shuki-rinku". The Spicy-sweet Cohabitation Life Of Mia And Mia. Mia Nanasawa | 祝・7周年記念　強気でツンツンしてるみあに怒られる日常としゅきしゅき連呼で痙攣イキまくるみあとの営み　結婚間近！？の辛甘な同棲生活。 七沢みあ 
[36mINFO[0m[2026-05-09 17:18:44] Successfully identified /Volumes/Expansion/all_mp4/IPZZ-308.mp4 as 婚前同窓会NTR ボクの愛する婚約者が性格最悪セックス最高なクズ元カレの絶倫ピストンに朝までイカされ続けた浮気映像 楓カレン using stash-box: https://javstash.org/graphql 
[36mINFO[0m[2026-05-09 17:18:44] Refined JAV title for scene 784: Big Tits College Student Part-timer Nami Nanami Who Fell For Her Hated Perverted Manager's Power Harassment Nipple Kneading And Big Cock Live Fucking! | 大嫌いな変態店長のパワハラ乳首こねくりとデカチン生ハメに堕ちた巨乳女子大生バイト不倫 七海那美 
[36mINFO[0m[2026-05-09 17:18:45] Successfully identified /Volumes/Expansion/all_mp4/IPZZ-375.mp4 as 犯●れ廻された新任女教師 ′異常生徒達の肉便器レ×プ′ 辱められる聖職者。 夕雛エミリ using stash-box: https://javstash.org/graphql 
[36mINFO[0m[2026-05-09 17:18:45] Successfully identified /Volumes/Expansion/all_mp4/IPZZ-383 (2).mp4 as 在学中で教え子のHcupグラドルとヤレたその日から…駄目だと知りながら今日も放課後にホテル密会…。 望乃るい using stash-box: https://javstash.org/graphql 
[36mINFO[0m[2026-05-09 17:18:45] Successfully identified /Volumes/Expansion/all_mp4/IPZZ-391.mp4 as 死ぬほど嫌いな義父の大好物は女子〇生のワタシでした… 犯されながらイカされる最大屈辱レ×プ さくらわかな using stash-box: https://javstash.org/graphql 
[36mINFO[0m[2026-05-09 17:18:45] stash-box: no fingerprint match, trying title search: Beautiful Slender Body Spasms, Incontinence, And Arousal, Yume Nishinomiya | Beautiful slender body spasms, incontinence, and arousal, Yume Nishinomiya 
[36mINFO[0m[2026-05-09 17:18:46] stash-box: no fingerprint match, trying title search: New Female Teacher Who Was Raped And Passed Around 'Rexpression By Abnormal Students' RARA | New female teacher who was raped and passed around 'Rexpression by abnormal students' RARA 
[36mINFO[0m[2026-05-09 17:18:46] Refined JAV title for scene 344: Orgasm Arousal Sexual Sensations Lukewarm Massage, Vibrant Nipple Teasing, Shrimp Bending, And Bouncing Sex! | オーガズム覚醒性感ぬるぬるマッサージ ビンカン乳首イジくりエビ反りブッ飛びSEX！初めての恥じらいチクイキ大失禁 泉ももか 
[36mINFO[0m[2026-05-09 17:18:46] stash-box: no fingerprint match, trying title search: Nipple Sensitive Boys Must See! NyanNyan Idol Nipple Esthetics - Momo Sakurazora | IPZZ-524 
[36mINFO[0m[2026-05-09 17:18:47] stash-box: no fingerprint match, trying title search: All Corners Wearing Knee-highs And Fully Clothed, 78cm Inseam! | All corners wearing knee-highs and fully clothed, 78cm inseam! 
[31mERRO[0m[2026-05-09 17:18:48] Error encountered identifying /Volumes/Expansion/all_mp4/IPZZ-570.mp4: error modifying scene: beginning transaction: database is locked 
[36mINFO[0m[2026-05-09 17:18:48] stash-box: no fingerprint match, trying title search: Torturing A Runaway Girl Record Of Seeding Intercourse Don't Lick An Adult! | Torturing a runaway girl Record of seeding intercourse Don't lick an adult! 
[36mINFO[0m[2026-05-09 17:18:48] Successfully identified /Volumes/Expansion/all_mp4/IPZZ-604.mp4 as 死ぬほど嫌いな義父の大好物は女子○生のワタシでした… 犯されながら何度もイカされる屈辱レ×プ using stash-box: https://javstash.org/graphql 
[36mINFO[0m[2026-05-09 17:18:48] Refined JAV title for scene 207: Chupa. Jupo! I Keep On Blowing On Her Until All 10 Rounds Of Sperm Come Out, And Then It's Her Turn To Attack. | チュパ！ジュポッ！10発ぜぇ～んぶ精子が出るまでず～っとワタシの追撃フェラで攻撃ターン 青山七海 
[36mINFO[0m[2026-05-09 17:18:49] stash-box: no fingerprint match, trying title search: I Gave My Wife Just One Towel And Let Her Enter A Men's Bath Where Perverted Men Gather. Aoi Ichino | I gave my wife just one towel and let her enter a men's bath where perverted men gather. Aoi Ichino 
[36mINFO[0m[2026-05-09 17:18:49] Successfully identified /Volumes/Expansion/all_mp4/javsubs91@NHDTB-662.mp4 as 親戚のエロガキにスカートもぐりクンニされ夫がいる至近距離でイってしまった叔母さんは挿入も拒めない5 中出しSP 総勢15人総集編付き2枚組 豪華版 using stash-box: https://javstash.org/graphql 
[36mINFO[0m[2026-05-09 17:18:49] Successfully identified /Volumes/Expansion/all_mp4/jul-618.mp4 as 『はっつ!!』マドンナ初登場!! 「同窓会に行ってくるね…。」と出ていった妻から、もう3時間既読がつかない―。 初川みなみ using stash-box: https://javstash.org/graphql 
[36mINFO[0m[2026-05-09 17:18:50] Successfully identified /Volumes/Expansion/all_mp4/JUR-112.mp4 as 新婚5か月、妻より先に妻の妹を孕ませてしまった…。 朝日りお using stash-box: https://javstash.org/graphql 
[31mERRO[0m[2026-05-09 17:18:50] Error encountered identifying /Volumes/Expansion/all_mp4/kawd-885.mp4: error modifying scene: beginning transaction: database is locked 
[31mERRO[0m[2026-05-09 17:18:50] Error encountered identifying /Volumes/Expansion/all_mp4/KING-257.mp4: error modifying scene: beginning transaction: database is locked 
[36mINFO[0m[2026-05-09 17:18:50] Refined JAV title for scene 811: An Esthetician Who Gives A Massage At Close Range In The Presence Of His Wife While Secretly Inserting His Penis Into Her And Having Her Cum Inside Him In A Cowgirl Position With His Hips Swinging 11. | 妻がいる至近距離で平然とマッサージしながらこっそりチ○ポを挿入し腰振り騎乗位で中出しまでさせるエステティシャン11 
[36mINFO[0m[2026-05-09 17:18:50] stash-box: no fingerprint match, trying title search: Cute, Kind, Erotic. Lingerie Maid Who Will Suck Your Cock Anytime, Anywhere. Nanami Ogura. | Cute, Kind, Erotic. Lingerie Maid Who Will Suck Your Cock Anytime, Anywhere. Nanami Ogura. 
[36mINFO[0m[2026-05-09 17:18:52] Successfully identified /Volumes/Expansion/all_mp4/hhd800.com@SSIS-519.mp4 as 初めてサレた快感が忘れられず電車痴漢にハマってしまった女子●生の末路 小倉七海 using stash-box: https://javstash.org/graphql 
[36mINFO[0m[2026-05-09 17:18:52] Successfully identified /Volumes/Expansion/all_mp4/hhd800.com@STARS-967.mp4 as 同僚との不倫が生徒にバレ性処理玩具にされた新米女教師 十束るう using stash-box: https://javstash.org/graphql 
[31mERRO[0m[2026-05-09 17:18:52] Error encountered identifying /Volumes/Expansion/all_mp4/hhd800.com@START-125.mp4: error modifying scene: beginning transaction: database is locked 
[31mERRO[0m[2026-05-09 17:18:52] Error encountered identifying /Volumes/Expansion/all_mp4/hhd800.com@START-202.mp4: error modifying scene: beginning transaction: database is locked 
[31mERRO[0m[2026-05-09 17:18:53] Error encountered identifying /Volumes/Expansion/all_mp4/KPIE-006.mp4: error modifying scene: beginning transaction: database is locked 
[36mINFO[0m[2026-05-09 17:18:53] stash-box: no fingerprint match, trying title search: Netorare Gakuen - Nakadashi Sanction For Female Students Who Break School Rules - Aya Onami, Mocha Haruyo | Netorare Gakuen - Nakadashi Sanction for Female Students Who Break School Rules - Aya Onami, Mocha Haruyo 
[36mINFO[0m[2026-05-09 17:18:53] stash-box: no fingerprint match, trying title search: After This...I Had Sex Until Curfew...Akari Minase, Student Akari | After this...I had sex until curfew...Akari Minase, student Akari 
[31mERRO[0m[2026-05-09 17:18:54] Error encountered identifying /Volumes/Expansion/all_mp4/hhd800.com@START-243.mp4: error modifying scene: beginning transaction: database is locked 
[36mINFO[0m[2026-05-09 17:18:54] stash-box: no fingerprint match, trying title search: Her Younger Sister, A Slender Ponite Club J-type, Was Sexually Developed By Clitoral Harassment To Become An Ultra-sensitive Nakadashi Flesh-eating Toilet That Leaks Come Just By Touching Her Clitoris. Karin Kitaoka | 彼女の妹のスレンダーポニテ部活J系をクリトリスハラスメントで性感開発してクリに触れただけでイキ漏らしする超敏感中出し肉便器に仕上げた。 北岡果林 
[31mERRO[0m[2026-05-09 17:18:55] Error encountered identifying /Volumes/Expansion/all_mp4/hhd800.com@STCVS-019.mp4: error modifying scene: beginning transaction: database is locked 
[36mINFO[0m[2026-05-09 17:18:55] Successfully identified /Volumes/Expansion/all_mp4/hhd800.com@START-528.mp4 as 通学中に読書にふける文系女子大生が吊り革拘束立ちバックで膝ガク潮吹き お漏らししながらイク快感が忘れられず痴〇好みの女に… 一宮るい using stash-box: https://javstash.org/graphql 
[36mINFO[0m[2026-05-09 17:18:55] stash-box: no fingerprint match, trying title search: Impregnation Agency 13 [Tsumugi] Sha Tsumugi, Impregnation Agency On Behalf Of Her Husband For A Married Woman Who Wishes To Donate Sperm. | 精子提供を希望する人妻に夫に代わって孕ませ代行13【つむぎ】 
[36mINFO[0m[2026-05-09 17:18:56] stash-box: no fingerprint match, trying title search: Mayu Sakurai's Cum Covered Pussy Fucked 
[36mINFO[0m[2026-05-09 17:18:56] Refined JAV title for scene 357: Rie Miyagi, A Young Wife Who Has Been Raped By Her Adulterous Father-in-law And Disciplined Into A Slut | 絶倫義父に犯●れ続け、淫乱女に躾けられた若妻 宮城りえ 
[36mINFO[0m[2026-05-09 17:18:57] stash-box: no fingerprint match, trying title search: All Scenes Are First Time! Married Woman's Eroticism - 3 Scenes Of Celibate Celibacy And Climax Mao Mio | All scenes are first time! Married Woman's Eroticism - 3 Scenes of Celibate Celibacy and Climax Mao Mio 
[31mERRO[0m[2026-05-09 17:18:57] Error encountered identifying /Volumes/Expansion/all_mp4/MEYD-955.mp4: error modifying scene: beginning transaction: database is locked 
[36mINFO[0m[2026-05-09 17:18:57] stash-box: no fingerprint match, trying title search: MOON FORCE 2nd Pacco Pacco Collection. Vol.13 | 
[31mERRO[0m[2026-05-09 17:18:58] Error encountered identifying /Volumes/Expansion/all_mp4/MFOD-042.mp4: error modifying scene: beginning transaction: database is locked 
[36mINFO[0m[2026-05-09 17:18:58] stash-box: no fingerprint match, trying title search: Lets Swap Stepsisters And See Who's Hotter By Giving Them Creampies #06 Mari Takasugi, Miyuki Arisaka | Lets Swap Stepsisters And See Who's Hotter By Giving Them Creampies #06 Mari Takasugi, Miyuki Arisaka 
[36mINFO[0m[2026-05-09 17:18:58] stash-box: no fingerprint match, trying title search: Late Night Work Cheating -Full Story Of Getting Fucked From Dusk Til Dawn By Part-time Job Boss- | Late Night Work Cheating -Full Story Of Getting Fucked From Dusk Til Dawn By Part-time Job Boss- 
[36mINFO[0m[2026-05-09 17:19:00] Refined JAV title for scene 828: Chinese Young Wife Suiran Shishido, 32 Years Old, Chapter 2: Exposure Of Chinese Young Wife Domination Blooming, 2-day And 1-night Training Hot Spring Trip | 中国人若妻 宍戸翠蘭（スイラン） 32歳 第二章 チャイニーズ若妻ドM開花の曝け出し1泊2日調教温泉旅行 
[31mERRO[0m[2026-05-09 17:19:01] Error encountered identifying /Volumes/Expansion/all_mp4/MIDA-167.mp4: error modifying scene: beginning transaction: database is locked 
[36mINFO[0m[2026-05-09 17:19:02] stash-box: no fingerprint match, trying title search: Immature Pussy Cunt Soaked In Aphrodisiac Removai Training Jiggle Spasm Pussy Climaxes Incontinently By Stepfather's Big Cock Piston Kira Teruboshi | 未熟ま〇こザコまん化媚薬漬けリモバイ調教 寸止め痙攣ま〇こが義父のデカチンピストンで失禁絶頂 輝星きら 
[36mINFO[0m[2026-05-09 17:19:02] Refined JAV title for scene 843: She's Very Weak Against Pushy People! The Hospitalization Sex Life In A Big Room With Blowjob In Secret, Where A Beautiful Nurse Kept Giving Sexual Treatment To The Nurses. | めちゃ押しに弱い!? 美顔ナースに性処理させ続けたこっそり大部屋フェラチオ入院性活 兒玉七海 
[36mINFO[0m[2026-05-09 17:19:02] stash-box: no fingerprint match, trying title search: mida00482: 20 Shots Of Hermaphrodite Impregnation Rape, Following A Wet, Transparent Bra Schoolgirl And Ejaculating All Of Her Cumshot After Her Release From Prison Momoka Izumi | 濡れた透けブラ女子生徒をつけ狙い出所後の溜まりまくった金玉汁を全射精(ダシ)する世捨て人孕ませレ×プ20発 
[36mINFO[0m[2026-05-09 17:19:03] stash-box: no fingerprint match, trying title search: Amiri Saito, A Maid Who Is A Complete Consenting, Quick-hitting, And Begging Maid. | Amiri Saito, a maid who is a complete consenting, quick-hitting, and begging maid. 
[36mINFO[0m[2026-05-09 17:19:03] stash-box: no fingerprint match, trying title search: Hooked On M*********n... -I Knew I Shouldn't Have Gotten On This Car...- Minami Hatsukawa | Hooked On Molestation... -I Knew I Shouldn't Have Gotten On This Car...- Minami Hatsukawa 
[31mERRO[0m[2026-05-09 17:19:04] Error encountered identifying /Volumes/Expansion/all_mp4/hunt-786.mp4: error modifying scene: beginning transaction: database is locked 
[31mERRO[0m[2026-05-09 17:19:04] Error encountered identifying /Volumes/Expansion/all_mp4/mide-647 (2).mp4: error modifying scene: beginning transaction: database is locked 
[31mERRO[0m[2026-05-09 17:19:04] Error encountered identifying /Volumes/Expansion/all_mp4/MIDA-494.mp4: error modifying scene: beginning transaction: database is locked 
[36mINFO[0m[2026-05-09 17:19:04] Successfully identified /Volumes/Expansion/all_mp4/hunta-894.mp4 as 軽い前戯だけで信じられないほど感じまくり！幼馴染はとても可愛くてモテ女だけど、男運が悪く会って即挿入するセフレ的な扱いしか受けた事がなくて… using stash-box: https://javstash.org/graphql 
[36mINFO[0m[2026-05-09 17:19:04] Refined JAV title for scene 842: Volunteer Blowjob By Student Volunteers Who Let A Middle-aged Man's Accumulated Cum Shoot In Their Faces With A Service Pacifier - Airi Nagisa | ご奉仕おしゃぶりで中年オヤジの溜まったザーメンを顔射させてくれる学生有志のフェラチオボランティア活動 
[36mINFO[0m[2026-05-09 17:19:04] Successfully identified /Volumes/Expansion/all_mp4/HUNTC-027.mp4 as 『ヤバイ！バレちゃうって！』大胆不敵！義妹と両親の目の前で完全着衣パンティずらし中出しFUCK！ using stash-box: https://javstash.org/graphql 
[31mERRO[0m[2026-05-09 17:19:05] Error encountered identifying /Volumes/Expansion/all_mp4/HUNTC-256.mp4: error modifying scene: beginning transaction: database is locked 
[36mINFO[0m[2026-05-09 17:19:05] stash-box: no fingerprint match, trying title search: The Girl Is So Shy That She Won't Let You Have Sex With Her Unless You Cover Her Face With A Long Skirt! She Is So Shy That She Won't Let Us Have Sex With Her Unless We Cover Her Face With Her Long Skirt! | 「一回だけだよ…でも絶対顔は見ないでね…」エッチな話だけでも恥ずかしがる超うぶ女子はロングスカートで顔を隠さないとセックスさせてくれない！ロンスカがめくれて無防備になった下半身にチ○ポを挿れるとビクビク感じ… 
[36mINFO[0m[2026-05-09 17:19:06] stash-box: no fingerprint match, trying title search: 100 Days After Becoming A Private Tutor To A Rebellious Y********l, I Had Completely Become Her Servant Mia Nanasawa | 100 Days After Becoming A Private Tutor To A Rebellious Young Girl, I Had Completely Become Her Servant Mia Nanasawa 
[31mERRO[0m[2026-05-09 17:19:06] Error encountered identifying /Volumes/Expansion/all_mp4/HUNTC-416.mp4: error modifying scene: beginning transaction: database is locked 
[36mINFO[0m[2026-05-09 17:19:06] stash-box: no fingerprint match, trying title search: Bare-Thighed S********l Molesters | Bare-Thighed Schoolgirl Molesters 
[36mINFO[0m[2026-05-09 17:19:06] Refined JAV title for scene 818: Outdoor Date With The Cutest J-chan - Taking A Girl In School Uniform On A Driving Date And Having Sex With Her In A Hotel Room! | 最上級に可愛いJ●と野外連れ回しべろちゅうデート 制服女子をドライブデートに誘ってホテルで中出しセックス 
[36mINFO[0m[2026-05-09 17:19:07] stash-box: no fingerprint match, trying title search: I Was Made To Share A Room With My Lecherous Boss Who I Hate During A Business Trip... Nana Yagi | I Was Made To Share A Room With My Lecherous Boss Who I Hate During A Business Trip... Nana Yagi 
[31mERRO[0m[2026-05-09 17:19:07] Error encountered identifying /Volumes/Expansion/all_mp4/iene-527.mp4: error modifying scene: beginning transaction: database is locked 
[36mINFO[0m[2026-05-09 17:19:07] stash-box: no fingerprint match, trying title search: I Found A Smoking Hot Married Woman In Ebisu And Got Her To Give My Massive Cock A Thigh Fuck, But Something Even Hotter Happened. | 恵比寿で見つけた美人すぎる人妻に、18cmメガチ○ポを素股してもらったらこんなヤラしい事になりました。 
[36mINFO[0m[2026-05-09 17:19:07] stash-box: no fingerprint match, trying title search: Ikuta Machi - School Girl - 20 Consecutive Nakadashi | Ikuta Machi - School girl - 20 consecutive Nakadashi 
[36mINFO[0m[2026-05-09 17:19:08] stash-box: no fingerprint match, trying title search: Arisu Mizutsuki - School Girl - Nakadashi 20 Times In A Row | Arisu Mizutsuki - School Girl - Nakadashi 20 times in a row 
[36mINFO[0m[2026-05-09 17:19:08] stash-box: no fingerprint match, trying title search: My Friend's Mother Wants You | My Friend's Mother Wants You 
[36mINFO[0m[2026-05-09 17:19:08] Refined JAV title for scene 840: I Couldn't Resist Molesting A Timid, Quiet-looking Girl In School Uniform... And She Became A Captive Of My Techniques. Miyu Aizawa | 気弱でおとなしそうな制服少女を我慢できずにメチャクチャ痴漢してやったら…まさかの俺のテクの虜に。 逢沢みゆ 
[36mINFO[0m[2026-05-09 17:19:09] stash-box: no fingerprint match, trying title search: Shy Girlfriend Who Is Assigned To A Late-night Shift Alone With A Middle-aged Manager, Nana Yagi, NTR | Shy girlfriend who is assigned to a late-night shift alone with a middle-aged manager, Nana Yagi, NTR 
[36mINFO[0m[2026-05-09 17:19:10] stash-box: no fingerprint match, trying title search: Beautiful Slender Body Spasms, Incontinence, And Arousal, Yume Nishinomiya | Beautiful slender body spasms, incontinence, and arousal, Yume Nishinomiya 
[36mINFO[0m[2026-05-09 17:19:10] Refined JAV title for scene 845: A Neat Female Announcer Is Abducted To A Bed With A Strange Odor While Interviewing A Group Of Homeless People, And She Is Starved For A Beautiful Woman And Gets Hit With 10 Shots In Rapid Succession! Mitsuha Asuha | 清楚女子アナウンサーがホームレス集団を取材中に異臭ただよう寝床に拉致られ美人に飢えた連撃１０発バコバコ!! 明日葉みつは 
[36mINFO[0m[2026-05-09 17:19:11] stash-box: no fingerprint match, trying title search: New Female Teacher Who Was Raped And Passed Around 'Rexpression By Abnormal Students' RARA | New female teacher who was raped and passed around 'Rexpression by abnormal students' RARA 
[31mERRO[0m[2026-05-09 17:19:11] Error encountered identifying /Volumes/Expansion/all_mp4/IPZZ-436.mp4: error modifying scene: beginning transaction: database is locked 
[36mINFO[0m[2026-05-09 17:19:12] stash-box: no fingerprint match, trying title search: All Corners Wearing Knee-highs And Fully Clothed, 78cm Inseam! | All corners wearing knee-highs and fully clothed, 78cm inseam! 
[31mERRO[0m[2026-05-09 17:19:12] Error encountered identifying /Volumes/Expansion/all_mp4/IPZZ-524.mp4: error modifying scene: beginning transaction: database is locked 
[31mERRO[0m[2026-05-09 17:19:12] Error encountered identifying /Volumes/Expansion/all_mp4/MIDV-871.mp4: error modifying scene: beginning transaction: database is locked 
[31mERRO[0m[2026-05-09 17:19:13] Error encountered identifying /Volumes/Expansion/all_mp4/IPZZ-527.mp4: error modifying scene: beginning transaction: database is locked 
[36mINFO[0m[2026-05-09 17:19:13] stash-box: no fingerprint match, trying title search: Torturing A Runaway Girl Record Of Seeding Intercourse Don't Lick An Adult! | Torturing a runaway girl Record of seeding intercourse Don't lick an adult! 
[36mINFO[0m[2026-05-09 17:19:13] stash-box: no fingerprint match, trying title search: I Gave My Wife Just One Towel And Let Her Enter A Men's Bath Where Perverted Men Gather. Aoi Ichino | I gave my wife just one towel and let her enter a men's bath where perverted men gather. Aoi Ichino 
[36mINFO[0m[2026-05-09 17:19:14] Refined JAV title for scene 853: On A Business Trip, She Is Unexpectedly Sharing A Room With Her Boss, A Sexual Harasser Whom She Hates... Unable To Refuse His Adulterous Sexual Intercourse, She Is Placed Under House Arrest For Three Days And Continues To Feel It... A Graceful, Seductive, Hip New Employee, Shiori Yorimoto | 出張先で大嫌いなセクハラ上司とまさかの相部屋に…絶倫性交を断れず3日間軟禁され感じ続けてしまった気品ある魅惑ヒップ新人社員 依本しおり 
[31mERRO[0m[2026-05-09 17:19:16] Error encountered identifying /Volumes/Expansion/all_mp4/MIMK-165.mp4: error modifying scene: beginning transaction: database is locked 
[36mINFO[0m[2026-05-09 17:19:17] Successfully identified /Volumes/Expansion/all_mp4/KNSM-016.mp4 as 完ナマSTYLE@J系シンママ候補生16 先生のことが好きで尾行してました… 大人しい生徒に誘惑されねっとりフェラに勃起が止まらず潮吹きマ〇コに何度も射精 とわ 千川とわ using stash-box: https://javstash.org/graphql 
[36mINFO[0m[2026-05-09 17:19:17] stash-box: no fingerprint match, trying title search: Idol Slot! Ezuki Wandafuru! Suicide Llama Overrun Zou Hinata Hikage | Idol Slot! Ezuki Wandafuru! Suicide Llama Overrun Zou Hinata Hikage 
[36mINFO[0m[2026-05-09 17:19:18] Successfully identified /Volumes/Expansion/all_mp4/mism-271.mp4 as 肛門メタモルフォーゼ しおかわ雲丹 using stash-box: https://javstash.org/graphql 
[31mERRO[0m[2026-05-09 17:19:18] Error encountered identifying /Volumes/Expansion/all_mp4/mism-273.mp4: error modifying scene: beginning transaction: database is locked 
[36mINFO[0m[2026-05-09 17:19:18] stash-box: no fingerprint match, trying title search: Netorare Gakuen - Nakadashi Sanction For Female Students Who Break School Rules - Aya Onami, Mocha Haruyo | Netorare Gakuen - Nakadashi Sanction for Female Students Who Break School Rules - Aya Onami, Mocha Haruyo 
[36mINFO[0m[2026-05-09 17:19:18] stash-box: no fingerprint match, trying title search: MKMP-583 
[36mINFO[0m[2026-05-09 17:19:18] Refined JAV title for scene 857: Only I (23) Know The Bitter-sweet Sperm Taste Of Onii-chan (45) I Feed Him, Undress Him, Wash Him, Make His Penis Erect, And Support My Brother, A Reclusive, Parasitic Middle-aged Man, In His Devoted Sperming. | おにいちゃん(45)の苦いくて甘い精子の味は、わたし(23)だけが知っています　ご飯を食べさせ、服を脱がせ、体を洗い、チ●コを勃たせ、ひきこもりパラサイト中年男性な兄をひたすら献身的に搾精サポートしています 花アリス 
[36mINFO[0m[2026-05-09 17:19:19] stash-box: no fingerprint match, trying title search: After This...I Had Sex Until Curfew...Akari Minase, Student Akari | After this...I had sex until curfew...Akari Minase, student Akari 
[31mERRO[0m[2026-05-09 17:19:19] Error encountered identifying /Volumes/Expansion/all_mp4/MKMP-598.mp4: error modifying scene: beginning transaction: database is locked 
[31mERRO[0m[2026-05-09 17:19:20] Error encountered identifying /Volumes/Expansion/all_mp4/hhd800.com@START-552.mp4: error modifying scene: beginning transaction: database is locked 
[36mINFO[0m[2026-05-09 17:19:20] stash-box: no fingerprint match, trying title search: Her Younger Sister, A Slender Ponite Club J-type, Was Sexually Developed By Clitoral Harassment To Become An Ultra-sensitive Nakadashi Flesh-eating Toilet That Leaks Come Just By Touching Her Clitoris. Karin Kitaoka | 彼女の妹のスレンダーポニテ部活J系をクリトリスハラスメントで性感開発してクリに触れただけでイキ漏らしする超敏感中出し肉便器に仕上げた。 北岡果林 
[36mINFO[0m[2026-05-09 17:19:20] stash-box: no fingerprint match, trying title search: MMUS-058 
[36mINFO[0m[2026-05-09 17:19:20] stash-box: no fingerprint match, trying title search: Impregnation Agency 13 [Tsumugi] Sha Tsumugi, Impregnation Agency On Behalf Of Her Husband For A Married Woman Who Wishes To Donate Sperm. | 精子提供を希望する人妻に夫に代わって孕ませ代行13【つむぎ】 
[31mERRO[0m[2026-05-09 17:19:21] Error encountered identifying /Volumes/Expansion/all_mp4/MAAN-1042.mp4: error modifying scene: beginning transaction: database is locked 
[31mERRO[0m[2026-05-09 17:19:21] Error encountered identifying /Volumes/Expansion/all_mp4/MDBK-351.mp4: error modifying scene: beginning transaction: database is locked 
[36mINFO[0m[2026-05-09 17:19:22] stash-box: no fingerprint match, trying title search: All Scenes Are First Time! Married Woman's Eroticism - 3 Scenes Of Celibate Celibacy And Climax Mao Mio | All scenes are first time! Married Woman's Eroticism - 3 Scenes of Celibate Celibacy and Climax Mao Mio 
[31mERRO[0m[2026-05-09 17:19:22] Error encountered identifying /Volumes/Expansion/all_mp4/MOSAIC-ARCHIVE-nhdtb-191.mp4: error modifying scene: beginning transaction: database is locked 
[31mERRO[0m[2026-05-09 17:19:22] Error encountered identifying /Volumes/Expansion/all_mp4/mrss-136.mp4: error modifying scene: beginning transaction: database is locked 
[36mINFO[0m[2026-05-09 17:19:22] stash-box: no fingerprint match, trying title search: No Groping. Complete Edition Minami Hatsukawa | No Groping. Complete Edition Minami Hatsukawa 
[36mINFO[0m[2026-05-09 17:19:22] stash-box: no fingerprint match, trying title search: MOON FORCE 2nd Pacco Pacco Collection. Vol.13 | 
[31mERRO[0m[2026-05-09 17:19:23] Error encountered identifying /Volumes/Expansion/all_mp4/manko.fun.mp4: error modifying scene: beginning transaction: database is locked 
[31mERRO[0m[2026-05-09 17:19:23] Error encountered identifying /Volumes/Expansion/all_mp4/MEYD-948.mp4: error modifying scene: beginning transaction: database is locked 
[31mERRO[0m[2026-05-09 17:19:23] Error encountered identifying /Volumes/Expansion/all_mp4/MFCT-013.mp4: error modifying scene: beginning transaction: database is locked 
[31mERRO[0m[2026-05-09 17:19:23] Error encountered identifying /Volumes/Expansion/all_mp4/mudr-222.mp4: error modifying scene: beginning transaction: database is locked 
[36mINFO[0m[2026-05-09 17:19:23] stash-box: no fingerprint match, trying title search: Lets Swap Stepsisters And See Who's Hotter By Giving Them Creampies #06 Mari Takasugi, Miyuki Arisaka | Lets Swap Stepsisters And See Who's Hotter By Giving Them Creampies #06 Mari Takasugi, Miyuki Arisaka 
[31mERRO[0m[2026-05-09 17:19:24] Error encountered identifying /Volumes/Expansion/all_mp4/miaa-137.mp4: error modifying scene: beginning transaction: database is locked 
[31mERRO[0m[2026-05-09 17:19:24] Error encountered identifying /Volumes/Expansion/all_mp4/MUDR-287.mp4: error modifying scene: beginning transaction: database is locked 
[31mERRO[0m[2026-05-09 17:19:24] Error encountered identifying /Volumes/Expansion/all_mp4/miaa-002.mp4: error modifying scene: beginning transaction: database is locked 
[31mERRO[0m[2026-05-09 17:19:24] Error encountered identifying /Volumes/Expansion/all_mp4/MIAA-408.mp4: error modifying scene: beginning transaction: database is locked 
[36mINFO[0m[2026-05-09 17:19:24] stash-box: no fingerprint match, trying title search: Late Night Work Cheating -Full Story Of Getting Fucked From Dusk Til Dawn By Part-time Job Boss- | Late Night Work Cheating -Full Story Of Getting Fucked From Dusk Til Dawn By Part-time Job Boss- 
[31mERRO[0m[2026-05-09 17:19:24] Error encountered identifying /Volumes/Expansion/all_mp4/MUDR-289.mp4: error modifying scene: beginning transaction: database is locked 
[31mERRO[0m[2026-05-09 17:19:24] Error encountered identifying /Volumes/Expansion/all_mp4/miaa-079.mp4: error modifying scene: beginning transaction: database is locked 
[31mERRO[0m[2026-05-09 17:19:25] Error encountered identifying /Volumes/Expansion/all_mp4/MUDR-316.mp4: error modifying scene: beginning transaction: database is locked 
[31mERRO[0m[2026-05-09 17:19:26] Error encountered identifying /Volumes/Expansion/all_mp4/MIDA-139.mp4: error modifying scene: beginning transaction: database is locked 
[31mERRO[0m[2026-05-09 17:19:26] Error encountered identifying /Volumes/Expansion/all_mp4/MUDR-292.mp4: error modifying scene: beginning transaction: database is locked 
[31mERRO[0m[2026-05-09 17:19:26] Error encountered identifying /Volumes/Expansion/all_mp4/MIDA-126.mp4: error modifying scene: beginning transaction: database is locked 
[31mERRO[0m[2026-05-09 17:19:26] Error encountered identifying /Volumes/Expansion/all_mp4/MIDA-094.mp4: error modifying scene: beginning transaction: database is locked 
[36mINFO[0m[2026-05-09 17:19:26] stash-box: no fingerprint match, trying title search: Immature Pussy Cunt Soaked In Aphrodisiac Removai Training Jiggle Spasm Pussy Climaxes Incontinently By Stepfather's Big Cock Piston Kira Teruboshi | 未熟ま〇こザコまん化媚薬漬けリモバイ調教 寸止め痙攣ま〇こが義父のデカチンピストンで失禁絶頂 輝星きら 
[36mINFO[0m[2026-05-09 17:19:27] Successfully identified /Volumes/Expansion/all_mp4/MIDA-175.mp4 as 初めての二人きりお泊りデート　すっぴんまでカワイイ君とガチイキ生々ハメ撮り濃密セックス using stash-box: https://javstash.org/graphql 
[36mINFO[0m[2026-05-09 17:19:27] stash-box: no fingerprint match, trying title search: mida00482: 20 Shots Of Hermaphrodite Impregnation Rape, Following A Wet, Transparent Bra Schoolgirl And Ejaculating All Of Her Cumshot After Her Release From Prison Momoka Izumi | 濡れた透けブラ女子生徒をつけ狙い出所後の溜まりまくった金玉汁を全射精(ダシ)する世捨て人孕ませレ×プ20発 
[36mINFO[0m[2026-05-09 17:19:27] Successfully identified /Volumes/Expansion/all_mp4/MIDA-185.mp4 as デッサンモデルを強要された美術部員　同級生におま●こ観られて恥ずかし発情　性欲暴走部員の激ピストン開脚失禁アクメ using stash-box: https://javstash.org/graphql 
[36mINFO[0m[2026-05-09 17:19:28] Successfully identified /Volumes/Expansion/all_mp4/MIDA-214.mp4 as 修学旅行の自由行動日、地味メガネで友達ゼロの私は生活指導の親父教師に脱いだら凄いJカップをねちょねちょ犯されるしかありません。 using stash-box: https://javstash.org/graphql 
[31mERRO[0m[2026-05-09 17:19:28] Error encountered identifying /Volumes/Expansion/all_mp4/MIDA-303.mp4: error modifying scene: beginning transaction: database is locked 
[36mINFO[0m[2026-05-09 17:19:28] stash-box: no fingerprint match, trying title search: Hooked On M*********n... -I Knew I Shouldn't Have Gotten On This Car...- Minami Hatsukawa | Hooked On Molestation... -I Knew I Shouldn't Have Gotten On This Car...- Minami Hatsukawa 
[31mERRO[0m[2026-05-09 17:19:28] Error encountered identifying /Volumes/Expansion/all_mp4/mide-278-u (2).mp4: error modifying scene: beginning transaction: database is locked 
[36mINFO[0m[2026-05-09 17:19:30] Refined JAV title for scene 860: An Obedient Nurse Who Does Not Disobey A Patient In A Futon Was Made To Take Care Of Her Until Ejaculation. Kokoro Asano | 布団の中で患者には逆らわない従順ナースさんに射精まで世話させた。 浅野こころ 
[36mINFO[0m[2026-05-09 17:19:31] stash-box: no fingerprint match, trying title search: 100 Days After Becoming A Private Tutor To A Rebellious Y********l, I Had Completely Become Her Servant Mia Nanasawa | 100 Days After Becoming A Private Tutor To A Rebellious Young Girl, I Had Completely Become Her Servant Mia Nanasawa 
[31mERRO[0m[2026-05-09 17:19:31] Error encountered identifying /Volumes/Expansion/all_mp4/mide-923.mp4: error modifying scene: beginning transaction: database is locked 
[31mERRO[0m[2026-05-09 17:19:32] Error encountered identifying /Volumes/Expansion/all_mp4/MXGS-1360.mp4: error modifying scene: beginning transaction: database is locked 
[36mINFO[0m[2026-05-09 17:19:32] stash-box: no fingerprint match, trying title search: Beautiful Wife Next Door Mistook Her Room For A Mudroom And Said, "I'm Home! Monami Takarada | Beautiful Wife Next Door Mistook Her Room for a Mudroom and Said, "I'm Home! Monami Takarada 
[31mERRO[0m[2026-05-09 17:19:32] Error encountered identifying /Volumes/Expansion/all_mp4/MXGS-1361.mp4: error modifying scene: beginning transaction: database is locked 
[36mINFO[0m[2026-05-09 17:19:32] stash-box: no fingerprint match, trying title search: I Was Made To Share A Room With My Lecherous Boss Who I Hate During A Business Trip... Nana Yagi | I Was Made To Share A Room With My Lecherous Boss Who I Hate During A Business Trip... Nana Yagi 
[31mERRO[0m[2026-05-09 17:19:32] Error encountered identifying /Volumes/Expansion/all_mp4/NACR-883.mp4: error modifying scene: beginning transaction: database is locked 
[31mERRO[0m[2026-05-09 17:19:33] Error encountered identifying /Volumes/Expansion/all_mp4/NACR-884.mp4: error modifying scene: beginning transaction: database is locked 
[36mINFO[0m[2026-05-09 17:19:33] stash-box: no fingerprint match, trying title search: My Friend's Mother Wants You | My Friend's Mother Wants You 
[31mERRO[0m[2026-05-09 17:19:33] Error encountered identifying /Volumes/Expansion/all_mp4/mide-930.mp4: error modifying scene: beginning transaction: database is locked 
[36mINFO[0m[2026-05-09 17:19:33] stash-box: no fingerprint match, trying title search: Pleasure Esthetic Room - I Who Have Learned To Feel Pleasure From A Creepy Old Man's Amazing Technique - Rin Amazawa | Pleasure Esthetic Room - I who have learned to feel pleasure from a creepy old man's amazing technique - Rin Amazawa 
[31mERRO[0m[2026-05-09 17:19:33] Error encountered identifying /Volumes/Expansion/all_mp4/MXGS-1363.mp4: error modifying scene: beginning transaction: database is locked 
[31mERRO[0m[2026-05-09 17:19:33] Error encountered identifying /Volumes/Expansion/all_mp4/MIDE-991.mp4: error modifying scene: beginning transaction: database is locked 
[31mERRO[0m[2026-05-09 17:19:33] Error encountered identifying /Volumes/Expansion/all_mp4/MIDE-954.mp4: error modifying scene: beginning transaction: database is locked 
[31mERRO[0m[2026-05-09 17:19:34] Error encountered identifying /Volumes/Expansion/all_mp4/MIDV-012.mp4: error modifying scene: beginning transaction: database is locked 
[31mERRO[0m[2026-05-09 17:19:34] Error encountered identifying /Volumes/Expansion/all_mp4/NACT-112.mp4: error modifying scene: beginning transaction: database is locked 
[31mERRO[0m[2026-05-09 17:19:34] Error encountered identifying /Volumes/Expansion/all_mp4/midv-050.mp4: error modifying scene: beginning transaction: database is locked 
[36mINFO[0m[2026-05-09 17:19:34] stash-box: no fingerprint match, trying title search: Shy Girlfriend Who Is Assigned To A Late-night Shift Alone With A Middle-aged Manager, Nana Yagi, NTR | Shy girlfriend who is assigned to a late-night shift alone with a middle-aged manager, Nana Yagi, NTR 
[31mERRO[0m[2026-05-09 17:19:34] Error encountered identifying /Volumes/Expansion/all_mp4/midv-183.mp4: error modifying scene: beginning transaction: database is locked 
[31mERRO[0m[2026-05-09 17:19:34] Error encountered identifying /Volumes/Expansion/all_mp4/midv-250.mp4: error modifying scene: beginning transaction: database is locked 
[31mERRO[0m[2026-05-09 17:19:34] Error encountered identifying /Volumes/Expansion/all_mp4/midv-188.mp4: error modifying scene: beginning transaction: database is locked 
[31mERRO[0m[2026-05-09 17:19:35] Error encountered identifying /Volumes/Expansion/all_mp4/MIDV-585.mp4: error modifying scene: beginning transaction: database is locked 
[36mINFO[0m[2026-05-09 17:19:35] Successfully identified /Volumes/Expansion/all_mp4/MIDV-778.mp4 as ある夏の熱帯夜、ママに内緒で義父から布団の中で種付けプレスされて早５年、まさか大人になっても夜這い中出しが続くなんて… 三浜唯 using stash-box: https://javstash.org/graphql 
[36mINFO[0m[2026-05-09 17:19:35] Successfully identified /Volumes/Expansion/all_mp4/nhdtb-028.mp4.mp4 as 図書館で声も出せず糸引くほど愛液が溢れ出す敏感娘 21 発情騎乗位SP using stash-box: https://javstash.org/graphql 
[31mERRO[0m[2026-05-09 17:19:36] Error encountered identifying /Volumes/Expansion/all_mp4/MIDV-883.mp4: error modifying scene: beginning transaction: database is locked 
[36mINFO[0m[2026-05-09 17:19:36] stash-box: no fingerprint match, trying title search: Creampie Perverts Group 2 | 生中痴漢集団2 
[36mINFO[0m[2026-05-09 17:19:36] Refined JAV title for scene 867: I Punished A Sensitive Dominatrix Naked Maid Who Leaks And Makes A Mess No Matter How Many Times I Clean Her Until She Stops Squirting. Nanoha Mizuno | 何度掃除してもイキ潮漏らして汚しちゃう敏感ドM全裸メイドを潮が出なくなるまでお仕置きしてやった。 
[36mINFO[0m[2026-05-09 17:19:36] Successfully identified /Volumes/Expansion/all_mp4/MIDV-893.mp4 as 死ぬほど嫌いな変態教師たちに何度もザーメンをブチ込まれた私… 校内で助けも呼べないサイレント集団痴漢で追い詰めてぶっかけ中出しレ×プ輪姦 高橋ほなみ using stash-box: https://javstash.org/graphql 
[36mINFO[0m[2026-05-09 17:19:37] stash-box: no fingerprint match, trying title search: Simultaneous Top-And-Bottom M*********n 2. A Woman Gets Her Pussy And Nipples Fondled Simultaneously By 2 Molesters | 上下同時痴漢 2 2人の痴漢師に乳首とマ○コを同時責めされイキ墜ちる女 
[31mERRO[0m[2026-05-09 17:19:37] Error encountered identifying /Volumes/Expansion/all_mp4/MIDV-915.mp4: error modifying scene: beginning transaction: database is locked 
[31mERRO[0m[2026-05-09 17:19:37] Error encountered identifying /Volumes/Expansion/all_mp4/nhdtb-216.mp4: error modifying scene: beginning transaction: database is locked 
[36mINFO[0m[2026-05-09 17:19:37] stash-box: no fingerprint match, trying title search: Ekiben Style Creampie J* M******r | 駅弁中出しJ○痴漢 
[36mINFO[0m[2026-05-09 17:19:38] stash-box: no fingerprint match, trying title search: Quickie M******r 8 | 即ハメ痴漢 8 
[36mINFO[0m[2026-05-09 17:19:38] Successfully identified /Volumes/Expansion/all_mp4/MIDV-923.mp4 as 激ピストン性欲処理用肉便器スリム巨乳マネージャー ラグビー部の絶倫部員たちに毎日アクメ失神するまでおま〇こ使われているワタシ…。 水卜さくら using stash-box: https://javstash.org/graphql 
[36mINFO[0m[2026-05-09 17:19:38] Successfully identified /Volumes/Expansion/all_mp4/MIDV-925.mp4 as 極美スレンダーボディが快感に震える おま●こから溢れて止まらない白濁本気マン汁クンニ絶頂フルコース 宮下玲奈 using stash-box: https://javstash.org/graphql 
[36mINFO[0m[2026-05-09 17:19:38] Refined JAV title for scene 862: I Am A Lousy Person Who Lusted After Her "shy, Fidgety, And Weak At Pushing" Younger Sister And Secretly Continued To Fuck Her. Masuzu Mita | 「内気でもじもじして押しに弱い」彼女の妹に欲情し、こっそりハメ続けた最低な僕。 
[36mINFO[0m[2026-05-09 17:19:40] stash-box: no fingerprint match, trying title search: Ekiben Style Creampie J* M******r 3 | 駅弁中出しJ○痴漢3 
[36mINFO[0m[2026-05-09 17:19:40] Refined JAV title for scene 413: This College Girl Got Fucked By A Part-Time Dirty Old Man Who Is No Good At His Job Hiyori Yoshioka | 年上の使えないおじさんバイトに犯された女子大生 吉岡ひより 
[36mINFO[0m[2026-05-09 17:19:41] Successfully identified /Volumes/Expansion/all_mp4/nhdtb-364.mp4 as 痴漢師の強引接吻で発情しバックで自ら腰を振りながら振り向きディープキスで舌を絡める女子○生 using stash-box: https://javstash.org/graphql 
[36mINFO[0m[2026-05-09 17:19:42] Refined JAV title for scene 884: Do You Want To Kiss Me? The Naughty Student Is A Tongue Kissing Little Devil, Drowning In Saliva, Close Contact Staking And Cumming, And Rin Suzunoya Rin | 「ウチとチュ～したいの？」 ヤンチャな教え子はベロキス小悪魔 唾液ダラダラ溺れイキ密着杭打ちで中出し 鈴の家りん 
[36mINFO[0m[2026-05-09 17:19:42] stash-box: no fingerprint match, trying title search: Idol Slot! Ezuki Wandafuru! Suicide Llama Overrun Zou Hinata Hikage | Idol Slot! Ezuki Wandafuru! Suicide Llama Overrun Zou Hinata Hikage 
[36mINFO[0m[2026-05-09 17:19:44] stash-box: no fingerprint match, trying title search: She Sneaks My Cock Inside While Giving Me A Massage Next To My Wife Cowgirl Creampies With An Esthetician 3 | She Sneaks My Cock Inside While Giving Me A Massage Next To My Wife Cowgirl Creampies With An Esthetician 3 
[36mINFO[0m[2026-05-09 17:19:44] Refined JAV title for scene 858: When I Couldn't Resist And Molested The Gentle-looking Tanuki-faced J-chan I See Every Morning... She Was More Captivated By My Technique Than Her Boyfriend. Shinna Nakamori | 毎朝見かける優しそうなたぬき顔J●を我慢できずにメチャクチャ痴漢してやったら…彼氏よりも俺のテクの虜に。 中森心々奈 
[36mINFO[0m[2026-05-09 17:19:46] Successfully identified /Volumes/Expansion/all_mp4/MOON-056.mp4 as 最終接吻電車 誰もいない2人きりの車内で美人お姉さんと何度もキス×キス×キス 吉澤友貴 using stash-box: https://javstash.org/graphql 
[36mINFO[0m[2026-05-09 17:19:46] stash-box: no fingerprint match, trying title search: Mini-skirt Jxx - Lift Up Your Short Skirt And Fuck Me From The Back! | Mini-skirt Jxx - Lift Up Your Short Skirt And Fuck Me From The Back! 
[36mINFO[0m[2026-05-09 17:19:46] stash-box: no fingerprint match, trying title search: Raw Pervert Group SP - Newly Shot + Series Compilation - 83 Shots Of Creampie! | Raw Pervert Group SP - Newly Shot + Series Compilation - 83 Shots Of Creampie! 
[36mINFO[0m[2026-05-09 17:19:46] Refined JAV title for scene 150: A Newly-employed Subordinate Kept Cumming Inside Her Until Morning, Strong* Shared Room, Training Trip. Ria Yuzuki | 新卒入社した部下に朝まで中出しし続けた強制相部屋、研修旅行。 結月りあ 
[31mERRO[0m[2026-05-09 17:19:47] Error encountered identifying /Volumes/Expansion/all_mp4/nhdtb-564.mp4: error modifying scene: beginning transaction: database is locked 
[36mINFO[0m[2026-05-09 17:19:47] stash-box: no fingerprint match, trying title search: No Groping. Complete Edition Minami Hatsukawa | No Groping. Complete Edition Minami Hatsukawa 
[31mERRO[0m[2026-05-09 17:19:48] Error encountered identifying /Volumes/Expansion/all_mp4/NHDTB-618 Natural High New Years Special Sensitive Nipple Tweaki.mp4: error modifying scene: beginning transaction: database is locked 
[36mINFO[0m[2026-05-09 17:19:48] stash-box: no fingerprint match, trying title search: Miniskirt S********l Sluts 2 Pull Her Skirt From Behind And Fuck Her Long And Hard! | Miniskirt Schoolgirl Sluts 2 Pull Her Skirt From Behind And Fuck Her Long And Hard! 
[36mINFO[0m[2026-05-09 17:19:48] stash-box: no fingerprint match, trying title search: Two S*********s Fingering Each Other And Loving The Feel Of Pussy Juice Dripping Not Far Away From Their Friends. | Two Schoolgirls Fingering Each Other And Loving The Feel Of Pussy Juice Dripping Not Far Away From Their Friends. 
[36mINFO[0m[2026-05-09 17:19:48] Refined JAV title for scene 864: When I See Someone Who Is In A Weaker Position Than Me... I Want To Attack Them... I Was So Aroused By My Friend's Sister Who Was A Child And Couldn't Say "stop"... Nanami Kodama | 自分より弱そうな立場の人間を見ると…襲いたくなるんだ…。「ヤメて」が言えない子供な友達の妹にメチャクチャ興奮した俺は… 
[36mINFO[0m[2026-05-09 17:19:49] stash-box: no fingerprint match, trying title search: Miniska J*Molestation 4: Turn Up Your Short Skirt And Fuck Her From The Back! | Miniska J*Molestation 4: Turn up your short skirt and fuck her from the back! 
[36mINFO[0m[2026-05-09 17:19:50] stash-box: no fingerprint match, trying title search: Newlywed Wife Who Was Turned And Nakadashi'd By NTR Impregnation Back Lasciviousness And Lasciviousness Until She Came And Fell | NTR孕ませバック痴漢 痴漢たちにイキ堕ちるまで廻され中出しされた新妻 
[31mERRO[0m[2026-05-09 17:19:50] Error encountered identifying /Volumes/Expansion/all_mp4/nhdtb-724.mp4: error modifying scene: beginning transaction: database is locked 
[36mINFO[0m[2026-05-09 17:19:50] stash-box: no fingerprint match, trying title search: Buses You Can't Get Off Without Having Sex. | Buses you can't get off without having sex. 
[36mINFO[0m[2026-05-09 17:19:50] stash-box: no fingerprint match, trying title search: Miniska J*痴●6 Turn Up Your Short Skirt And Fuck Her From The Back! | Miniska J*痴●6 Turn up your short skirt and fuck her from the back! 
[31mERRO[0m[2026-05-09 17:19:50] Error encountered identifying /Volumes/Expansion/all_mp4/nhdtb-750.mp4: error modifying scene: beginning transaction: database is locked 
[36mINFO[0m[2026-05-09 17:19:50] Refined JAV title for scene 260: I Can't Stand It Anymore! My Little Devil Niece Who Plays With Me By Showing And Seducing Me, Towa Chigawa | もう我慢できない！見せつけ誘惑で俺を翻弄する小悪魔姪っ子 千川とわ 
[36mINFO[0m[2026-05-09 17:19:50] stash-box: no fingerprint match, trying title search: J*2 W Finger Fuckers 3: Juice Drooling Girls Who Feel So Close To Their Friends That Their Love Juices Drip! | J*2 W Finger Fuckers 3: Juice Drooling Girls Who Feel So Close to Their Friends That Their Love Juices Drip! 
[36mINFO[0m[2026-05-09 17:19:51] stash-box: no fingerprint match, trying title search: Miniska J○痴●7 Turn Up Your Short Skirt And Fuck Her From The Back! | Miniska J○痴●7 Turn up your short skirt and fuck her from the back! 
[36mINFO[0m[2026-05-09 17:19:51] stash-box: no fingerprint match, trying title search: Part-time Girl 15 Who Feels All Flushed While Serving Customers | Part-time girl 15 who feels all flushed while serving customers 
[36mINFO[0m[2026-05-09 17:19:52] stash-box: no fingerprint match, trying title search: Nipple Development Lasciviousness Sensitive Peeing Slightly Breasted Woman Ver. | Nipple Development Lasciviousness Sensitive Peeing Slightly Breasted Woman Ver. 
[36mINFO[0m[2026-05-09 17:19:53] stash-box: no fingerprint match, trying title search: Lesbian Teasing Train, Two Girls Leaking Come From A Friend's Handjob. | Lesbian teasing train, two girls leaking come from a friend's handjob. 
[36mINFO[0m[2026-05-09 17:19:53] Successfully identified /Volumes/Expansion/all_mp4/NHDTB-931.mp4 as オルチャンメイクJ○痴漢 抵抗しまくる生意気女子が泣きイキするまで弄りまわせ！ using stash-box: https://javstash.org/graphql 
[36mINFO[0m[2026-05-09 17:19:54] Successfully identified /Volumes/Expansion/all_mp4/MURIKURI-004.mp4 as 集団痴漢ガチナマ路線 大学デビューで垢ぬけた金髪JDを絶望堕ちするまで膣キャパ限界大量中出し using stash-box: https://javstash.org/graphql 
[36mINFO[0m[2026-05-09 17:19:54] Refined JAV title for scene 151: A Rookie Office Worker Who Has Just Moved To Tokyo Is Soon Violated Violently. Suzu Nagano | 上京まもない新人OLは、やがて激しく犯される。 
[36mINFO[0m[2026-05-09 17:19:54] stash-box: no fingerprint match, trying title search: Continuous Shooting Train I Want To Monopolize A Tiny Girl And Ejaculate Many Times Until I Run Out Of Sperm! | Continuous shooting train I want to monopolize a tiny girl and ejaculate many times until I run out of sperm! 
[36mINFO[0m[2026-05-09 17:19:55] Successfully identified /Volumes/Expansion/all_mp4/NHDTB-988.mp4 as 授業後潜入中出し軍団 using stash-box: https://javstash.org/graphql 
[36mINFO[0m[2026-05-09 17:19:55] Successfully identified /Volumes/Expansion/all_mp4/NHDTB-992.mp4 as 突然のベロキス手マンで乱暴に扱われるほどイッてしまうドM娘を夜行バスで無許可中出し using stash-box: https://javstash.org/graphql 
[36mINFO[0m[2026-05-09 17:19:56] stash-box: no fingerprint match, trying title search: Beautiful Wife Next Door Mistook Her Room For A Mudroom And Said, "I'm Home! Monami Takarada | Beautiful Wife Next Door Mistook Her Room for a Mudroom and Said, "I'm Home! Monami Takarada 
[36mINFO[0m[2026-05-09 17:19:56] Successfully identified /Volumes/Expansion/all_mp4/NHDTB-998.mp4 as M男開発電車 ポケット手コキで着衣内射精させる責め好きお姉さん using stash-box: https://javstash.org/graphql 
[36mINFO[0m[2026-05-09 17:19:56] Refined JAV title for scene 824: My Stepfather Started Raping Me That Day Because My Mother Got Pregnant And Couldn't Have Sex With Me Anymore, And Even Got Me Pregnant. Karin Kitaoka | お義父さんはお母さんが妊娠してセックスが出来なくなったので、その日から私を犯し始め、私まで妊娠させた。 
[31mERRO[0m[2026-05-09 17:19:57] Error encountered identifying /Volumes/Expansion/all_mp4/NACR-885.mp4: error modifying scene: beginning transaction: database is locked 
[31mERRO[0m[2026-05-09 17:19:57] Error encountered identifying /Volumes/Expansion/all_mp4/nhdtb-92301.mp4: error modifying scene: beginning transaction: database is locked 
[36mINFO[0m[2026-05-09 17:19:57] stash-box: no fingerprint match, trying title search: Big-breasted Girl Shame Train - Get Your Growing Breasts Dirty With Your Perverted Sexuality! | Big-breasted girl shame train - Get your growing breasts dirty with your perverted sexuality! 
[36mINFO[0m[2026-05-09 17:19:57] stash-box: no fingerprint match, trying title search: Pleasure Esthetic Room - I Who Have Learned To Feel Pleasure From A Creepy Old Man's Amazing Technique - Rin Amazawa | Pleasure Esthetic Room - I who have learned to feel pleasure from a creepy old man's amazing technique - Rin Amazawa 
[36mINFO[0m[2026-05-09 17:19:58] stash-box: no fingerprint match, trying title search: Big-breasted Girl Shame Train - Get Your Growing Breasts Dirty With Your Perverted Sexuality! | Big-breasted girl shame train - Get your growing breasts dirty with your perverted sexuality! 
[36mINFO[0m[2026-05-09 17:19:58] stash-box: no fingerprint match, trying title search: Natural High 25th Anniversary Work Halloween Shame Sensitive Nipple Teasing Ver. | Natural High 25th Anniversary Work Halloween Shame Sensitive Nipple Teasing Ver. 
[31mERRO[0m[2026-05-09 17:19:58] Error encountered identifying /Volumes/Expansion/all_mp4/NACR-887.mp4: error modifying scene: beginning transaction: database is locked 
[31mERRO[0m[2026-05-09 17:19:58] Error encountered identifying /Volumes/Expansion/all_mp4/nhdtb-96404.mp4: error modifying scene: beginning transaction: database is locked 
[36mINFO[0m[2026-05-09 17:19:58] Refined JAV title for scene 827: Magic Mirror - The Molester Train Comes To Life Even Though She Refuses To Do It, Her Young Body Is Sensitive To The Erotic Techniques, Despite Her Mind! They Get Fucked By The Girls And Get Their Pussies Wet And Slippery! In Urawa 5 Amateur Girls Are Included! | マジックミラー号 痴漢電車がイク イヤイヤと拒んでも心とは裏腹に若いカラダはエロテクに敏感反応！ヌルヌルにトロけたマ○コに生挿入！ In浦和 素人娘5名収録 
[31mERRO[0m[2026-05-09 17:20:00] error getting studio for /Volumes/Expansion/all_mp4/NACR-913.mp4: studio with name 'Planet Plus' already exists 
[36mINFO[0m[2026-05-09 17:20:00] Refined JAV title for scene 826: Younger Step-sister Is A Beautiful Y********l In Uniform Who Finds Out Her Older Step-brother Is A Sex Addict And She Decides To Satisfy His Horny Desires. Pink Step-family Volume 22. Natsu Tojo | 制服美少女の妹はセックス依存症と診断された兄の性欲処理をしている。桃色かぞくVOL.22 東條なつ 
[31mERRO[0m[2026-05-09 17:20:01] Error encountered identifying /Volumes/Expansion/all_mp4/NHDTC-004.mp4: error modifying scene: beginning transaction: database is locked 
[31mERRO[0m[2026-05-09 17:20:01] Error encountered identifying /Volumes/Expansion/all_mp4/NHDTC-005.mp4: error modifying scene: beginning transaction: database is locked 
[36mINFO[0m[2026-05-09 17:20:02] stash-box: no fingerprint match, trying title search: Natural High 25th Anniversary All 12 Works Superb Scenes | Natural High 25th Anniversary All 12 Works Superb Scenes 
[36mINFO[0m[2026-05-09 17:20:02] stash-box: no fingerprint match, trying title search: Creampie Perverts Group 2 | 生中痴漢集団2 
[36mINFO[0m[2026-05-09 17:20:02] Refined JAV title for scene 885: She Drowned Her Younger Sister (plain, Shy, Not Interested In Sex) In A Kimexec Session And Made Her Climax All Over The Place And Become A Nakadashi Meatbag. | 彼女の妹（地味・人見知り・セックス興味無し）をキメセクにどっぷり溺れさせて絶頂しまくり中出し肉便器に仕上げた 月野江すい 
[36mINFO[0m[2026-05-09 17:20:02] stash-box: no fingerprint match, trying title search: Simultaneous Top-And-Bottom M*********n 2. A Woman Gets Her Pussy And Nipples Fondled Simultaneously By 2 Molesters | 上下同時痴漢 2 2人の痴漢師に乳首とマ○コを同時責めされイキ墜ちる女 
[36mINFO[0m[2026-05-09 17:20:03] stash-box: no fingerprint match, trying title search: Ekiben Style Creampie J* M******r | 駅弁中出しJ○痴漢 
[36mINFO[0m[2026-05-09 17:20:03] stash-box: no fingerprint match, trying title search: Quickie M******r 8 | 即ハメ痴漢 8 
[31mERRO[0m[2026-05-09 17:20:04] Error encountered identifying /Volumes/Expansion/all_mp4/NHDTC-080.mp4: error modifying scene: beginning transaction: database is locked 
[36mINFO[0m[2026-05-09 17:20:04] stash-box: no fingerprint match, trying title search: 1nhdtc00144: A Woman Who Can't Make A Sound And Makes A Lot Of Hidden Erotic Faces While Her Boyfriend Is Next To Her And Is Playing With Her Sticky Clitoris 2 | 彼氏の横で粘着クリいじりされ声も出せず隠しエロ顔しまくる女2 
[36mINFO[0m[2026-05-09 17:20:04] Refined JAV title for scene 829: The Middle Person Who Wanted To Be A Costumed Star And Remained Unresponsive No Matter How Much She Was Poked And Prodded Was A Beautiful Woman With Big Tits Himari Kosaka | 着ぐるみスターになりたくて どんなに突かれまくっても無反応を貫く中の人は爆乳美女だった 小坂ひまり 
[31mERRO[0m[2026-05-09 17:20:05] Error encountered identifying /Volumes/Expansion/all_mp4/NHDTC-123.mp4: error modifying scene: beginning transaction: database is locked 
[36mINFO[0m[2026-05-09 17:20:05] stash-box: no fingerprint match, trying title search: Ekiben Style Creampie J* M******r 3 | 駅弁中出しJ○痴漢3 
[31mERRO[0m[2026-05-09 17:20:05] Error encountered identifying /Volumes/Expansion/all_mp4/NHDTC-172.mp4: error modifying scene: beginning transaction: database is locked 
[31mERRO[0m[2026-05-09 17:20:06] Error encountered identifying /Volumes/Expansion/all_mp4/NHDTC-201.mp4: error modifying scene: beginning transaction: database is locked 
[31mERRO[0m[2026-05-09 17:20:06] Error encountered identifying /Volumes/Expansion/all_mp4/NHDTC-0603.mp4: error modifying scene: beginning transaction: database is locked 
[36mINFO[0m[2026-05-09 17:20:06] Refined JAV title for scene 825: Aoharu Group Drama Of Five Female Students Who Have Known Each Other Since Childhood And Are "always Having Sex" At A Prestigious Private Girls' School - 10 Sex Sessions And 19 Shots - Everyday Life In Which Sex Is Blended In. | ―SEXが溶け込んでいる日常― 名門私立女子校で紡ぐ「常に性交」幼なじみ女子学生5人組のアオハル群像劇~10性交19発射~ 
[36mINFO[0m[2026-05-09 17:20:07] stash-box: no fingerprint match, trying title search: Miniska Raw Leg Shame 8 Turn Up Your Short Skirt And Fuck Her From The Back! | Miniska Raw Leg Shame 8 Turn up your short skirt and fuck her from the back! 
[36mINFO[0m[2026-05-09 17:20:07] stash-box: no fingerprint match, trying title search: Miniska Raw Leg Shame 8 Turn Up Your Short Skirt And Fuck Her From The Back! | Miniska Raw Leg Shame 8 Turn up your short skirt and fuck her from the back! 
[36mINFO[0m[2026-05-09 17:20:08] stash-box: no fingerprint match, trying title search: Miniska Raw Leg Shame 8 Turn Up Your Short Skirt And Fuck Her From The Back! | Miniska Raw Leg Shame 8 Turn up your short skirt and fuck her from the back! 
[31mERRO[0m[2026-05-09 17:20:08] Error encountered identifying /Volumes/Expansion/all_mp4/NHDTC-1502.mp4: error modifying scene: beginning transaction: database is locked 
[31mERRO[0m[2026-05-09 17:20:08] Error encountered identifying /Volumes/Expansion/all_mp4/MKMP-583.mp4: error modifying scene: beginning transaction: database is locked 
[31mERRO[0m[2026-05-09 17:20:09] Error encountered identifying /Volumes/Expansion/all_mp4/NHDTC-06302.mp4: error modifying scene: beginning transaction: database is locked 
[36mINFO[0m[2026-05-09 17:20:09] stash-box: no fingerprint match, trying title search: Nipple Development Train - Sensitive Peeing Slight Breasts Woman Ver.2 - Petite AA Cup Girl | 乳首開発電車 敏感お漏らし微乳女Ver.2 小柄AAカップ娘 
[36mINFO[0m[2026-05-09 17:20:09] stash-box: no fingerprint match, trying title search: She Sneaks My Cock Inside While Giving Me A Massage Next To My Wife Cowgirl Creampies With An Esthetician 3 | She Sneaks My Cock Inside While Giving Me A Massage Next To My Wife Cowgirl Creampies With An Esthetician 3 
[36mINFO[0m[2026-05-09 17:20:09] Successfully identified /Volumes/Expansion/all_mp4/mmus-058.mp4 as 小悪魔挑発ギャルW 百永さりな 木下ひまり using stash-box: https://javstash.org/graphql 
[36mINFO[0m[2026-05-09 17:20:10] stash-box: no fingerprint match, trying title search: Moe Amatsuka x S********l Best Uniform 12 Titles 8-Hour Special | Moe Amatsuka x Schoolgirl Best Uniform 12 Titles 8-Hour Special 
[36mINFO[0m[2026-05-09 17:20:10] stash-box: no fingerprint match, trying title search: Moe Amatsuka x S********l Best Uniform 12 Titles 8-Hour Special | Moe Amatsuka x Schoolgirl Best Uniform 12 Titles 8-Hour Special 
[36mINFO[0m[2026-05-09 17:20:10] Refined JAV title for scene 249: Hey, Hey, You Wanna Fuck? Sucking School Life With A Super Cute Beautiful Y********l In Uniform Amu Amatsuka | ねぇねぇエッチしちゃう？ めちゃカワ制服美少女とパコパコ学園性活 あまつか亜夢 
[36mINFO[0m[2026-05-09 17:20:11] stash-box: no fingerprint match, trying title search: Mini-skirt Jxx - Lift Up Your Short Skirt And Fuck Me From The Back! | Mini-skirt Jxx - Lift Up Your Short Skirt And Fuck Me From The Back! 
[31mERRO[0m[2026-05-09 17:20:12] Error encountered identifying /Volumes/Expansion/all_mp4/OFTR-006.mp4: error modifying scene: beginning transaction: database is locked 
[36mINFO[0m[2026-05-09 17:20:12] Refined JAV title for scene 511: You Can Ejaculate As Many Times As You Want! You Can Ejaculate As Many Times As You Want Anytime Anywhere Ultimate Soap SP Total 19 Extreme Ejaculations! G-cup Gravure Body Bubbles Princess Super Service Emiri Yuhina | 何発でも射精OKだよ！いつでもどこでも何回でも射精し放題究極ソープSP 合計19発極上射精！！GカップグラビアBODY泡姫スーパーご奉仕 夕雛エミリ 
[36mINFO[0m[2026-05-09 17:20:12] stash-box: no fingerprint match, trying title search: I Woke Up To Find A Schoolgirl Next To Me Gently Sucking My Tired Mala. | I woke up to find a schoolgirl next to me gently sucking my tired mala. 
[36mINFO[0m[2026-05-09 17:20:12] stash-box: no fingerprint match, trying title search: Raw Pervert Group SP - Newly Shot + Series Compilation - 83 Shots Of Creampie! | Raw Pervert Group SP - Newly Shot + Series Compilation - 83 Shots Of Creampie! 
[31mERRO[0m[2026-05-09 17:20:13] Error encountered identifying /Volumes/Expansion/all_mp4/PARATHD-4097.mp4: error modifying scene: beginning transaction: database is locked 
[36mINFO[0m[2026-05-09 17:20:13] stash-box: no fingerprint match, trying title search: Miniskirt S********l Sluts 2 Pull Her Skirt From Behind And Fuck Her Long And Hard! | Miniskirt Schoolgirl Sluts 2 Pull Her Skirt From Behind And Fuck Her Long And Hard! 
[31mERRO[0m[2026-05-09 17:20:13] Error encountered identifying /Volumes/Expansion/all_mp4/nhdtb-579-1.mp4: error modifying scene: beginning transaction: database is locked 
[36mINFO[0m[2026-05-09 17:20:14] stash-box: no fingerprint match, trying title search: Two S*********s Fingering Each Other And Loving The Feel Of Pussy Juice Dripping Not Far Away From Their Friends. | Two Schoolgirls Fingering Each Other And Loving The Feel Of Pussy Juice Dripping Not Far Away From Their Friends. 
[36mINFO[0m[2026-05-09 17:20:14] Refined JAV title for scene 513: Honoka Furukawa, A Fastidious And Serious Female Teacher, Who Was Continuously Made To Cum By Aphrodisiac By Her Father Who Visited Her At Home In A Garbage Room. | 家庭訪問先のゴミ部屋親父に媚薬キメセクかまされイカされ続けた潔癖クソ真面目女教師 古川ほのか 
[36mINFO[0m[2026-05-09 17:20:15] stash-box: no fingerprint match, trying title search: Miniska J*Molestation 4: Turn Up Your Short Skirt And Fuck Her From The Back! | Miniska J*Molestation 4: Turn up your short skirt and fuck her from the back! 
[36mINFO[0m[2026-05-09 17:20:15] stash-box: no fingerprint match, trying title search: Newlywed Wife Who Was Turned And Nakadashi'd By NTR Impregnation Back Lasciviousness And Lasciviousness Until She Came And Fell | NTR孕ませバック痴漢 痴漢たちにイキ堕ちるまで廻され中出しされた新妻 
[36mINFO[0m[2026-05-09 17:20:16] stash-box: no fingerprint match, trying title search: Buses You Can't Get Off Without Having Sex. | Buses you can't get off without having sex. 
[36mINFO[0m[2026-05-09 17:20:16] stash-box: no fingerprint match, trying title search: Miniska J*痴●6 Turn Up Your Short Skirt And Fuck Her From The Back! | Miniska J*痴●6 Turn up your short skirt and fuck her from the back! 
[36mINFO[0m[2026-05-09 17:20:16] Refined JAV title for scene 514: I Went To A Track And Field Camp With My Favorite Childhood Friend... I Was Humiliated And Excited As I Watched From The Shadows As My Childhood Friend Was Ordered To Be Made To Cum To Death By The Most Slutty Senior In The School. Wakana Sakura | 大好きな幼馴染と陸上部の合宿へ・・幼馴染が学校一のヤリチン先輩に死ぬほどイカされるのを命令されて物陰から見ていた屈辱と興奮の僕。 さくらわかな 
[36mINFO[0m[2026-05-09 17:20:17] stash-box: no fingerprint match, trying title search: J*2 W Finger Fuckers 3: Juice Drooling Girls Who Feel So Close To Their Friends That Their Love Juices Drip! | J*2 W Finger Fuckers 3: Juice Drooling Girls Who Feel So Close to Their Friends That Their Love Juices Drip! 
[36mINFO[0m[2026-05-09 17:20:17] stash-box: no fingerprint match, trying title search: Miniska J○痴●7 Turn Up Your Short Skirt And Fuck Her From The Back! | Miniska J○痴●7 Turn up your short skirt and fuck her from the back! 
[36mINFO[0m[2026-05-09 17:20:18] stash-box: no fingerprint match, trying title search: Part-time Girl 15 Who Feels All Flushed While Serving Customers | Part-time girl 15 who feels all flushed while serving customers 
[36mINFO[0m[2026-05-09 17:20:18] Refined JAV title for scene 515: A Uniformed Girl After Her Part-time Job Started To Come Into My House, A Middle-aged Manager, And Seduced Me With Her Panties... Saki Sasaki | アルバイト終わりの制服少女が中年店長の私の家に入り浸るようになり、パンチラ姿で誘惑を… 佐々木さき 
[36mINFO[0m[2026-05-09 17:20:18] stash-box: no fingerprint match, trying title search: Nipple Development Lasciviousness Sensitive Peeing Slightly Breasted Woman Ver. | Nipple Development Lasciviousness Sensitive Peeing Slightly Breasted Woman Ver. 
[36mINFO[0m[2026-05-09 17:20:19] stash-box: no fingerprint match, trying title search: Lesbian Teasing Train, Two Girls Leaking Come From A Friend's Handjob. | Lesbian teasing train, two girls leaking come from a friend's handjob. 
[36mINFO[0m[2026-05-09 17:20:19] stash-box: no fingerprint match, trying title search: Beautiful Teacher Who Fell Into The Nest Of Delinquent Students BEST VOL.2 | Beautiful teacher who fell into the nest of delinquent students BEST VOL.2 
[36mINFO[0m[2026-05-09 17:20:20] Refined JAV title for scene 516: Uncle, Let's Go On A Date With Yuna On An Adult School Trip, And Afterwards Let's Have A Lot Of Kissing And Deep Sex With Yuna Hinata! | おじさん、由奈と大人の修学旅行デートしてその後いっぱいキスしてぐちゅぐちゅ濃厚セックスしようよ 日向由奈 
[36mINFO[0m[2026-05-09 17:20:21] stash-box: no fingerprint match, trying title search: Continuous Shooting Train I Want To Monopolize A Tiny Girl And Ejaculate Many Times Until I Run Out Of Sperm! | Continuous shooting train I want to monopolize a tiny girl and ejaculate many times until I run out of sperm! 
[36mINFO[0m[2026-05-09 17:20:21] stash-box: no fingerprint match, trying title search: After-school Secret Meetings, Teachers' Fuck Club, Kurumi Amai | After-school secret meetings, teachers' fuck club, Kurumi Amai 
[36mINFO[0m[2026-05-09 17:20:22] Refined JAV title for scene 208: College Preparatory School: Become An Adult While You Sleep. Suomin Gakushu | 進学塾 ねてる間に大人になる すいみん学習 
[36mINFO[0m[2026-05-09 17:20:23] stash-box: no fingerprint match, trying title search: Big-breasted Girl Shame Train - Get Your Growing Breasts Dirty With Your Perverted Sexuality! | Big-breasted girl shame train - Get your growing breasts dirty with your perverted sexuality! 
[36mINFO[0m[2026-05-09 17:20:23] stash-box: no fingerprint match, trying title search: Big-breasted Girl Shame Train - Get Your Growing Breasts Dirty With Your Perverted Sexuality! | Big-breasted girl shame train - Get your growing breasts dirty with your perverted sexuality! 
[36mINFO[0m[2026-05-09 17:20:23] Successfully identified /Volumes/Expansion/all_mp4/NHDTB-995.mp4 as NHDTC-158: Continuous Shooting Train 2 I Want To Monopolize A Tiny Girl And Ejaculate Many Times Until I Run Out Of Sperm! using stash-box: https://stashdb.org/graphql 
[36mINFO[0m[2026-05-09 17:20:23] stash-box: no fingerprint match, trying title search: Natural High 25th Anniversary Work Halloween Shame Sensitive Nipple Teasing Ver. | Natural High 25th Anniversary Work Halloween Shame Sensitive Nipple Teasing Ver. 
[36mINFO[0m[2026-05-09 17:20:24] stash-box: no fingerprint match, trying title search: Ravaged High School Sluts - Preying On A Campus Idol Minami Kojima | Ravaged High School Sluts - Preying On A Campus Idol Minami Kojima 
[36mINFO[0m[2026-05-09 17:20:24] Refined JAV title for scene 870: The End Of The Story Of A Female Student Who Was Addicted To Train Molestation Because She Could Not Forget The Pleasure Of Being Fucked For The First Time Nanami Ogura | 初めてサレた快感が忘れられず電車痴漢にハマってしまった女子●生の末路 小倉七海 
[36mINFO[0m[2026-05-09 17:20:25] stash-box: no fingerprint match, trying title search: Girls Who Wanna Get M******d - Kinky Hot Receptionist Edition Minami Kojima | Girls Who Wanna Get Molested - Kinky Hot Receptionist Edition Minami Kojima 
[36mINFO[0m[2026-05-09 17:20:26] stash-box: no fingerprint match, trying title search: S********l Walk, An Tsujimoto | Schoolgirl Walk, An Tsujimoto 
[36mINFO[0m[2026-05-09 17:20:26] stash-box: no fingerprint match, trying title search: She's Unable To Resist The Ecstasy/Squirting/Spasmic Orgasms Minami Kojima | She's Unable To Resist The Ecstasy/Squirting/Spasmic Orgasms Minami Kojima 
[36mINFO[0m[2026-05-09 17:20:26] stash-box: no fingerprint match, trying title search: Natural High 25th Anniversary All 12 Works Superb Scenes | Natural High 25th Anniversary All 12 Works Superb Scenes 
[36mINFO[0m[2026-05-09 17:20:26] Refined JAV title for scene 874: Nanao Ayatsuki Grabs A Man's Heart With Her Beautiful H-cup Tits And Gentle Whispers, And Even After Hustle Time, She Keeps Riding On A Horse And Invites Him For A Backdoor Sex Session. | 超美乳Hカップと優しい囁きで男心を鷲掴みしハッスルタイム後も馬乗りのまま裏オプ本番を誘ってくるおっパブ嬢 彩月七緒 
[36mINFO[0m[2026-05-09 17:20:27] stash-box: no fingerprint match, trying title search: At The Library, Unable To Scream Or Resist, She Gave In To The M******r... Aika Yumeno | At The Library, Unable To Scream Or Resist, She Gave In To The Molester... Aika Yumeno 
[36mINFO[0m[2026-05-09 17:20:27] stash-box: no fingerprint match, trying title search: M******r Gives Girl The Best Orgasm Of Her Life: Dripping Wet, Dripping, Screaming Climaxes Minami Kojima | Molester Gives Girl The Best Orgasm Of Her Life: Dripping Wet, Dripping, Screaming Climaxes Minami Kojima 
[36mINFO[0m[2026-05-09 17:20:28] Successfully identified /Volumes/Expansion/all_mp4/SNOS-193.mp4 as 中小企業に入社したプリプリデカ乳OLが　ボロッボロになるまで全オトコ社員に数珠つなぎレ●プ using stash-box: https://javstash.org/graphql 
[36mINFO[0m[2026-05-09 17:20:28] Refined JAV title for scene 876: Sanao Ayatsuki, A Hot Spring Trip To A Lovey-dovey Hot Spring Where She Ejaculates 12 Times In Two Days And One Night [Special Edition]. | 一泊二日で12発射精しちゃうヤリまくりイチャイチャ温泉旅行 彩月七緒 
[36mINFO[0m[2026-05-09 17:20:28] stash-box: no fingerprint match, trying title search: 1nhdtc00144: A Woman Who Can't Make A Sound And Makes A Lot Of Hidden Erotic Faces While Her Boyfriend Is Next To Her And Is Playing With Her Sticky Clitoris 2 | 彼氏の横で粘着クリいじりされ声も出せず隠しエロ顔しまくる女2 
[36mINFO[0m[2026-05-09 17:20:29] Successfully identified /Volumes/Expansion/all_mp4/SONE-259.mp4 as 教え子兼アイドルの制服美少女に ニコニコ笑顔でたっぷり痴女られたい 中森心々奈 using stash-box: https://javstash.org/graphql 
[36mINFO[0m[2026-05-09 17:20:30] stash-box: no fingerprint match, trying title search: I've Got A Girlfriend And I'm Practicing Kissing My Chubby-lipped Girlfriend... And Then The Tongues And Saliva Get Involved And I Just Can't Stop Getting Excited... Shinna Nakamori | SONE-351 
[36mINFO[0m[2026-05-09 17:20:30] Successfully identified /Volumes/Expansion/all_mp4/SONE-316.mp4 as 生意気ざかりな巨乳めいっ子を大人チ〇ポでわからせる教育的ピストン 安達夕莉 using stash-box: https://javstash.org/graphql 
[36mINFO[0m[2026-05-09 17:20:30] Successfully identified /Volumes/Expansion/all_mp4/SONE-347.mp4 as キモすぎる変態義父のち●こがめちゃくちゃ大きくて…女子大生の私は嫌でたまらないのにおま●こは濡れまくってイッてしまった。 三田真鈴 using stash-box: https://javstash.org/graphql 
[36mINFO[0m[2026-05-09 17:20:30] Refined JAV title for scene 875: Mei Miyajima X Natural High - Naked Shame OK Girl Special - SODstar Ver. Let The Absolutely NG Superbly Beautiful Girl Be OK To Nakadashi & Massive Bukkake In Shame Day After Day! | 宮島めい×ナチュラルハイ 全裸羞恥OK娘スペシャル SODstarVer. 絶対NGの超絶美少女に連日羞恥で中出し＆大量ぶっかけまでOKさせろ 
[36mINFO[0m[2026-05-09 17:20:31] Successfully identified /Volumes/Expansion/all_mp4/SONE-398.mp4 as 無邪気で絶対Hさせてくれそうな彼女の妹が終電逃して泊まりに来た。 倉木華 using stash-box: https://javstash.org/graphql 
[36mINFO[0m[2026-05-09 17:20:32] stash-box: no fingerprint match, trying title search: Miniska Raw Leg Shame 8 Turn Up Your Short Skirt And Fuck Her From The Back! | Miniska Raw Leg Shame 8 Turn up your short skirt and fuck her from the back! 
[36mINFO[0m[2026-05-09 17:20:32] Successfully identified /Volumes/Expansion/all_mp4/SONE-411.mp4 as 無口で大人しい女生徒になら何してもいいんじゃないか？地味な図書委員は担任に犯されてもイキまくった。 浅野こころ using stash-box: https://javstash.org/graphql 
[36mINFO[0m[2026-05-09 17:20:32] stash-box: no fingerprint match, trying title search: Miniska Raw Leg Shame 8 Turn Up Your Short Skirt And Fuck Her From The Back! | Miniska Raw Leg Shame 8 Turn up your short skirt and fuck her from the back! 
[36mINFO[0m[2026-05-09 17:20:32] Refined JAV title for scene 877: A Mischievous Beautiful Girl Who Exposes And Seduces You On Campus And Plays With Your Body And Soul Is A Childhood Friend And A Famous Celebrity Known To Everyone. We, Who Are Inexperienced, Are In Heat, And We Are Having A Lot Of Sex With Her. Yotsuba Kominato | 校内で露出誘惑して身も心も弄んでくるイタズラな美少女は幼馴染で誰もが知る有名芸能人。経験乏しい僕らは発情するがまま中出ししまくって所構わずヤりまくった絶倫アオハルSEX。 小湊よつ葉 
[36mINFO[0m[2026-05-09 17:20:33] stash-box: no fingerprint match, trying title search: All For The First Time Sexual Experience 4 Productions - Moe Sakakibara Second AV | All for the First Time Sexual Experience 4 Productions - Moe Sakakibara Second AV 
[36mINFO[0m[2026-05-09 17:20:33] stash-box: no fingerprint match, trying title search: Miniska Raw Leg Shame 8 Turn Up Your Short Skirt And Fuck Her From The Back! | Miniska Raw Leg Shame 8 Turn up your short skirt and fuck her from the back! 
[36mINFO[0m[2026-05-09 17:20:34] stash-box: no fingerprint match, trying title search: Devoted Slutty Manager Who Sells Her Body For The Team, Shinna Nakamori | Devoted slutty manager who sells her body for the team, Shinna Nakamori 
[36mINFO[0m[2026-05-09 17:20:34] Refined JAV title for scene 988: Skewered P To M Sex - Upper And Lower Holes Are Sealed With Sexually Harassing Dicks Of The Bosses! Rui Ichinomiya, A Beautiful Slender Office Worker Who Can Only Wriggle And Writhe Without Making A Sound! | 串刺しP to Mセックス 上司たちのセクハラチ〇ポで上下穴封鎖!声も出せずに身悶えしかできない美人スレンダーOL 一宮るい 
[36mINFO[0m[2026-05-09 17:20:34] stash-box: no fingerprint match, trying title search: Nipple Development Train - Sensitive Peeing Slight Breasts Woman Ver.2 - Petite AA Cup Girl | 乳首開発電車 敏感お漏らし微乳女Ver.2 小柄AAカップ娘 
[36mINFO[0m[2026-05-09 17:20:34] Successfully identified /Volumes/Expansion/all_mp4/SONE-449.mp4 as 綺麗で可愛い_キレカワお姉さんが【美顔・美乳・美尻・美脚】でヌキまくる極上密着メンズエステ 倉木華 using stash-box: https://javstash.org/graphql 
[36mINFO[0m[2026-05-09 17:20:35] stash-box: no fingerprint match, trying title search: Moe Amatsuka x S********l Best Uniform 12 Titles 8-Hour Special | Moe Amatsuka x Schoolgirl Best Uniform 12 Titles 8-Hour Special 
[36mINFO[0m[2026-05-09 17:20:35] stash-box: no fingerprint match, trying title search: Moe Amatsuka x S********l Best Uniform 12 Titles 8-Hour Special | Moe Amatsuka x Schoolgirl Best Uniform 12 Titles 8-Hour Special 
[36mINFO[0m[2026-05-09 17:20:37] Refined JAV title for scene 878: The Time-stopping Man 1Instructing A Big-breasted Girl At The Workplace And Paco-Paco-Paco-Paco-Paco... 2Raw Sex Training With A Beautiful Bodied Girl At The Gym... 3An Old Man Who Has The Ability To Play Tricks On A Beautiful JD At The Library... A Dull Man Awakens To Become A Seeding Old Man... He Delivers Sperm To The Womb By Cumming Without Permission! Delusional Erotic Man #Mei & Hikaru & Futaba | 【時間停止男】 1職場でデカパイ娘を指導パコパコ♪ 2ジムで美ボディ美女と生ハメトレーニング♪ 3図書館で美麗JDに悪戯ヤリたい放題♪冴えない男が能力を手にして種付けオジサンに覚醒…勝手に中出しして子宮に精子をお届け!!!【妄想エロマン♯めい&ひかる&ふたば】 
[36mINFO[0m[2026-05-09 17:20:37] stash-box: no fingerprint match, trying title search: I Woke Up To Find A Schoolgirl Next To Me Gently Sucking My Tired Mala. | I woke up to find a schoolgirl next to me gently sucking my tired mala. 
[36mINFO[0m[2026-05-09 17:20:39] stash-box: no fingerprint match, trying title search: Former Odaiba-type Terrestrial Idol S1 Chapter 2: Orginalism Entertainer Karen Ishida | Former Odaiba-type terrestrial idol S1 Chapter 2: Orginalism Entertainer Karen Ishida 
[31mERRO[0m[2026-05-09 17:20:39] error getting studio for /Volumes/Expansion/all_mp4/PIYO-211.mp4: studio with name 'Hyoko' already exists 
[36mINFO[0m[2026-05-09 17:20:39] stash-box: no fingerprint match, trying title search: A Girl In The Same Class Who Ran Away From Home Without A Clue Lent Her Room To A Friend, And In Exchange, She Was Allowed To Use Her Tits And Pussy For Free. Mirei Uno | SONE-544 
[36mINFO[0m[2026-05-09 17:20:39] Successfully identified /Volumes/Expansion/all_mp4/PIYO-211.mp4 as 絶対に手を出してはいけないひよこ女子に媚薬まみれの極悪チ○コで鬼イラマチオ。そして… その漆 (7)特別編!! using stash-box: https://javstash.org/graphql 
[36mINFO[0m[2026-05-09 17:20:40] Successfully identified /Volumes/Expansion/all_mp4/SONE-489.mp4 as 大男たちに囲まれ次から次へとブッ挿されるマッスル追撃ピストン人生初のノンストップ大乱交 中森心々奈 using stash-box: https://javstash.org/graphql 
[36mINFO[0m[2026-05-09 17:20:40] stash-box: no fingerprint match, trying title search: Forcing My Rebellious Wife's Stepdaughter To Adore Me With Medicine (*a Powerful Aphrodisiac). Nanami Kodama | Forcing my rebellious wife's stepdaughter to adore me with medicine (*a powerful aphrodisiac). Nanami Kodama 
[36mINFO[0m[2026-05-09 17:20:40] Successfully identified /Volumes/Expansion/all_mp4/SONE-486.mp4 as 乳イカセ相部屋NTR　セクハラ・パワハラ・嫌味・粘着… 不適切で時代遅れで軽蔑している中年上司に乱暴に揉み堕とされたJcupグラドル 五条恋 using stash-box: https://javstash.org/graphql 
[36mINFO[0m[2026-05-09 17:20:40] Refined JAV title for scene 887: Can You Pretend To Be My Boyfriend?" That's What My Girlfriends Told Me, And I Fell In Love With Them Even Though I Shouldn't Have, And I Spent My Days Indulging In Sex More Intense Than That Of A Real Lover. 5 Bas. | 「彼氏のフリしてくれない？」女友達にそう言われて、好きになっちゃいけないはずなのに好きになって、本当の恋人よりも濃厚なセックスに溺れた日々。 五芭 
[36mINFO[0m[2026-05-09 17:20:40] Refined JAV title for scene 881: A Serious Office Worker At A Small To Medium-sized Construction Company Is Raped By A Manual Laborer, Destroying Her Appearance And Self-esteem... After This, A Story Of A Fucked-up Tongue Kissing Seeding Continuous Nakadashi... Towa Chigawa | 中小建設会社に勤める事務員の真面目な彼女が、肉体労働者に犯され、見た目も自尊心も壊されていく…この後、めちゃくちゃベロキス種付け連続中出しされた話… 千川とわ 
[31mERRO[0m[2026-05-09 17:20:42] error getting studio for /Volumes/Expansion/all_mp4/REAL-866.mp4: studio with name 'K M Produce' already exists 
[36mINFO[0m[2026-05-09 17:20:42] stash-box: no fingerprint match, trying title search: Celebrity Kime-secrecy Rape - Aphrodisiac-soaked Terrestrial Idol's Gung-ho TV Recording - Keiren Ishida | Celebrity kime-secrecy rape - aphrodisiac-soaked terrestrial idol's gung-ho TV recording - Keiren Ishida 
[36mINFO[0m[2026-05-09 17:20:42] Successfully identified /Volumes/Expansion/all_mp4/SONE-655.mp4 as 押しに弱すぎる彼女の巨乳妹とこっそりハメて僕のチ●ポに沼らせて敏感即イキ早漏体質に仕上げた using stash-box: https://javstash.org/graphql 
[36mINFO[0m[2026-05-09 17:20:42] Successfully identified /Volumes/Expansion/all_mp4/sone-616.mp4 as 食べごろ姉妹のからだ。親戚の娘2人を預かることになった変態おじ using stash-box: https://javstash.org/graphql 
[36mINFO[0m[2026-05-09 17:20:43] stash-box: no fingerprint match, trying title search: Beautiful Teacher Who Fell Into The Nest Of Delinquent Students BEST VOL.2 | Beautiful teacher who fell into the nest of delinquent students BEST VOL.2 
[31mERRO[0m[2026-05-09 17:20:43] error getting studio for /Volumes/Expansion/all_mp4/REAL-881.mp4: studio with name 'K M Produce' already exists 
[36mINFO[0m[2026-05-09 17:20:43] Successfully identified /Volumes/Expansion/all_mp4/REAL-881.mp4 as 女子校生孕ませ民宿 鬼畜宿の媚薬罠に堕ち、精子が逆流するまで種付け中出しされ続けた女子旅 using stash-box: https://javstash.org/graphql 
[36mINFO[0m[2026-05-09 17:20:43] Successfully identified /Volumes/Expansion/all_mp4/ROYD-216.mp4 as 清楚で超内気な義妹を連日チクハラしてたら超敏感早漏体質になってイキまくり！下品な顔でイキまくる変態女子に豹変。 北岡果林 using stash-box: https://javstash.org/graphql 
[36mINFO[0m[2026-05-09 17:20:43] Refined JAV title for scene 522: 4K] Jealousy Of My Brother! Bold Seduction By A Girl Who Loves Me Too Much! Rie Miyagi - Erotic Maid Lasciviousness More Than Nudity! | 兄にヤキモチ全開！！ボクのことが好き過ぎるいもうとの大胆誘惑！！全裸よりSKBなエロメイド痴女の濃厚なる禁断SEX 宮城りえ 
[36mINFO[0m[2026-05-09 17:20:44] Successfully identified /Volumes/Expansion/all_mp4/SONE-784.mp4 as おバカな赤点J●からのエッチな提案「先生、一発ヌイてあげるから補習はナシで！」 using stash-box: https://javstash.org/graphql 
[36mINFO[0m[2026-05-09 17:20:45] Triggering automated Cloud Sync Push due to recent metadata changes... 
[36mINFO[0m[2026-05-09 17:20:45] Refined JAV title for scene 523: Sister's Restraint Nipple Torture By Sister Who Is Too Much In Love, Night Trained To Be A Good M Man By Reverse Night... | 愛が重すぎる妹の拘束乳首責め 逆夜●いでいいなりM男に調教された夜… 
[36mINFO[0m[2026-05-09 17:20:45] stash-box: no fingerprint match, trying title search: After-school Secret Meetings, Teachers' Fuck Club, Kurumi Amai | After-school secret meetings, teachers' fuck club, Kurumi Amai 
[36mINFO[0m[2026-05-09 17:20:46] Refined JAV title for scene 906: Cherry Blossoms Cracked, Petals Scattered - My Childhood Friend Mio Yoshioka, Who Fell Into The Hands Of A Foolish Old Man - Rin Asahi | さくら裂ク　散ル花びら ～愚劣なオッサンの手に堕ちた俺の幼なじみ 吉岡美桜～ 朝日りん 
[36mINFO[0m[2026-05-09 17:20:47] Successfully identified /Volumes/Expansion/all_mp4/ssni-024.mp4 as 女子校生 強・制・連・結 拘束無抵抗痴漢 辻本杏 using stash-box: https://javstash.org/graphql 
[36mINFO[0m[2026-05-09 17:20:47] stash-box: no fingerprint match, trying title search: Compulsory Shaving The Bared Shaved Pussy R**e Of A Beautiful Y********l In Uniform Ann Tsujimoto | 強制剃毛 パイパンむき出し制服美少女レ●プ 辻本杏 
[31mERRO[0m[2026-05-09 17:20:48] Error encountered identifying /Volumes/Expansion/all_mp4/ssni-251.mp4: error modifying scene: beginning transaction: database is locked 
[36mINFO[0m[2026-05-09 17:20:48] stash-box: no fingerprint match, trying title search: S**********s in Uniform F****d Consecutive Full M******r Train Yura Kano | School Girls in Uniform Forced Consecutive Full Molester Train Yura Kano 
[36mINFO[0m[2026-05-09 17:20:48] stash-box: no fingerprint match, trying title search: Ravaged High School Sluts - Preying On A Campus Idol Minami Kojima | Ravaged High School Sluts - Preying On A Campus Idol Minami Kojima 
[36mINFO[0m[2026-05-09 17:20:48] stash-box: no fingerprint match, trying title search: She Couldn't Scream Because She Didn't Want To Be Caught While Being A*******d By The Siren M******r Miharu Usa | She Couldn't Scream Because She Didn't Want To Be Caught While Being Assaulted By The Siren Molester Miharu Usa 
[36mINFO[0m[2026-05-09 17:20:49] stash-box: no fingerprint match, trying title search: Girls Who Wanna Get M******d - Kinky Hot Receptionist Edition Minami Kojima | Girls Who Wanna Get Molested - Kinky Hot Receptionist Edition Minami Kojima 
[31mERRO[0m[2026-05-09 17:20:49] Error encountered identifying /Volumes/Expansion/all_mp4/shkd-995.mp4: error modifying scene: beginning transaction: database is locked 
[31mERRO[0m[2026-05-09 17:20:50] Error encountered identifying /Volumes/Expansion/all_mp4/snis-339-u.mp4: error modifying scene: beginning transaction: database is locked 
[36mINFO[0m[2026-05-09 17:20:50] stash-box: no fingerprint match, trying title search: S********l Walk, An Tsujimoto | Schoolgirl Walk, An Tsujimoto 
[36mINFO[0m[2026-05-09 17:20:51] stash-box: no fingerprint match, trying title search: She's Unable To Resist The Ecstasy/Squirting/Spasmic Orgasms Minami Kojima | She's Unable To Resist The Ecstasy/Squirting/Spasmic Orgasms Minami Kojima 
[36mINFO[0m[2026-05-09 17:20:52] stash-box: no fingerprint match, trying title search: At The Library, Unable To Scream Or Resist, She Gave In To The M******r... Aika Yumeno | At The Library, Unable To Scream Or Resist, She Gave In To The Molester... Aika Yumeno 
[36mINFO[0m[2026-05-09 17:20:52] stash-box: no fingerprint match, trying title search: Beautiful Karate Girl Controlled By A Trap Ray - Haru Shibasaki | Beautiful karate girl controlled by a trap ray - Haru Shibasaki 
[31mERRO[0m[2026-05-09 17:20:53] Error encountered identifying /Volumes/Expansion/all_mp4/START-223.mp4: error modifying scene: beginning transaction: database is locked 
[36mINFO[0m[2026-05-09 17:20:53] stash-box: no fingerprint match, trying title search: M******r Gives Girl The Best Orgasm Of Her Life: Dripping Wet, Dripping, Screaming Climaxes Minami Kojima | Molester Gives Girl The Best Orgasm Of Her Life: Dripping Wet, Dripping, Screaming Climaxes Minami Kojima 
[31mERRO[0m[2026-05-09 17:20:53] Error encountered identifying /Volumes/Expansion/all_mp4/snis-900.mp4: error modifying scene: beginning transaction: database is locked 
[31mERRO[0m[2026-05-09 17:20:53] Error encountered identifying /Volumes/Expansion/all_mp4/snis-966.mp4: error modifying scene: beginning transaction: database is locked 
[36mINFO[0m[2026-05-09 17:20:54] Successfully identified /Volumes/Expansion/all_mp4/soav-085.mp4 as 人妻の浮気心 広仲みなみ using stash-box: https://javstash.org/graphql 
[36mINFO[0m[2026-05-09 17:20:54] stash-box: no fingerprint match, trying title search: 1start00490: All Of Them Had Girlfriends, So I Joined The New Year's Oden Party, But All Of Them Were Masturbating And Cumming In Me Until The Morning. | 全員彼女持ちだって言うから参加したのに全員に朝までマワされ中出しされていた新年おでんパーティー 星乃莉子 
[36mINFO[0m[2026-05-09 17:20:54] Refined JAV title for scene 166: Akari Kana Helps A Group Of Cocky Girls Who Look Down On Their Father To Understand Why They Are Being Raped. | オジサンの事を見下している生意気な少女達を理解らせWレ×プ 
[36mINFO[0m[2026-05-09 17:20:55] stash-box: no fingerprint match, trying title search: Kamikaze J0 | kamikaze j0 
[36mINFO[0m[2026-05-09 17:20:56] Successfully identified /Volumes/Expansion/all_mp4/SONE-351.mp4 as SONE-351 using stash-box: https://stashdb.org/graphql 
[36mINFO[0m[2026-05-09 17:20:56] Refined JAV title for scene 59: I Just Want To Defile A Slender School Uniform Girl With My Desire. Uniform Fetishism (MUKD-544) | スレンダーな制服少女を、ただ欲望のままに汚したい。 制服フェティシズム Girls File.05 Ayame 
[36mINFO[0m[2026-05-09 17:20:57] stash-box: no fingerprint match, trying title search: All For The First Time Sexual Experience 4 Productions - Moe Sakakibara Second AV | All for the First Time Sexual Experience 4 Productions - Moe Sakakibara Second AV 
[36mINFO[0m[2026-05-09 17:20:57] stash-box: no fingerprint match, trying title search: Three Days Not Being Able To Contact Girlfriend On Camp. My Devoted Girlfriend Made To Cum Like Crazy By Lewd Ex-Boyfriend...Natsu Hinata | 合宿先の彼女と連絡が途絶えた3日間、僕に一途だった彼女はヤリチン元彼に死ぬほどイカされていました… 日向なつ 
[36mINFO[0m[2026-05-09 17:20:58] Successfully identified /Volumes/Expansion/all_mp4/supjav.com@hnd-534-ub.mp4 as 背後から膣奥深く侵入する鬼畜チ○ポにイキ堕ちる危険日孕ませバック痴漢 星奈あい using stash-box: https://javstash.org/graphql 
[36mINFO[0m[2026-05-09 17:20:58] Refined JAV title for scene 565: Sumire Kuramoto - Exclusive Actress For Innocent Actresses - Dense Saliva Exchange Kisses And Super Thick Sex Covered In Body Fluids! | 【無垢専属女優】倉本すみれ じゅるじゅる濃密な唾液交換キスとドッロドロ体液まみれ超濃厚SEX 
[36mINFO[0m[2026-05-09 17:20:58] stash-box: no fingerprint match, trying title search: Devoted Slutty Manager Who Sells Her Body For The Team, Shinna Nakamori | Devoted slutty manager who sells her body for the team, Shinna Nakamori 
[36mINFO[0m[2026-05-09 17:20:58] Successfully identified /Volumes/Expansion/all_mp4/supjav.com@hnd-634-ub.mp4 as 声出したら中に出すぞ!!追い詰め孕ませレ×プ～ストーカーに脅された制服女子～ 星奈あい using stash-box: https://javstash.org/graphql 
[36mINFO[0m[2026-05-09 17:20:59] Successfully identified /Volumes/Expansion/all_mp4/supjav.com@hnd-666-ub.mp4 as 声出したら中に出すぞ!!追い詰め孕ませレ×プ～ストーカーに脅された制服女子～ 有村のぞみ using stash-box: https://javstash.org/graphql 
[36mINFO[0m[2026-05-09 17:20:59] Successfully identified /Volumes/Expansion/all_mp4/supjav.com@meyd-388-ub.mp4 as 旦那が喫煙している5分の間義父に時短中出しされて毎日10発孕ませられています・・・。 美谷朱里 using stash-box: https://javstash.org/graphql 
[36mINFO[0m[2026-05-09 17:21:00] stash-box: no fingerprint match, trying title search: I'm Making My Pompous Little Step-Niece Do Embarrassing Things While She's Under My Spell A S*UDIO PAL Original Ai Hoshina | クソ上から目線の姪っ子を催眠術で恥ずかしいお仕置きをする。 原作STUDIO PAL 星奈あい 
[31mERRO[0m[2026-05-09 17:21:00] Error encountered identifying /Volumes/Expansion/all_mp4/supjav.com@pppe-196-ub.mp4: error modifying scene: beginning transaction: database is locked 
[36mINFO[0m[2026-05-09 17:21:00] Refined JAV title for scene 536: Crowded Train M******r Ecstasy - There's No Where To Escape From This Massive Dirty Old Man G*******g Fuck Fest - Yukina Shida | 満員痴漢アクメ-逃げ場無し大量オヤジ輪姦- 志田雪奈 
[36mINFO[0m[2026-05-09 17:21:01] Successfully identified /Volumes/Expansion/all_mp4/supjav.com@ssis-687-ub.mp4 as 大嫌いな義父の汚いイチモツを上下の穴にぶち込まれた不幸な連れ子「でも…おぞましいアレがなぜかまた欲しいの…」 香水じゅん using stash-box: https://javstash.org/graphql 
[36mINFO[0m[2026-05-09 17:21:01] stash-box: no fingerprint match, trying title search: MIMK-138 
[31mERRO[0m[2026-05-09 17:21:02] Error encountered identifying /Volumes/Expansion/all_mp4/supjav.com_ssis-914-ub.mp4: error modifying scene: beginning transaction: database is locked 
[36mINFO[0m[2026-05-09 17:21:02] stash-box: no fingerprint match, trying title search: Former Odaiba-type Terrestrial Idol S1 Chapter 2: Orginalism Entertainer Karen Ishida | Former Odaiba-type terrestrial idol S1 Chapter 2: Orginalism Entertainer Karen Ishida 
[36mINFO[0m[2026-05-09 17:21:02] Refined JAV title for scene 407: The Other Side Of Pleasure You Don't Know Yet. Innocent Natural Girl AV DEBUT - Momo Shinomiya | まだ知らない、快感の向こう側。 無垢 天然少女 AV DEBUT 四乃宮もも 
[36mINFO[0m[2026-05-09 17:21:04] stash-box: no fingerprint match, trying title search: Forcing My Rebellious Wife's Stepdaughter To Adore Me With Medicine (*a Powerful Aphrodisiac). Nanami Kodama | Forcing my rebellious wife's stepdaughter to adore me with medicine (*a powerful aphrodisiac). Nanami Kodama 
[36mINFO[0m[2026-05-09 17:21:04] Successfully identified /Volumes/Expansion/all_mp4/SONE-544.mp4 as SONE-544 using stash-box: https://stashdb.org/graphql 
[36mINFO[0m[2026-05-09 17:21:04] stash-box: no fingerprint match, trying title search: Magic Mirror Hard-Boiled Loose-fitting Cardigan-corded JD Tries Her Hand At A Game Of Dildo-pulling! She Clamps Her Fake Dick Growing From The Floor With Her Tight Manhood And Stomps On It With Her Too Vulgar Gangly Legs And Oes! | 
[36mINFO[0m[2026-05-09 17:21:04] Refined JAV title for scene 530: [Caution] 5-day Training Record Of Being Tortured And Confined And Forced To Live Together With A Stinky Old Man Who Lives In A Garbage Mansion Until His Brain Is Buggy Reina Miyashita | 【閲覧注意】ゴミ屋敷に住む異臭オヤジに脳がバグるまでネッチョリ責められ監禁同棲させられた5日間の調教記録 
[31mERRO[0m[2026-05-09 17:21:05] Error encountered identifying /Volumes/Expansion/all_mp4/SW-883.mp4: error modifying scene: beginning transaction: database is locked 
[36mINFO[0m[2026-05-09 17:21:06] stash-box: no fingerprint match, trying title search: Celebrity Kime-secrecy Rape - Aphrodisiac-soaked Terrestrial Idol's Gung-ho TV Recording - Keiren Ishida | Celebrity kime-secrecy rape - aphrodisiac-soaked terrestrial idol's gung-ho TV recording - Keiren Ishida 
[36mINFO[0m[2026-05-09 17:21:06] stash-box: no fingerprint match, trying title search: Girl Taught The Pleasures of Sex By M******r On The Way To School | Girl Taught The Pleasures of Sex By Molester On The Way To School 
[36mINFO[0m[2026-05-09 17:21:06] stash-box: no fingerprint match, trying title search: S********l Receives Sexual Judgment for Shoplifting An Tsujimoto | Schoolgirl Receives Sexual Judgment for Shoplifting An Tsujimoto 
[36mINFO[0m[2026-05-09 17:21:06] Refined JAV title for scene 429: Wooed By Her Husband's Subordinate... Betrayal NTR At Home, Kasumi Tsukino | 夫の部下に言い寄られ…自宅で裏切りのNTR 月野かすみ 
[36mINFO[0m[2026-05-09 17:21:06] stash-box: no fingerprint match, trying title search: Ravaged S*********s: Stripped Out Of Her Rain Soaked Uniform An Tsujimoto | Ravaged Schoolgirls: Stripped Out Of Her Rain Soaked Uniform An Tsujimoto 
[31mERRO[0m[2026-05-09 17:21:07] Error encountered identifying /Volumes/Expansion/all_mp4/team-097.mp4: error modifying scene: beginning transaction: database is locked 
[31mERRO[0m[2026-05-09 17:21:07] Error encountered identifying /Volumes/Expansion/all_mp4/TOTTE-211.mp4: error modifying scene: beginning transaction: database is locked 
[36mINFO[0m[2026-05-09 17:21:08] Refined JAV title for scene 256: Husband's Subordinate Makes A Pass At Her... Betrayal NTR At Home Mari Koharu | 夫の部下に言い寄られ…自宅で裏切りのNTR 小春まり 
[36mINFO[0m[2026-05-09 17:21:09] stash-box: no fingerprint match, trying title search: She Comes Out Of Her Skin By Continuous Penetration! Beautiful Girl 3P Nakadashi Intercourse! | She comes out of her skin by continuous penetration! Beautiful girl 3P Nakadashi intercourse! 
[36mINFO[0m[2026-05-09 17:21:09] stash-box: no fingerprint match, trying title search: Time Stops: The World Of Time Stopping Vs. Aya Onakai | Time Stops: The World of Time Stopping vs. Aya Onakai 
[36mINFO[0m[2026-05-09 17:21:10] Refined JAV title for scene 572: A Beautiful Girl With Poor Tits Whom He Picked Up Is Too Cocky And An Adulterous Bitch, And She Squeezes Him Like An Erotic Manga. Mayu Suzune | ナンパした貧乳美女が生意気すぎる絶倫痴女でエロマンガみたいに搾精されてしまった 鈴音まゆ 
[36mINFO[0m[2026-05-09 17:21:10] stash-box: no fingerprint match, trying title search: Serious Girl Manager, Aphrodisiac-soaked Training Camp, Kime-sex, Runaway Sexual Desire Of A Girl In Uniform, Asexual Intercourse From Morning To Night With The Dick Of The Advisor Whom She Hates, Karin Kitaoka | マジメ女子マネージャー媚薬漬け合宿キメセク　制服少女の性欲暴走嫌いな顧問のチ○ポで朝から晩までアヘ堕ち性交 
[36mINFO[0m[2026-05-09 17:21:11] stash-box: no fingerprint match, trying title search: Rie Miyagi's Unbearable Heckling Cowgirl Riding Position Nakadashi Sex | Rie Miyagi's unbearable heckling cowgirl riding position Nakadashi sex 
[36mINFO[0m[2026-05-09 17:21:11] stash-box: no fingerprint match, trying title search: Schoolgirl Newlywed's Child-bearing Nakadashi Sex Life - Mai Hanagari | Schoolgirl Newlywed's Child-bearing Nakadashi Sex Life - Mai Hanagari 
[31mERRO[0m[2026-05-09 17:21:12] Error encountered identifying /Volumes/Expansion/all_mp4/XVSR-796.mp4: error modifying scene: beginning transaction: database is locked 
[36mINFO[0m[2026-05-09 17:21:12] stash-box: no fingerprint match, trying title search: Compulsory Shaving The Bared Shaved Pussy R**e Of A Beautiful Y********l In Uniform Ann Tsujimoto | 強制剃毛 パイパンむき出し制服美少女レ●プ 辻本杏 
[36mINFO[0m[2026-05-09 17:21:12] Refined JAV title for scene 373: Shared Room NTR Nettorette With A Prick Boss At A Company Just Before Marriage. Chihiro Miyazaki | 相部屋NTR会社のゲス上司と結婚直前ネトラレ ダメと言いながらカラダは拒絶しなかった婚約者。 宮崎千尋 
[31mERRO[0m[2026-05-09 17:21:13] Error encountered identifying /Volumes/Expansion/all_mp4/[456k.me]ofje-146.mp4: error modifying scene: beginning transaction: database is locked 
[31mERRO[0m[2026-05-09 17:21:13] Error encountered identifying /Volumes/Expansion/all_mp4/巨乳少女羞恥電車3 発育した胸を変態性癖で汚しまくれ！ 玩具イカセ長身娘.mp4: error modifying scene: beginning transaction: database is locked 
[36mINFO[0m[2026-05-09 17:21:13] stash-box: no fingerprint match, trying title search: S**********s in Uniform F****d Consecutive Full M******r Train Yura Kano | School Girls in Uniform Forced Consecutive Full Molester Train Yura Kano 
[36mINFO[0m[2026-05-09 17:21:14] stash-box: no fingerprint match, trying title search: Chasing A Girl From Her School Route To Her Home And Taking Her Out In The Middle Of The Night (Sneak Peek, Sneak Peek, Home Invasion, Coma Parts Close-Up, Semi-Awake Night) (CLUB-817) | 通学路線から自宅まで追いかけ回して痴○眠○ナマ中出し【完全盗撮】 （パンチラ盗撮・痴○レ×プ・自宅侵入・昏●パーツ接写・半覚醒夜×い） 
[36mINFO[0m[2026-05-09 17:21:14] stash-box: no fingerprint match, trying title search: She Couldn't Scream Because She Didn't Want To Be Caught While Being A*******d By The Siren M******r Miharu Usa | She Couldn't Scream Because She Didn't Want To Be Caught While Being Assaulted By The Siren Molester Miharu Usa 
[36mINFO[0m[2026-05-09 17:21:14] Refined JAV title for scene 546: Power Outage Door Lock Canned Group Molestation - Pretty Girl In School Uniform Is Driven Into A Corner By Filthy Molestors And Gets 12 Rounds Of Runaway Rape Piston, Semi-crazy, Nakadashi Cumshot, And Acme... Mihama Yui | 停電ドアロック缶詰集団痴漢　可憐な制服美少女が汚らわしい痴漢魔達に追い込まれ暴走レ×プピストン　半狂乱中出しアクメ12発 三浜唯 
[31mERRO[0m[2026-05-09 17:21:16] Error encountered identifying Users/soonhongng/Downloads/Photos-001/VID_20220624_221907.mp4: error modifying scene: beginning transaction: database is locked 
[36mINFO[0m[2026-05-09 17:21:16] Refined JAV title for scene 225: Ekiben Style Creampie J* M******r 2 | 駅弁中出しJ○痴漢 2 
[36mINFO[0m[2026-05-09 17:21:17] stash-box: no fingerprint match, trying title search: Beautiful Karate Girl Controlled By A Trap Ray - Haru Shibasaki | Beautiful karate girl controlled by a trap ray - Haru Shibasaki 
[31mERRO[0m[2026-05-09 17:21:17] Error encountered identifying /Volumes/Expansion/all_mp4/START-257.mp4: error modifying scene: beginning transaction: database is locked 
[31mERRO[0m[2026-05-09 17:21:17] Error encountered identifying Volumes/Expansion/all_mp4/piyo-178.mp4: error modifying scene: beginning transaction: database is locked 
[31mERRO[0m[2026-05-09 17:21:18] Error encountered identifying Volumes/Expansion/all_mp4/REAL-965.mp4: error modifying scene: beginning transaction: database is locked 
[31mERRO[0m[2026-05-09 17:21:18] Error encountered identifying /Volumes/Expansion/all_mp4/START-268.mp4: error modifying scene: beginning transaction: database is locked 
[31mERRO[0m[2026-05-09 17:21:18] Error encountered identifying /Volumes/Expansion/all_mp4/START-249.mp4: error modifying scene: beginning transaction: database is locked 
[36mINFO[0m[2026-05-09 17:21:18] stash-box: no fingerprint match, trying title search: 1start00490: All Of Them Had Girlfriends, So I Joined The New Year's Oden Party, But All Of Them Were Masturbating And Cumming In Me Until The Morning. | 全員彼女持ちだって言うから参加したのに全員に朝までマワされ中出しされていた新年おでんパーティー 星乃莉子 
[36mINFO[0m[2026-05-09 17:21:18] Refined JAV title for scene 548: Newcomer - Female Student Miss Contest FINALIST Impact, AVDebut - That Girl Who Has Been Very Active As A Model Walking The Runway In Magazines And SNS Since She Was A Schoolgirl Is Now Appearing In AV! Hinori Urakami | 新人　女子●生ミスコンFINALIST　衝撃、AVDebut　●校生から雑誌やSNSでランウェイを歩くモデルとしても大活躍のあの娘がAV出演!! 
[36mINFO[0m[2026-05-09 17:21:19] stash-box: no fingerprint match, trying title search: Kamikaze J0 | kamikaze j0 
[36mINFO[0m[2026-05-09 17:21:19] Successfully identified /Volumes/Expansion/all_mp4/START-564.mp4 as 「課長は動かなくていいですから」外回り中の営業車で燃えあがる時短不倫コインパーキング密会 助手席で自ら腰を動かす22歳差の献身ご奉仕騎乗位 松永あかり using stash-box: https://javstash.org/graphql 
[31mERRO[0m[2026-05-09 17:21:19] Error encountered identifying /Volumes/Expansion/all_mp4/SUJI-258.mp4: error modifying scene: beginning transaction: database is locked 
[36mINFO[0m[2026-05-09 17:21:19] stash-box: no fingerprint match, trying title search: Three Days Not Being Able To Contact Girlfriend On Camp. My Devoted Girlfriend Made To Cum Like Crazy By Lewd Ex-Boyfriend...Natsu Hinata | 合宿先の彼女と連絡が途絶えた3日間、僕に一途だった彼女はヤリチン元彼に死ぬほどイカされていました… 日向なつ 
[36mINFO[0m[2026-05-09 17:21:20] stash-box: no fingerprint match, trying title search: I'm Making My Pompous Little Step-Niece Do Embarrassing Things While She's Under My Spell A S*UDIO PAL Original Ai Hoshina | クソ上から目線の姪っ子を催眠術で恥ずかしいお仕置きをする。 原作STUDIO PAL 星奈あい 
[31mERRO[0m[2026-05-09 17:21:20] Error encountered identifying /Volumes/Expansion/all_mp4/supjav.com@cawd-315-ub.mp4: error modifying scene: beginning transaction: database is locked 
[36mINFO[0m[2026-05-09 17:21:20] Refined JAV title for scene 214: Creampie Perverts Group 3 | 生中痴漢集団 3 
[36mINFO[0m[2026-05-09 17:21:20] stash-box: no fingerprint match, trying title search: Magic Mirror Hard-Boiled Loose-fitting Cardigan-corded JD Tries Her Hand At A Game Of Dildo-pulling! She Clamps Her Fake Dick Growing From The Floor With Her Tight Manhood And Stomps On It With Her Too Vulgar Gangly Legs And Oes! | 
[36mINFO[0m[2026-05-09 17:21:21] stash-box: no fingerprint match, trying title search: Girl Taught The Pleasures of Sex By M******r On The Way To School | Girl Taught The Pleasures of Sex By Molester On The Way To School 
[36mINFO[0m[2026-05-09 17:21:21] stash-box: no fingerprint match, trying title search: S********l Receives Sexual Judgment for Shoplifting An Tsujimoto | Schoolgirl Receives Sexual Judgment for Shoplifting An Tsujimoto 
[36mINFO[0m[2026-05-09 17:21:22] stash-box: no fingerprint match, trying title search: Ravaged S*********s: Stripped Out Of Her Rain Soaked Uniform An Tsujimoto | Ravaged Schoolgirls: Stripped Out Of Her Rain Soaked Uniform An Tsujimoto 
[36mINFO[0m[2026-05-09 17:21:22] stash-box: no fingerprint match, trying title search: She Comes Out Of Her Skin By Continuous Penetration! Beautiful Girl 3P Nakadashi Intercourse! | She comes out of her skin by continuous penetration! Beautiful girl 3P Nakadashi intercourse! 
[36mINFO[0m[2026-05-09 17:21:22] Refined JAV title for scene 427: Whenever My Wife Is On The Phone I'm Disciplining Her Bitchy Little Sch**lgirl Daughter With Endless Creampie Sex 2 | 嫁が電話するたび女子○生の生意気な連れ子に何度も中出しして躾けています。2 
[36mINFO[0m[2026-05-09 17:21:22] stash-box: no fingerprint match, trying title search: Time Stops: The World Of Time Stopping Vs. Aya Onakai | Time Stops: The World of Time Stopping vs. Aya Onakai 
[36mINFO[0m[2026-05-09 17:21:23] stash-box: no fingerprint match, trying title search: Serious Girl Manager, Aphrodisiac-soaked Training Camp, Kime-sex, Runaway Sexual Desire Of A Girl In Uniform, Asexual Intercourse From Morning To Night With The Dick Of The Advisor Whom She Hates, Karin Kitaoka | マジメ女子マネージャー媚薬漬け合宿キメセク　制服少女の性欲暴走嫌いな顧問のチ○ポで朝から晩までアヘ堕ち性交 
[36mINFO[0m[2026-05-09 17:21:23] Successfully identified /Volumes/Expansion/all_mp4/supjav.com_mimk-138-ub.mp4 as 入り浸りギャルにま○こ使わせて貰う話　実写版 同人売上15万部突破！FANZA同人ランキング3冠達成！ 空前の大ヒット作品を実写化！ 斎藤あみり using stash-box: https://javstash.org/graphql 
[36mINFO[0m[2026-05-09 17:21:23] stash-box: no fingerprint match, trying title search: Rie Miyagi's Unbearable Heckling Cowgirl Riding Position Nakadashi Sex | Rie Miyagi's unbearable heckling cowgirl riding position Nakadashi sex 
[36mINFO[0m[2026-05-09 17:21:24] stash-box: no fingerprint match, trying title search: Schoolgirl Newlywed's Child-bearing Nakadashi Sex Life - Mai Hanagari | Schoolgirl Newlywed's Child-bearing Nakadashi Sex Life - Mai Hanagari 
[31mERRO[0m[2026-05-09 17:21:24] Error encountered identifying /Volumes/Expansion/all_mp4/UZU-019.mp4: error modifying scene: beginning transaction: database is locked 
[36mINFO[0m[2026-05-09 17:21:24] stash-box: no fingerprint match, trying title search: Chasing A Girl From Her School Route To Her Home And Taking Her Out In The Middle Of The Night (Sneak Peek, Sneak Peek, Home Invasion, Coma Parts Close-Up, Semi-Awake Night) (CLUB-817) | 通学路線から自宅まで追いかけ回して痴○眠○ナマ中出し【完全盗撮】 （パンチラ盗撮・痴○レ×プ・自宅侵入・昏●パーツ接写・半覚醒夜×い） 
[31mERRO[0m[2026-05-09 17:21:24] Error encountered identifying /Volumes/Expansion/all_mp4/WAAA-512.mp4: error modifying scene: beginning transaction: database is locked 
[31mERRO[0m[2026-05-09 17:21:25] Error encountered identifying /Volumes/Expansion/all_mp4/XVSR-787.mp4: error modifying scene: beginning transaction: database is locked 
[31mERRO[0m[2026-05-09 17:21:25] Error encountered identifying /Volumes/Expansion/all_mp4/XVSR-788.mp4: error modifying scene: beginning transaction: database is locked 
[36mINFO[0m[2026-05-09 17:21:26] Refined JAV title for scene 556: A Story About A Gal Who Comes In And Gets To Use Her Pussy. Live-action Remake. Doujin Sales Exceed 250,000 Copies! The Most Popular Live-action Remake Of The Original Collaboration Work Is Reenacted By Ibuki Aoi! | 入り浸りギャルにま○こ使わせて貰う話 実写版リメイク 同人売上25万部突破！原作コラボ人気No.1実写化作品を葵いぶきで再演！ 
[36mINFO[0m[2026-05-09 17:21:28] Refined JAV title for scene 562: Shinharu Shiina, Whose Beloved Girlfriend Was Brainwashed By A Cult Leader And Corrupted Until She Became A Believer's Exclusive Nakadashi Toilet. | 愛する彼女がカルト教団の教祖に洗脳されて、信者専用中出し便器になるまで堕とされた 椎名心春 
[36mINFO[0m[2026-05-09 17:21:32] Refined JAV title for scene 388: Stepaunt's Clit Gets Teased By Her Naughty Nephew While Her Husband's Close By, And It Turns Her On So Much She Can't Resist Letting Him Stick It In Her 3 | 親戚のエロガキにスカートもぐりクンニされ夫がいる至近距離でイってしまった叔母さんは挿入も拒めない3 
[36mINFO[0m[2026-05-09 17:21:36] Refined JAV title for scene 305: Miniska J*Lover 5: Turn Up Your Short Skirt And Fuck Her From The Back! | ミニスカJ○痴漢5 短いスカートをめくってバックから犯りまくれ！ 
[36mINFO[0m[2026-05-09 17:21:38] Refined JAV title for scene 138: A Beautiful Woman's Reason And Bartholin's Gland Breakdown, Cumming Arousal, Leaking Lewd Juice And Squirting 3 Fucks, Rio Asahi | 綺麗なお姉さんの理性とバルトリン腺決壊 アクメ覚醒 淫らな汁と潮吹きダダ漏れ3本番 朝妃りお 
[36mINFO[0m[2026-05-09 17:21:40] Refined JAV title for scene 579: Short-cut J* Lover - Pure Girl Who Grabs Her By The Hair, Gets Pounded In The Back, And Comes With A Goofy Look On Her Face. | ショートカットJ○痴漢 髪わし掴みバックでガン突かれアヘ顔でイキまくる純粋少女 
[36mINFO[0m[2026-05-09 17:21:44] Refined JAV title for scene 576: A Woman Boss Who Pretends To Have Had Too Much To Drink And Seduces Her Subordinate With A Big Dick, Aoyama Aina. | 飲みすぎたフリしてデカチン部下を誘惑する淫乱女上司 蒼山愛奈 
[36mINFO[0m[2026-05-09 17:21:46] Refined JAV title for scene 910: Sensitive Female Student Who Was Raped Deep In The Throat By A Man Who Was Given An Irrumatio At Night During A Training Camp And Could Not Resist | 合宿中にイラマチオ夜這いされ逆らえず喉奥を犯された敏感女子○生 
[36mINFO[0m[2026-05-09 17:21:48] Refined JAV title for scene 593: Can't Get Out Of The Habit Of Being Lesbianized Every Tuesday... Sensitive Girl Who Fell For A Hairdresserbian Who Makes Her Cum Until She Is Incontinent In A Cross. | 毎週火曜日にレズられる習慣から抜け出せない…クロスの中で失禁するまでイカせる美容師ビアンに堕ちた敏感娘 
[36mINFO[0m[2026-05-09 17:21:50] Refined JAV title for scene 594: A Beautiful Librarian Who Loves Younger People Makes A Young Man's Dick Shoot Out Secretly By Giving Him A Hand Job Over A Bookshelf, And Makes Him Cum Inside Her By Having Sex With Her Voice | 青年チ○ポを本棚越し手コキでこっそり発射させ声我慢SEXで中出しまでさせる年下好き美人司書 
[36mINFO[0m[2026-05-09 17:21:52] Refined JAV title for scene 595: Short-cut Pure Girl Who Grabs A Girl By The Hair And Gets Penetrated By A Gun In The Back And Comes With A Goofy Look On Her Face 2 | 髪わし掴みバックでガン突かれアヘ顔でイキまくるショートカット純粋女子2 
[36mINFO[0m[2026-05-09 17:21:54] Refined JAV title for scene 218: Desperate Nakadashi On A Rigid Woman Who Panics And Stops Time Due To Persistent Unauthorized Photography. | 執拗な無断撮影にパニクって時間停止状態の硬直女に絶望中出し 
[36mINFO[0m[2026-05-09 17:21:56] Refined JAV title for scene 203: Cafe Musume Chain Shame 8: A Bead-on Plan To Take Advantage Of An Unsuspecting Waitress Who Has Fallen For A Come-on In A Store That Is Open For Business. | カフェ娘連鎖羞恥8 営業中の店内でイキ堕ちた言いなり店員を利用する数珠つなぎ計画 
[36mINFO[0m[2026-05-09 17:21:58] Refined JAV title for scene 139: A Big Tits S********l In Uniform Gets Groped And Grabbed From Behind And Wiggles Her Ass On A Crowded Bus By A Titty Grabbing Jerk11 | 満員バスで背後から制服越しにねっとり乳揉み痴漢され腰をクネらせ感じまくる巨乳女子○生11 
[36mINFO[0m[2026-05-09 17:22:02] Refined JAV title for scene 559: Summer Vacation Cum Hunting At Her Part-time Job! Rima Arai, A Raunchy, Boy-eating J-kei Who Seduces You With Her F-cups Under Her Uniform And Won't Let Go As She Sucks On Your Dick! | MKMP-583 
[36mINFO[0m[2026-05-09 17:22:04] Refined JAV title for scene 296: A Couple of Exciting Gals Who Are Temptresses. Sarina Momonaga, Himari Kinoshita | 小悪魔挑発ギャルW 百永さりな 木下ひまり 
[36mINFO[0m[2026-05-09 17:22:10] Refined JAV title for scene 354: [Recommended For Smartphones] My Girlfriend's Best Friend Is Hiding Under The Table To Give Me A Secret Blowjob | 彼女の親友が机の下にこっそり隠れてフェラチオ 
[36mINFO[0m[2026-05-09 17:22:12] Refined JAV title for scene 144: A Girl In Heat From Tongue Kissing Who Is Made To Cum Many Times In Face-to-face Shame And Her Tongue Gets So Tangled That It Pulls The Strings 6 | 対面羞恥で何度もイカされ糸が引くほど舌を絡ませるベロキス発情娘6 
[36mINFO[0m[2026-05-09 17:22:14] Refined JAV title for scene 169: All POV All The Time Ravaged S*********s Beg You For Help As They Are R***d By Middle Aged Men Minami Kojima | オール主観ねとられ映像 アナタに助けを求めながら中年男に犯される女子校生 小島みなみ 
[36mINFO[0m[2026-05-09 17:22:16] Refined JAV title for scene 153: A S********l In A Packed M******r Train Moe Amatsu | 女子校生 強・制・連・結 満員痴漢車両 天使もえ 
[36mINFO[0m[2026-05-09 17:22:18] Refined JAV title for scene 605: Career Female Office Worker Who Was Educated By A Prick President And His Son In A Humiliating Uniform Lewdness And Student Pregnancy Nakadashi. Ayaka Yamagishi | ゲス社長親子に恥辱制服レイプで学生妊娠中出し教育されたキャリアOL。 山岸あや花 
[36mINFO[0m[2026-05-09 17:22:20] Refined JAV title for scene 156: A Story Of A Cuckolded Wife Who Has Reentered College. | 大学に入り直した妻の寝取られ話。 
[36mINFO[0m[2026-05-09 17:22:22] Refined JAV title for scene 152: A S********l In A Packed M******r Train Moe Amatsu | 女子校生 強・制・連・結 満員痴漢車両 天使もえ 
[36mINFO[0m[2026-05-09 17:22:24] Refined JAV title for scene 624: I, Ayaka Kawakita, Who Is About To Lose My Life To The Sweet Courtship Of The Most Beautiful Student In 27 Years Of Teaching. | 教員生活27年で一番美人な教え子の甘い求愛に人生を棒にふりそうな俺 河北彩伽 
[36mINFO[0m[2026-05-09 17:22:26] Refined JAV title for scene 625: A Girl Moves To The Countryside And What Awaits Her Is A Thick, Sticky Neighborhood Relationship With Meddlesome Local Lads. （Uno Mirei | 田舎に引っ越した少女を待っていたのは… お節介な地元オヤジ達とのねっとり濃厚な近所付き合い。（性交渉あり） 宇野みれい 
[36mINFO[0m[2026-05-09 17:22:28] Refined JAV title for scene 633: Hime Hayasaka, A Female Student Of Generation Z Who Wanted To Get Buzzed... And Got Her Video Posted In Her Pussy | バズりたくて…おま●こまで動画投稿されちゃったZ世代の女子●生 早坂ひめ 
[36mINFO[0m[2026-05-09 17:22:30] Refined JAV title for scene 316: Moe Amatsuka x S********l Best Uniform 12 Titles 8-Hour Special | 天使もえ×女子●生 ベスト制服12タイトル 8時間スペシャル 
[36mINFO[0m[2026-05-09 17:22:32] Refined JAV title for scene 317: Moe Amatsuka x S********l Best Uniform 12 Titles 8-Hour Special | 天使もえ×女子●生 ベスト制服12タイトル 8時間スペシャル 
[36mINFO[0m[2026-05-09 17:22:34] Refined JAV title for scene 640: Slender G-breasted Sister Squeezes You Again And Again With Her Continuous Lascivious Technique, Infinite Milking Menes Hana Alice | スレンダーG乳お姉さんが連続痴女テクで何度も搾り取ってくれる無限搾精メンエス 花アリス 
[36mINFO[0m[2026-05-09 17:22:36] Refined JAV title for scene 361: Rookie NO.1STYLE Rika Natsuzora AV Debut | 新人NO.1STYLE 夏空りかAVデビュー 
[36mINFO[0m[2026-05-09 17:22:38] Refined JAV title for scene 644: Elegant, Innocent, Adult Erotic Shiori Yorimoto, First Time In Her Life **5 Big Prohibition* ** 1 Big Cock 2 Gokkun 3 Stiff Bondage 4 Male Tide 5 Aphrodisiac 5P Orgy | 気品ある垢抜け大人エロス 依本しおり 人生初尽くしの ※※5大解禁※※ 1デカチン 2ごっくん 3ガチ緊縛 4男潮 5媚薬5P乱交 
[36mINFO[0m[2026-05-09 17:22:56] Refined JAV title for scene 301: Minato-ku Papa Ryo* Rie Miyagi | 港区パパ活女子凌辱 宮城りえ 
[36mINFO[0m[2026-05-09 17:22:58] Refined JAV title for scene 171: Am I A Pervert Who Gets So Excited By Being Molested On The Train That I Pee My Pants Because My Pussy Feels So Good...? Nanami Kodama | 電車でメチャクチャ痴漢され興奮して、おま●こ気持ちよくなってお漏らししちゃう私って… 変態ですか？ 
[36mINFO[0m[2026-05-09 17:23:00] Refined JAV title for scene 428: Widow, Report Of A Sorrowful Pregnancy. Sumire Washimi | 未亡人、哀しみの妊娠報告。 鷲見すみれ 
[36mINFO[0m[2026-05-09 17:23:02] Refined JAV title for scene 647: Uniformed Girl Too Scared To Say "no" Forced To Have Aphrodisiac Oil Massage By Erotic Bodywork Therapist Miyu Kohinata | 怖くてイヤと言えない制服少女がエロ整体師の媚薬オイルマッサージで無理やりメ・ス・イ・キ 小日向みゆう 
[36mINFO[0m[2026-05-09 17:23:06] Refined JAV title for scene 228: Escape From The Magic Mirror! 7: An SP For 18-year-olds Who Don't Know The Difference Between LIKE And LOVE! | マジックミラー号からの脱出!7 LIKEとLOVEの違いが分からない18歳応援SP!制限時間100分でSEXしないと脱出できないマジックミラー号に、絶対にヤってはイケない関係の2人を閉じ込めたら…禁断のSEXをしてしまうのか!? 
[36mINFO[0m[2026-05-09 17:23:10] Refined JAV title for scene 377: She Is Everyone's Illamarionette. 〜She Is Everyone's Fantasy Toy. | 彼女はみんなのイラマリオネット。～絶対服従喉コキ便器～ 天馬ゆい 
[36mINFO[0m[2026-05-09 17:23:14] Refined JAV title for scene 212: Cool And Blunt S*****t Council President After School Tsundere Filthy Fuck Moe Amatsuka | クールで無愛想な生徒会長の放課後ツンデレ不純性行為 天使もえ 
[36mINFO[0m[2026-05-09 17:23:16] Refined JAV title for scene 928: Magic Mirror - Extracurricular Class In Health And Physical Education - A Mature And Rich Sex Show In Front Of The Active Female Students! The First Time To Experience A Sexual Curiosity Of An Adolescent Is Ignited By The Staking Cowgirl Position. 2! | 【大増量5時間35分！8名出演】マジックミラー号 保健体育の課外授業 現役女子○生の目の前でオトナの濃厚SEXを見せつける！思春期の性的好奇心に火を点けて初めての杭打ち騎乗位で中イキ体験2 
[36mINFO[0m[2026-05-09 17:23:18] Refined JAV title for scene 929: Female Manager From The Basketball Club Offer Herself Over To Satisfy The Advisory Teacher Every Day. Hana Shirato | バスケ部の女子マネージャーは毎日、顧問教師の性処理をさせられています。 白桃はな 
[36mINFO[0m[2026-05-09 17:23:20] Refined JAV title for scene 191: Beautiful Y********l In Uniform Rough Sex G*******g Most Popular Girl In School Gets Fucked By All Of Her Male Classmates Hinari Yoshioka | 制服美少女鬼畜輪姦レ●プ 校内のアイドルは男子全員に犯される 吉岡ひより 
[36mINFO[0m[2026-05-09 17:23:22] Refined JAV title for scene 667: Personal Photography] Unexpected Awakening During A Live Sex Session - To Resolve The Awkward Atmosphere, We Reopened The Door And Had Sex With Four Pairs Of Perverted Ladies, Including The Younger Sister Of The J-oriented Group | 【個人撮影】近親昏■生ハメ中にまさかの覚醒 気まずい雰囲気を解消するため開き直って令プしちゃいました J系の妹と変態おにぃ4組 
[36mINFO[0m[2026-05-09 17:23:24] Refined JAV title for scene 401: The Female Manager Of The Soccer Team Services The S*****t Counselor's Sexual Needs. Natsu Tojo | サッカー部の女子マネージャーは毎日、顧問教師の性処理をさせられています。 東條なつ 
[36mINFO[0m[2026-05-09 17:23:26] Refined JAV title for scene 13: Female Student - Tightly Bound, Fixed, Slow-piston Intercourse, Raw Penis Rubbed Jiggly Against Vaginal Depths, Body Climaxing To The Point Of Shaking, Ruthlessly Destroyed By Piston | 女子●生 粘着つきまとい 拘束固定スローピストン性交 生ペニスを膣奥にジワジワ擦りつけられ震えるほど絶頂する身体を無慈悲なピストンで破壊 
[36mINFO[0m[2026-05-09 17:23:40] Refined JAV title for scene 946: Your Parents Went Away On Vacation: Your Lust For Your Childhood Friend Unleashed, Creampie Sex Caught On Camera. Minami Hatsukawa | 両親が旅行でいない二日間、幼馴染に欲望剥き出しでハメまくった中出し記録。 初川みなみ 
[36mINFO[0m[2026-05-09 17:23:42] Refined JAV title for scene 671: Succubus Airlines - The Lewd First Class That Exploits Superior Genes! Is The Destination For Celebrity Passengers Heaven Or Hell? Erika Ozaki, Maron Natsuki, Mizuki Yayoi | サキュバスエアライン 優秀遺伝子を搾精する淫魔ファーストクラス！セレブ客の行先は天国か地獄か？ 尾崎えりか 夏希まろん 弥生みづき 
[36mINFO[0m[2026-05-09 17:23:44] Refined JAV title for scene 194: Big-breasted Female Student On Her Way To School Who Falls Completely Into The Hands Of A Group Of Perverts Riho Shishido | 痴漢集団に完堕ちする通学中の巨乳女子〇生 宍戸里帆 
[36mINFO[0m[2026-05-09 17:23:46] Refined JAV title for scene 672: Amateur Variety Summer Vacation! An Inexperienced J0 Tries Out The Cowgirl Position Bareback Challenge! She Is Supposed To Make Him Cum With Her Unfamiliar Hips, But He Turns The Tables On Her! A Man With A Big Dick Disguised As A Virgin Gives Her A Vertical Thrust That Makes Her Cum In A Huge Amount! In The Middle Of This, The Plan Is Changed To 'a Room You Can Escape From If You Let Him Cum Inside You Three Times In A Row'! | 素人バラエティ 夏休み！ウブなJ〇が挑戦する騎乗位素股チャレンジ！不慣れな腰つきでイカせるハズが、一転！童貞に化けたデカチン男の垂直ガン突きで大量ハメ潮！その最中に‘3連続中出しさせれば脱出できる部屋’に企画変更！ 
[36mINFO[0m[2026-05-09 17:23:50] Refined JAV title for scene 654: Rina Masako, A J-chan Who Can't Hold Back From Having Her Sensitive Nipples Pinched And Kneaded And Who Has Massive Incontinence... And Then Gets Fucked By Her Classmates In The Ring And Has A Hard-on That Makes Her Come In A Big, Incontinent Way! | 敏感な乳首をこねくり回され我慢できず大量失禁…同級生に鬼イラマ輪姦され打上げ失禁イキしてしまうJ系 雅子りな 
[36mINFO[0m[2026-05-09 17:23:52] Refined JAV title for scene 945: "Teacher, Do You Not Like Me?" That Day, I Gave In To My S*****t's Temptation, And Crossed That Forbidden Line ... - I Can Never Tell My Wife About The Forbidden Creampie Sex We Had - Yui Amane | 「先生、ゆいのこと嫌いなの？」あの日、僕は教え子の誘惑に負けて一線を越えてしまった…。～妻には言えない禁断の中出し性交～ 天音ゆい 
[36mINFO[0m[2026-05-09 17:23:54] Refined JAV title for scene 182: Awahime Momogenkyo - Healing Super Beautiful Soap Lady Aya Onamai | 泡姫桃源郷 癒し系超絶美少女ソープ嬢 小那海あや 
[36mINFO[0m[2026-05-09 17:23:56] Refined JAV title for scene 443: When I Couldn't Stand The Sight Of An Overgrown Schoolgirl, I Started To Fuck Her... And She Became More Captivated By My Technique Than Her Boyfriend. Miyu Kohinata | 発育よすぎる女子●生を我慢できずにメチャクチャ痴漢してやったら… 彼氏よりも俺のテクの虜に。 小日向みゆう 
[36mINFO[0m[2026-05-09 17:23:58] Refined JAV title for scene 960: A S********l Is Taught A Lesson in Ecstasy By The Hands Of A M******r While On Her Way To School Starring Ann Tsujimoto | 通学途中に痴漢の手によって絶頂を教え込まれた女子校生 
[36mINFO[0m[2026-05-09 17:24:02] Refined JAV title for scene 397: The Biggest Tits In The Japanese Female Announcer World, Hcup Super Tits X Jcup Beautiful Girl Type Pillow Caster, Big Tits Harem Dedication. Maruzen Rare Nozomi Hazuki | 日本女子アナ界で最も乳がデカい超乳Hcup×Jcup美少女系枕キャスターの、デカパイハーレム献上。 
[36mINFO[0m[2026-05-09 17:24:06] Refined JAV title for scene 658: One Day Trip To A Hot Spring, Where Beautiful Women With Looks, Eroticism, And Spirit In All Directions Are Rented Out Completely, And Their Bottomless Sexual Desires Collide With Each Other To Get Fucked Whenever They Want To Get Fucked. | ルックス、エロ、心意気、全方位美女を完全貸し切り 底無しの性欲をぶつけ合いヤリたい時にヤリまくる日帰り温泉旅行 椎名心春 
[36mINFO[0m[2026-05-09 17:24:08] Refined JAV title for scene 664: After A One-night Stand With A Coworker She Didn't Like, She Had The Best Climax Of Her Life Because Of The Chemistry Of The Dick That Fits Deep Inside Her Vagina... She Had A Lot Of Second Fucks Even Though She Didn't Like It At All... Yotsuba Kominato | 苦手な同僚と飲み会帰り勢いでワンナイトしてしまったら膣奥フィットするチ〇ポの相性が良すぎて人生最高の絶頂感を味わってしまい…全然好きじゃないのにおかわりセックスしまくった 小湊よつ葉 
[36mINFO[0m[2026-05-09 17:24:10] Refined JAV title for scene 665: Statistical Surveys Of Genital Information On Singles Will Become Mandatory As Part Of Measures To Combat The Declining Birthrate. Yuna Ogura, A First-class Penis Surveyor Who Collects Personal Information (length, Thickness, Hardness, And Angle) Of Male Genitalia Through Oral Sex. | 少子化対策の一環として独身者に対する性器情報の統計調査が義務化されます。口淫で男性器の個人情報（長さ・太さ・硬さ・角度）を収集する一級チ〇ポ測量士小倉由菜さん 
[36mINFO[0m[2026-05-09 17:24:12] Refined JAV title for scene 657: NTR In A Shared Room On The Way Back From A Location A Popular And Innocent Announcer Who Was Unable To Return To Tokyo Due To Heavy Snowfall Had A Lot Of Cum Inside Her With A Junior Rookie AD. | ロケ帰り相部屋NTR 大雪で東京に帰れなくなった清楚人気アナウンサーが後輩新人ADと朝まで中出ししまくった一晩 柴崎はる 
[36mINFO[0m[2026-05-09 17:24:14] Refined JAV title for scene 148: A New Part-time Worker Who Recently Came In Is Always Teasing Me. I Can't Stand His Bold Provocative Chirality During Work, And I Have To Put My Hands On Him... I Have To Raise His Hourly Wage! Hagoromo Tenjin | 最近入ってきたバイトの新人がいつも俺をからかってくる。業務中の大胆な挑発チラリズムに耐え切れず、手を出してしまい…時給を上げざるを得ない! 天神羽衣 
[36mINFO[0m[2026-05-09 17:24:16] Refined JAV title for scene 668: Ran HIMENO Ran (Ran HIMENO) Ran HIMENO Ran, A Student Who Is Raped Because Of Her Mother, Impregnates Her And Performs Nakadashi. | 「お母さん・・・この人になにしたの？わたし酷いことされてるよ・・・」母親のせいで犯される●学生孕ませ中出し らん 姫野らん 
[36mINFO[0m[2026-05-09 17:24:20] Refined JAV title for scene 216: Creampied While She's Tied Up And Unable To Scream - Her Freedom Is Taken Away With A Threat: "If Anyone Sees You Like This, Your Life Will Be Over!" - Siren Sex - Kanon Kanade | 声殺し拘束中出しレ×プ 「こんな姿見られたら人生終わりだな」と脅迫して自由を奪いサイレント鬼イカせ 奏音かのん 
[36mINFO[0m[2026-05-09 17:24:22] Refined JAV title for scene 956: A Story About A Gal Who Comes In And Lets You Use Her Pussy! The Live-action Version Of The Unprecedented Blockbuster Hit! Amiri Saito | 入り浸りギャルにま○こ使わせて貰う話　実写版 同人売上15万部突破！FANZA同人ランキング3冠達成！ 空前の大ヒット作品を実写化！ 斎藤あみり 
[36mINFO[0m[2026-05-09 17:24:24] Refined JAV title for scene 255: Husband Who Can't Refuse To Let His Esthetician Squeeze Him Inside Even Though His Wife Is Right Next To Him. | 妻が隣に居るのに…エステティシャンに中出し搾り取られても拒めない夫 
[36mINFO[0m[2026-05-09 17:24:54] Refined JAV title for scene 608: Devoted Incestuous Leprosy I Will Never Let My Brother Become A Sex Offender... I Keep Letting My Brother Leprosy Me, Self-sacrifice Without Telling My Parents, Kasumi Tsukino | 献身相姦レ●プ 弟を性犯罪者には絶対させない…弟に自分をレ●プさせ続ける、親にも内緒の自己犠牲 月野かすみ 
[36mINFO[0m[2026-05-09 17:24:54] Startup sequence: Starting JAV Refine (retry failures)... 
[36mINFO[0m[2026-05-09 17:24:54] jav-refine-cron: 1 scenes need refinement    
[36mINFO[0m[2026-05-09 17:29:54] Triggering automated Cloud Sync Push due to recent metadata changes... 
